/*
SQLyog Enterprise - MySQL GUI v8.18 
MySQL - 5.5.5-10.4.32-MariaDB : Database - norea_psms
*********************************************************************
*/

/*!40101 SET NAMES utf8 */;

/*!40101 SET SQL_MODE=''*/;

/*!40014 SET @OLD_UNIQUE_CHECKS=@@UNIQUE_CHECKS, UNIQUE_CHECKS=0 */;
/*!40014 SET @OLD_FOREIGN_KEY_CHECKS=@@FOREIGN_KEY_CHECKS, FOREIGN_KEY_CHECKS=0 */;
/*!40101 SET @OLD_SQL_MODE=@@SQL_MODE, SQL_MODE='NO_AUTO_VALUE_ON_ZERO' */;
/*!40111 SET @OLD_SQL_NOTES=@@SQL_NOTES, SQL_NOTES=0 */;
CREATE DATABASE /*!32312 IF NOT EXISTS*/`norea_psms` /*!40100 DEFAULT CHARACTER SET utf8mb4 COLLATE utf8mb4_general_ci */;

USE `norea_psms`;

/*Table structure for table `classroom_subject_monthly_score` */

DROP TABLE IF EXISTS `classroom_subject_monthly_score`;

CREATE TABLE `classroom_subject_monthly_score` (
  `classroom_subject_monthly_score_id` int(10) unsigned NOT NULL AUTO_INCREMENT,
  `class_id` int(10) unsigned NOT NULL,
  `assign_subject_grade_id` int(10) unsigned NOT NULL,
  `monthly_id` int(10) unsigned NOT NULL,
  `create_date` timestamp NOT NULL DEFAULT current_timestamp(),
  `isDeleted` int(2) DEFAULT 0,
  PRIMARY KEY (`classroom_subject_monthly_score_id`),
  KEY `class_id` (`class_id`),
  KEY `assign_subject_grade_id` (`assign_subject_grade_id`),
  KEY `monthly_id` (`monthly_id`),
  CONSTRAINT `fk_classroom_subject_monthly_class` FOREIGN KEY (`class_id`) REFERENCES `tbl_classroom` (`class_id`) ON DELETE CASCADE,
  CONSTRAINT `fk_classroom_subject_monthly_monthly` FOREIGN KEY (`monthly_id`) REFERENCES `tbl_monthly` (`monthly_id`) ON DELETE CASCADE,
  CONSTRAINT `fk_classroom_subject_monthly_subject` FOREIGN KEY (`assign_subject_grade_id`) REFERENCES `tbl_assign_subject_grade` (`assign_subject_grade_id`) ON DELETE CASCADE
) ENGINE=InnoDB AUTO_INCREMENT=212 DEFAULT CHARSET=utf8mb4 COLLATE=utf8mb4_general_ci;

/*Data for the table `classroom_subject_monthly_score` */

insert  into `classroom_subject_monthly_score`(`classroom_subject_monthly_score_id`,`class_id`,`assign_subject_grade_id`,`monthly_id`,`create_date`,`isDeleted`) values (185,10,192,1,'2025-05-08 16:35:28',0),(186,10,201,1,'2025-05-08 16:35:28',0),(187,10,203,1,'2025-05-08 16:35:28',0),(188,10,204,1,'2025-05-08 16:35:28',0),(189,10,191,1,'2025-05-08 16:35:28',0),(190,10,196,1,'2025-05-08 16:35:28',0),(191,10,202,1,'2025-05-08 16:35:28',0),(192,10,200,1,'2025-05-08 16:35:28',0),(193,10,198,1,'2025-05-08 16:35:28',0),(194,10,197,1,'2025-05-08 16:35:28',0),(195,10,199,1,'2025-05-08 16:35:28',0),(196,10,205,1,'2025-05-08 16:35:28',0),(197,10,194,1,'2025-05-08 16:35:28',0),(198,10,195,1,'2025-05-08 16:35:28',0),(199,10,192,2,'2025-05-08 16:51:14',0),(200,10,201,2,'2025-05-08 16:51:14',0),(201,10,203,2,'2025-05-08 16:51:14',0),(202,10,204,2,'2025-05-08 16:51:14',0),(203,10,191,2,'2025-05-08 16:51:14',0),(204,10,202,2,'2025-05-08 16:51:14',0),(205,10,200,2,'2025-05-08 16:51:14',0),(206,10,198,2,'2025-05-08 16:51:14',0),(207,10,197,2,'2025-05-08 16:51:14',0),(208,10,199,2,'2025-05-08 16:51:14',0),(209,10,205,2,'2025-05-08 16:51:14',0),(210,10,194,2,'2025-05-08 16:51:14',0),(211,10,195,2,'2025-05-08 16:51:14',0);

/*Table structure for table `tbl_activity_log` */

DROP TABLE IF EXISTS `tbl_activity_log`;

CREATE TABLE `tbl_activity_log` (
  `activity_id` int(10) unsigned NOT NULL AUTO_INCREMENT,
  `type` varchar(50) NOT NULL COMMENT 'Type of activity (login, score_entry, etc.)',
  `description` text NOT NULL COMMENT 'Description of the activity',
  `user_id` int(10) unsigned NOT NULL COMMENT 'User who performed the activity',
  `category` varchar(50) NOT NULL COMMENT 'Category of activity (auth, student, class, etc.)',
  `details` longtext CHARACTER SET utf8mb4 COLLATE utf8mb4_bin DEFAULT NULL COMMENT 'Additional details in JSON format' CHECK (json_valid(`details`)),
  `created_at` timestamp NOT NULL DEFAULT current_timestamp(),
  `isDeleted` int(2) DEFAULT 0,
  PRIMARY KEY (`activity_id`),
  KEY `idx_user_id` (`user_id`),
  KEY `idx_type` (`type`),
  KEY `idx_category` (`category`),
  KEY `idx_created_at` (`created_at`),
  CONSTRAINT `fk_activity_user` FOREIGN KEY (`user_id`) REFERENCES `tbl_user` (`user_id`) ON DELETE CASCADE
) ENGINE=InnoDB AUTO_INCREMENT=6 DEFAULT CHARSET=utf8mb4 COLLATE=utf8mb4_general_ci;

/*Data for the table `tbl_activity_log` */

insert  into `tbl_activity_log`(`activity_id`,`type`,`description`,`user_id`,`category`,`details`,`created_at`,`isDeleted`) values (1,'login','User logged in successfully',1,'authentication','{\"ip\": \"127.0.0.1\", \"browser\": \"Chrome\"}','2025-04-17 20:57:20',0),(2,'student_register','New student registered',1,'student_management','{\"student_id\": 1001, \"student_name\": \"សុខ សុវណ្ណា\"}','2025-04-17 20:57:20',0),(3,'score_entry','Monthly scores entered',1,'score_management','{\"class_id\": 1, \"monthly_id\": 1, \"subject_count\": 3}','2025-04-17 20:57:20',0),(4,'class_create','New class created',1,'class_management','{\"class_id\": 1, \"class_name\": \"១ក\", \"grade_id\": 1}','2025-04-17 20:57:20',0),(5,'report_generate','Monthly report generated',1,'report_management','{\"report_type\": \"monthly\", \"class_id\": 1, \"monthly_id\": 1}','2025-04-17 20:57:20',0);

/*Table structure for table `tbl_assign_subject_grade` */

DROP TABLE IF EXISTS `tbl_assign_subject_grade`;

CREATE TABLE `tbl_assign_subject_grade` (
  `assign_subject_grade_id` int(10) unsigned NOT NULL AUTO_INCREMENT,
  `grade_id` int(11) NOT NULL,
  `subject_code` int(10) unsigned NOT NULL,
  `create_date` timestamp NOT NULL DEFAULT current_timestamp(),
  `isDeleted` int(2) DEFAULT 0,
  PRIMARY KEY (`assign_subject_grade_id`),
  KEY `fk_assign_subject_grade_grade` (`grade_id`),
  KEY `fk_assign_subject_grade_subject` (`subject_code`),
  CONSTRAINT `fk_assign_subject_grade_grade` FOREIGN KEY (`grade_id`) REFERENCES `tbl_grade` (`grade_id`),
  CONSTRAINT `fk_assign_subject_grade_subject` FOREIGN KEY (`subject_code`) REFERENCES `tbl_subject` (`subject_code`)
) ENGINE=InnoDB AUTO_INCREMENT=210 DEFAULT CHARSET=utf8mb4 COLLATE=utf8mb4_general_ci;

/*Data for the table `tbl_assign_subject_grade` */

insert  into `tbl_assign_subject_grade`(`assign_subject_grade_id`,`grade_id`,`subject_code`,`create_date`,`isDeleted`) values (138,2,1,'2025-04-30 01:01:25',0),(139,2,2,'2025-04-30 01:01:25',0),(140,2,3,'2025-04-30 01:01:25',0),(141,2,4,'2025-04-30 01:01:25',0),(142,2,5,'2025-04-30 01:01:25',0),(143,2,6,'2025-04-30 01:01:25',0),(144,2,7,'2025-04-30 01:01:25',0),(145,2,8,'2025-04-30 01:01:25',0),(146,2,9,'2025-04-30 01:01:25',0),(147,2,10,'2025-04-30 01:01:25',0),(148,2,11,'2025-04-30 01:01:25',0),(149,2,12,'2025-04-30 01:01:25',0),(150,2,13,'2025-04-30 01:01:25',0),(151,2,15,'2025-04-30 01:01:25',0),(152,2,14,'2025-04-30 01:01:25',0),(153,2,16,'2025-04-30 01:01:25',0),(154,2,17,'2025-04-30 01:01:25',0),(155,2,18,'2025-04-30 01:01:25',0),(156,2,19,'2025-04-30 01:01:25',0),(157,2,20,'2025-04-30 01:01:25',0),(158,2,21,'2025-04-30 01:01:25',0),(159,2,22,'2025-04-30 01:01:25',0),(160,2,23,'2025-04-30 01:01:25',0),(161,2,24,'2025-04-30 01:01:25',0),(162,2,25,'2025-04-30 01:01:25',0),(163,2,26,'2025-04-30 01:01:25',0),(164,4,1,'2025-05-01 09:49:58',0),(165,4,2,'2025-05-01 09:49:58',0),(166,4,3,'2025-05-01 09:49:58',0),(167,4,4,'2025-05-01 09:49:58',0),(168,4,5,'2025-05-01 09:49:58',0),(169,4,6,'2025-05-01 09:49:58',0),(170,4,7,'2025-05-01 09:49:58',0),(171,4,8,'2025-05-01 09:49:58',0),(172,4,9,'2025-05-01 09:49:58',0),(173,4,10,'2025-05-01 09:49:58',0),(174,4,11,'2025-05-01 09:49:58',0),(175,4,12,'2025-05-01 09:49:58',0),(176,4,13,'2025-05-01 09:49:58',0),(177,4,14,'2025-05-01 09:49:58',0),(178,4,15,'2025-05-01 09:49:58',0),(179,4,16,'2025-05-01 09:49:58',0),(180,4,17,'2025-05-01 09:49:58',0),(181,4,18,'2025-05-01 09:49:58',0),(182,4,19,'2025-05-01 09:49:58',0),(183,4,20,'2025-05-01 09:49:58',0),(184,4,21,'2025-05-01 09:49:58',0),(185,4,22,'2025-05-01 09:49:58',0),(186,4,23,'2025-05-01 09:49:58',0),(187,4,24,'2025-05-01 09:49:58',0),(188,4,25,'2025-05-01 09:49:58',0),(189,4,26,'2025-05-01 09:49:58',0),(190,1,3,'2025-05-01 13:30:05',0),(191,1,2,'2025-05-01 13:30:05',0),(192,1,1,'2025-05-01 13:30:05',0),(193,1,4,'2025-05-01 13:30:05',0),(194,1,5,'2025-05-01 13:30:05',0),(195,1,6,'2025-05-01 13:30:05',0),(196,1,7,'2025-05-01 13:30:05',0),(197,1,8,'2025-05-01 13:30:05',0),(198,1,9,'2025-05-01 13:30:05',0),(199,1,10,'2025-05-01 13:30:05',0),(200,1,11,'2025-05-01 13:30:05',0),(201,1,12,'2025-05-01 13:30:05',0),(202,1,13,'2025-05-01 13:30:05',0),(203,1,14,'2025-05-01 13:30:05',0),(204,1,15,'2025-05-01 13:30:05',0),(205,1,16,'2025-05-01 13:30:05',0),(206,1,17,'2025-05-01 13:30:05',0),(207,1,18,'2025-05-01 13:30:05',0),(208,1,19,'2025-05-01 13:30:05',0),(209,1,20,'2025-05-01 13:30:05',0);

/*Table structure for table `tbl_classroom` */

DROP TABLE IF EXISTS `tbl_classroom`;

CREATE TABLE `tbl_classroom` (
  `class_id` int(10) unsigned NOT NULL AUTO_INCREMENT,
  `class_name` varchar(255) NOT NULL,
  `grade_id` int(11) NOT NULL,
  `session_id` int(11) DEFAULT NULL,
  `teacher_id` int(10) unsigned DEFAULT NULL,
  `create_date` timestamp NOT NULL DEFAULT current_timestamp(),
  `isDeleted` int(2) DEFAULT 0,
  `status` varchar(255) DEFAULT 'active',
  `num_students_in_class` int(11) NOT NULL DEFAULT 45 COMMENT 'Maximum number of students allowed in this class',
  PRIMARY KEY (`class_id`,`class_name`),
  KEY `fk_classroom_session` (`session_id`),
  KEY `fk_classroom_grade` (`grade_id`),
  KEY `fk_classroom_teacher` (`teacher_id`),
  CONSTRAINT `fk_classroom_grade` FOREIGN KEY (`grade_id`) REFERENCES `tbl_grade` (`grade_id`),
  CONSTRAINT `fk_classroom_session` FOREIGN KEY (`session_id`) REFERENCES `tbl_school_session` (`session_id`) ON DELETE CASCADE,
  CONSTRAINT `fk_classroom_teacher` FOREIGN KEY (`teacher_id`) REFERENCES `tbl_user` (`user_id`)
) ENGINE=InnoDB AUTO_INCREMENT=19 DEFAULT CHARSET=utf8mb4 COLLATE=utf8mb4_general_ci;

/*Data for the table `tbl_classroom` */

insert  into `tbl_classroom`(`class_id`,`class_name`,`grade_id`,`session_id`,`teacher_id`,`create_date`,`isDeleted`,`status`,`num_students_in_class`) values (10,'១ក',1,1,6,'2025-04-05 17:18:45',0,'active',45),(11,'២ក',2,1,NULL,'2025-04-05 17:24:22',0,'active',45),(12,'១ខ',1,1,3,'2025-04-12 08:26:25',0,'active',45),(13,'១គ',1,1,5,'2025-04-19 08:42:27',0,'active',45),(14,'៤ក',4,1,4,'2025-05-01 09:47:46',0,'active',45),(15,'៤ខ',4,1,7,'2025-05-01 20:41:12',0,'active',9),(16,'៥ក',5,1,NULL,'2025-05-06 15:31:52',0,'active',11),(17,'៥ខ',5,1,8,'2025-05-06 15:38:08',0,'active',9),(18,'៥គ',5,1,NULL,'2025-05-06 15:39:30',0,'active',9);

/*Table structure for table `tbl_grade` */

DROP TABLE IF EXISTS `tbl_grade`;

CREATE TABLE `tbl_grade` (
  `grade_id` int(11) NOT NULL,
  `grade_name` varchar(255) NOT NULL,
  `level` int(50) DEFAULT NULL,
  `create_date` timestamp NOT NULL DEFAULT current_timestamp(),
  `isDeleted` int(2) DEFAULT 0,
  PRIMARY KEY (`grade_id`)
) ENGINE=InnoDB DEFAULT CHARSET=utf8mb4 COLLATE=utf8mb4_general_ci;

/*Data for the table `tbl_grade` */

insert  into `tbl_grade`(`grade_id`,`grade_name`,`level`,`create_date`,`isDeleted`) values (1,'ថ្នាក់ទី ១',1,'2025-02-02 09:52:57',0),(2,'ថ្នាក់ទី ២',2,'2025-02-02 09:52:57',0),(3,'ថ្នាក់ទី ៣',3,'2025-02-02 09:52:57',0),(4,'ថ្នាក់ទី ៤',4,'2025-02-02 09:52:57',0),(5,'ថ្នាក់ទី ៥',5,'2025-02-02 09:52:57',0),(6,'ថ្នាក់ទី ៦',6,'2025-02-02 09:52:57',0);

/*Table structure for table `tbl_monthly` */

DROP TABLE IF EXISTS `tbl_monthly`;

CREATE TABLE `tbl_monthly` (
  `monthly_id` int(10) unsigned NOT NULL AUTO_INCREMENT,
  `month_name` varchar(255) NOT NULL,
  `create_date` timestamp NOT NULL DEFAULT current_timestamp(),
  `isDeleted` int(2) DEFAULT 0,
  PRIMARY KEY (`monthly_id`)
) ENGINE=InnoDB AUTO_INCREMENT=14 DEFAULT CHARSET=utf8mb4 COLLATE=utf8mb4_general_ci;

/*Data for the table `tbl_monthly` */

insert  into `tbl_monthly`(`monthly_id`,`month_name`,`create_date`,`isDeleted`) values (1,'មករា','2025-02-02 09:52:34',0),(2,'កុម្ភះ','2025-02-02 09:52:34',0),(3,'មិនា','2025-02-02 09:52:34',0),(4,'មេសា','2025-02-02 09:52:34',0),(5,'ឧសភា','2025-02-02 09:52:34',0),(6,'មិថុនា','2025-02-02 09:52:34',0),(7,'កក្កដា','2025-02-02 09:52:34',0),(8,'សីហា','2025-02-02 09:52:34',0),(9,'កញ្ញា','2025-02-02 09:52:34',0),(10,'តុលា','2025-02-02 09:52:34',0),(11,'វិច្ឆិកា','2025-02-02 09:52:34',0),(12,'ធ្នូ','2025-02-02 09:52:34',0);

/*Table structure for table `tbl_school_session` */

DROP TABLE IF EXISTS `tbl_school_session`;

CREATE TABLE `tbl_school_session` (
  `session_id` int(11) NOT NULL AUTO_INCREMENT,
  `session_name` varchar(50) NOT NULL,
  `isDeleted` int(2) DEFAULT 0,
  `create_date` timestamp NOT NULL DEFAULT current_timestamp(),
  PRIMARY KEY (`session_id`)
) ENGINE=InnoDB AUTO_INCREMENT=3 DEFAULT CHARSET=utf8mb4 COLLATE=utf8mb4_general_ci;

/*Data for the table `tbl_school_session` */

insert  into `tbl_school_session`(`session_id`,`session_name`,`isDeleted`,`create_date`) values (1,'វេនព្រឹក',0,'2025-02-08 16:29:07'),(2,'វេនរសៀល',0,'2025-02-08 16:29:13');

/*Table structure for table `tbl_semester` */

DROP TABLE IF EXISTS `tbl_semester`;

CREATE TABLE `tbl_semester` (
  `semester_id` int(10) unsigned NOT NULL AUTO_INCREMENT,
  `semester_name` varchar(255) NOT NULL,
  `create_date` timestamp NOT NULL DEFAULT current_timestamp(),
  `isDeleted` int(2) DEFAULT 0,
  PRIMARY KEY (`semester_id`),
  UNIQUE KEY `semester_name` (`semester_name`)
) ENGINE=InnoDB AUTO_INCREMENT=4 DEFAULT CHARSET=utf8mb4 COLLATE=utf8mb4_general_ci;

/*Data for the table `tbl_semester` */

insert  into `tbl_semester`(`semester_id`,`semester_name`,`create_date`,`isDeleted`) values (1,'ឆមាសទី១','2025-02-02 09:51:24',0),(2,'ឆមាសទី២','2025-02-02 09:51:24',0);

/*Table structure for table `tbl_semester_exam_subjects` */

DROP TABLE IF EXISTS `tbl_semester_exam_subjects`;

CREATE TABLE `tbl_semester_exam_subjects` (
  `id` int(11) NOT NULL AUTO_INCREMENT,
  `class_id` int(10) unsigned NOT NULL,
  `semester_id` int(10) unsigned NOT NULL,
  `assign_subject_grade_id` int(10) unsigned NOT NULL,
  `monthly_ids` varchar(255) DEFAULT NULL,
  `create_date` timestamp NOT NULL DEFAULT current_timestamp(),
  `isDeleted` int(2) DEFAULT 0,
  PRIMARY KEY (`id`),
  KEY `class_id` (`class_id`),
  KEY `semester_id` (`semester_id`),
  KEY `assign_subject_grade_id` (`assign_subject_grade_id`),
  CONSTRAINT `tbl_semester_exam_subjects_ibfk_1` FOREIGN KEY (`class_id`) REFERENCES `tbl_classroom` (`class_id`),
  CONSTRAINT `tbl_semester_exam_subjects_ibfk_2` FOREIGN KEY (`semester_id`) REFERENCES `tbl_semester` (`semester_id`),
  CONSTRAINT `tbl_semester_exam_subjects_ibfk_3` FOREIGN KEY (`assign_subject_grade_id`) REFERENCES `tbl_assign_subject_grade` (`assign_subject_grade_id`)
) ENGINE=InnoDB AUTO_INCREMENT=87 DEFAULT CHARSET=utf8mb4 COLLATE=utf8mb4_general_ci;

/*Data for the table `tbl_semester_exam_subjects` */

/*Table structure for table `tbl_student_info` */

DROP TABLE IF EXISTS `tbl_student_info`;

CREATE TABLE `tbl_student_info` (
  `student_id` int(10) unsigned NOT NULL,
  `student_name` varchar(255) NOT NULL,
  `gender` varchar(255) NOT NULL,
  `dob` date NOT NULL,
  `pob_address` varchar(255) DEFAULT NULL,
  `current_address` varchar(255) DEFAULT NULL,
  `father_name` varchar(255) DEFAULT NULL,
  `father_job` varchar(255) DEFAULT NULL,
  `father_phone` varchar(255) DEFAULT NULL,
  `mother_name` varchar(255) DEFAULT NULL,
  `mother_job` varchar(255) DEFAULT NULL,
  `mother_phone` varchar(255) DEFAULT NULL,
  `family_status` varchar(255) DEFAULT NULL,
  `status` varchar(255) DEFAULT NULL,
  `isDeleted` int(2) DEFAULT 0,
  PRIMARY KEY (`student_id`)
) ENGINE=InnoDB DEFAULT CHARSET=utf8mb4 COLLATE=utf8mb4_general_ci;

/*Data for the table `tbl_student_info` */

insert  into `tbl_student_info`(`student_id`,`student_name`,`gender`,`dob`,`pob_address`,`current_address`,`father_name`,`father_job`,`father_phone`,`mother_name`,`mother_job`,`mother_phone`,`family_status`,`status`,`isDeleted`) values (1001,'សុខ វិសាល','male','2016-05-15','ភូមិរំចេក សង្កាត់រតនៈ ក្រុងបាត់ដំបង','ភូមិរំចេក សង្កាត់រតនៈ ក្រុងបាត់ដំបង','សុខ សុភា','កសិករ','០៩៧៨៨៨៧៧៧','យិន សុគន្ធា','មេផ្ទះ','០៩៧៨៨៨៧៧៦','level1','active',0),(1002,'ម៉ៅ សុគន្ធា','female','2016-06-20','ភូមិស្វាយប៉ោ សង្កាត់ស្វាយប៉ោ ក្រុងបាត់ដំបង','ភូមិស្វាយប៉ោ សង្កាត់ស្វាយប៉ោ ក្រុងបាត់ដំបង','ម៉ៅ វិបុល','អ្នកលក់ដូរ','០៩៧៨៨៨៧៧៨','សែម សុជាតា','អ្នកលក់ដូរ','០៩៧៨៨៨៧៧៩','level2','active',0),(1003,'គង់ រតនា','male','2016-07-10','ភូមិព្រែកព្រះស្តេច សង្កាត់ព្រែកព្រះស្តេច ក្រុងបាត់ដំបង','ភូមិព្រែកព្រះស្តេច សង្កាត់ព្រែកព្រះស្តេច ក្រុងបាត់ដំបង','គង់ សំណាង','គ្រូបង្រៀន','០៩៧៨៨៨៧៨០','ស៊ុន សុភាព','គ្រូបង្រៀន','០៩៧៨៨៨៧៨១','level1','active',0),(1004,'លី សុវណ្ណារិទ្ធ','female','2016-07-15','ភូមិទួលតាឯក សង្កាត់ទួលតាឯក ក្រុងបាត់ដំបង','ភូមិទួលតាឯក សង្កាត់ទួលតាឯក ក្រុងបាត់ដំបង','លី សុវណ្ណ','អ្នកជំនួញ','០៩៧៨៨៨៧៨២','ជា សុខា','អ្នកជំនួញ','០៩៧៨៨៨៧៨៣','level2','active',0),(1005,'ហេង វិរៈ','male','2016-08-01','ភូមិឧត្តម សង្កាត់ឧត្តម ក្រុងបាត់ដំបង','ភូមិឧត្តម សង្កាត់ឧត្តម ក្រុងបាត់ដំបង','ហេង វិចិត្រ','កសិករ','០៩៧៨៨៨៧៨៤','គង់ សុខនី','កសិករ','០៩៧៨៨៨៧៨៥','level1','active',0),(1006,'ណុប សុភ័ក្រ','female','2016-08-15','ភូមិចំការសំរោង សង្កាត់ចំការសំរោង ក្រុងបាត់ដំបង','ភូមិចំការសំរោង សង្កាត់ចំការសំរោង ក្រុងបាត់ដំបង','ណុប វាសនា','គ្រូបង្រៀន','០៩៧៨៨៨៧៨៦','លឹម សុខា','គ្រូបង្រៀន','០៩៧៨៨៨៧៨៧','level2','active',0),(1007,'ឡុង វិសិដ្ឋ','male','2016-09-01','ភូមិកំពង់ក្រឡាញ់ សង្កាត់កំពង់ក្រឡាញ់ ក្រុងបាត់ដំបង','ភូមិកំពង់ក្រឡាញ់ សង្កាត់កំពង់ក្រឡាញ់ ក្រុងបាត់ដំបង','ឡុង សំអាត','អ្នកជំនួញ','០៩៧៨៨៨៧៨៨','សុខ សុភា','អ្នកជំនួញ','០៩៧៨៨៨៧៨៩','level1','active',0),(1008,'គឹម សុវណ្ណារ៉ា','female','2016-09-15','ភូមិស្លាកែត សង្កាត់ស្លាកែត ក្រុងបាត់ដំបង','ភូមិស្លាកែត សង្កាត់ស្លាកែត ក្រុងបាត់ដំបង','គឹម វិសាល','កសិករ','០៩៧៨៨៨៧៩០','ម៉ម សុគន្ធា','កសិករ','០៩៧៨៨៨៧៩១','level2','active',0),(1009,'ជា វិរៈបុត្រ','male','2016-10-01','ភូមិវត្តគរ សង្កាត់វត្តគរ ក្រុងបាត់ដំបង','ភូមិវត្តគរ សង្កាត់វត្តគរ ក្រុងបាត់ដំបង','ជា សំណាង','គ្រូបង្រៀន','០៩៧៨៨៨៧៩២','លី សុជាតា','គ្រូបង្រៀន','០៩៧៨៨៨៧៩៣','level1','active',0),(1010,'ស៊ាន សុវណ្ណារិទ្ធ','female','2016-10-15','ភូមិអូរចារ សង្កាត់អូរចារ ក្រុងបាត់ដំបង','ភូមិអូរចារ សង្កាត់អូរចារ ក្រុងបាត់ដំបង','ស៊ាន វិបុល','អ្នកជំនួញ','០៩៧៨៨៨៧៩៤','ហុង សុខា','អ្នកជំនួញ','០៩៧៨៨៨៧៩៥','level2','active',0),(1011,'ហុង វិរៈធី','male','2016-11-01','ភូមិព្រែកព្រះស្តេច សង្កាត់ព្រែកព្រះស្តេច ក្រុងបាត់ដំបង','ភូមិព្រែកព្រះស្តេច សង្កាត់ព្រែកព្រះស្តេច ក្រុងបាត់ដំបង','ហុង សំណាង','កសិករ','០៩៧៨៨៨៧៩៦','គឹម សុភា','កសិករ','០៩៧៨៨៨៧៩៧','level1','active',0),(1012,'គឹម សុគន្ធា','female','2016-11-15','ភូមិរំចេក សង្កាត់រតនៈ ក្រុងបាត់ដំបង','ភូមិរំចេក សង្កាត់រតនៈ ក្រុងបាត់ដំបង','គឹម វិបុល','អ្នកជំនួញ','០៩៧៨៨៨៧៩៨','ហេង សុជាតា','អ្នកជំនួញ','០៩៧៨៨៨៧៩៩','level2','active',0),(1013,'ឡុង វិរៈបុត្រ','male','2016-12-01','ភូមិស្វាយប៉ោ សង្កាត់ស្វាយប៉ោ ក្រុងបាត់ដំបង','ភូមិស្វាយប៉ោ សង្កាត់ស្វាយប៉ោ ក្រុងបាត់ដំបង','ឡុង សំណាង','គ្រូបង្រៀន','០៩៧៨៨៨៨០០','ស៊ាន សុភាព','គ្រូបង្រៀន','០៩៧៨៨៨៨០១','level1','active',0),(1014,'ស៊ុន សុវណ្ណារិទ្ធ','female','2016-12-15','ភូមិទួលតាឯក សង្កាត់ទួលតាឯក ក្រុងបាត់ដំបង','ភូមិទួលតាឯក សង្កាត់ទួលតាឯក ក្រុងបាត់ដំបង','ស៊ុន វិបុល','កសិករ','០៩៧៨៨៨៨០២','ឡុង សុខា','កសិករ','០៩៧៨៨៨៨០៣','level2','active',0),(1015,'គង់ វិរៈធី','male','2017-01-01','ភូមិឧត្តម សង្កាត់ឧត្តម ក្រុងបាត់ដំបង','ភូមិឧត្តម សង្កាត់ឧត្តម ក្រុងបាត់ដំបង','គង់ សំណាង','អ្នកជំនួញ','០៩៧៨៨៨៨០៤','គឹម សុគន្ធា','អ្នកជំនួញ','០៩៧៨៨៨៨០៥','level1','active',0),(1016,'ហេង សុគន្ធា','female','2017-01-15','ភូមិចំការសំរោង សង្កាត់ចំការសំរោង ក្រុងបាត់ដំបង','ភូមិចំការសំរោង សង្កាត់ចំការសំរោង ក្រុងបាត់ដំបង','ហេង វិបុល','គ្រូបង្រៀន','០៩៧៨៨៨៨០៦','ឡុង សុជាតា','គ្រូបង្រៀន','០៩៧៨៨៨៨០៧','level2','active',0),(1017,'ណុប វិរៈបុត្រ','male','2017-02-01','ភូមិកំពង់ក្រឡាញ់ សង្កាត់កំពង់ក្រឡាញ់ ក្រុងបាត់ដំបង','ភូមិកំពង់ក្រឡាញ់ សង្កាត់កំពង់ក្រឡាញ់ ក្រុងបាត់ដំបង','ណុប សំណាង','កសិករ','០៩៧៨៨៨៨០៨','ស៊ុន សុភា','កសិករ','០៩៧៨៨៨៨០៩','level1','active',0),(1018,'លឹម សុវណ្ណារិទ្ធ','female','2017-02-15','ភូមិស្លាកែត សង្កាត់ស្លាកែត ក្រុងបាត់ដំបង','ភូមិស្លាកែត សង្កាត់ស្លាកែត ក្រុងបាត់ដំបង','លឹម វិបុល','អ្នកជំនួញ','០៩៧៨៨៨៨១០','គង់ សុខា','អ្នកជំនួញ','០៩៧៨៨៨៨១១','level2','active',0),(1019,'សុខ វិរៈធី','male','2017-03-01','ភូមិវត្តគរ សង្កាត់វត្តគរ ក្រុងបាត់ដំបង','ភូមិវត្តគរ សង្កាត់វត្តគរ ក្រុងបាត់ដំបង','សុខ សំណាង','គ្រូបង្រៀន','០៩៧៨៨៨៨១២','ហេង សុភាព','គ្រូបង្រៀន','០៩៧៨៨៨៨១៣','level1','active',0),(1020,'ម៉ៅ សុគន្ធា','female','2017-03-15','ភូមិអូរចារ សង្កាត់អូរចារ ក្រុងបាត់ដំបង','ភូមិអូរចារ សង្កាត់អូរចារ ក្រុងបាត់ដំបង','ម៉ៅ វិបុល','កសិករ','០៩៧៨៨៨៨១៤','ណុប សុខា','កសិករ','០៩៧៨៨៨៨១៥','level2','active',0),(1021,'ជា រតនា','male','2017-04-01','ភូមិរំចេក សង្កាត់រតនៈ ក្រុងបាត់ដំបង','ភូមិរំចេក សង្កាត់រតនៈ ក្រុងបាត់ដំបង','ជា សុវណ្ណ','អ្នកលក់ដូរ','០៩៧៨៨៨៨១៦','លឹម សុគន្ធា','អ្នកលក់ដូរ','០៩៧៨៨៨៨១៧','level1','active',0),(1022,'យិន សុវណ្ណារិទ្ធ','female','2017-04-15','ភូមិស្វាយប៉ោ សង្កាត់ស្វាយប៉ោ ក្រុងបាត់ដំបង','ភូមិស្វាយប៉ោ សង្កាត់ស្វាយប៉ោ ក្រុងបាត់ដំបង','យិន វិបុល','គ្រូបង្រៀន','០៩៧៨៨៨៨១៨','សុខ សុជាតា','គ្រូបង្រៀន','០៩៧៨៨៨៨១៩','level2','active',0),(1023,'សែម វិរៈធី','male','2017-05-01','ភូមិព្រែកព្រះស្តេច សង្កាត់ព្រែកព្រះស្តេច ក្រុងបាត់ដំបង','ភូមិព្រែកព្រះស្តេច សង្កាត់ព្រែកព្រះស្តេច ក្រុងបាត់ដំបង','សែម សំណាង','កសិករ','០៩៧៨៨៨៨២០','ម៉ៅ សុភាព','កសិករ','០៩៧៨៨៨៨២១','level1','active',0),(1024,'ស៊ុន សុគន្ធា','female','2017-05-15','ភូមិទួលតាឯក សង្កាត់ទួលតាឯក ក្រុងបាត់ដំបង','ភូមិទួលតាឯក សង្កាត់ទួលតាឯក ក្រុងបាត់ដំបង','ស៊ុន វិចិត្រ','អ្នកជំនួញ','០៩៧៨៨៨៨២២','ស៊ាន សុខា','អ្នកជំនួញ','០៩៧៨៨៨៨២៣','level2','active',0),(1025,'ជា វិសិដ្ឋ','male','2017-06-01','ភូមិឧត្តម សង្កាត់ឧត្តម ក្រុងបាត់ដំបង','ភូមិឧត្តម សង្កាត់ឧត្តម ក្រុងបាត់ដំបង','ជា វាសនា','គ្រូបង្រៀន','០៩៧៨៨៨៨២៤','គង់ សុភា','គ្រូបង្រៀន','០៩៧៨៨៨៨២៥','level1','active',0),(1026,'លី សុភ័ក្រ','female','2017-06-15','ភូមិចំការសំរោង សង្កាត់ចំការសំរោង ក្រុងបាត់ដំបង','ភូមិចំការសំរោង សង្កាត់ចំការសំរោង ក្រុងបាត់ដំបង','លី សំអាត','កសិករ','០៩៧៨៨៨៨២៦','ណុប សុជាតា','កសិករ','០៩៧៨៨៨៨២៧','level2','active',0),(1027,'គង់ សុភ័ក្រ','male','2017-07-01','ភូមិកំពង់ក្រឡាញ់ សង្កាត់កំពង់ក្រឡាញ់ ក្រុងបាត់ដំបង','ភូមិកំពង់ក្រឡាញ់ សង្កាត់កំពង់ក្រឡាញ់ ក្រុងបាត់ដំបង','គង់ វិសាល','អ្នកជំនួញ','០៩៧៨៨៨៨២៨','លឹម សុភា','អ្នកជំនួញ','០៩៧៨៨៨៨២៩','level1','active',0),(1028,'ហេង សុវណ្ណារ៉ា','female','2017-07-15','ភូមិស្លាកែត សង្កាត់ស្លាកែត ក្រុងបាត់ដំបង','ភូមិស្លាកែត សង្កាត់ស្លាកែត ក្រុងបាត់ដំបង','ហេង សំណាង','គ្រូបង្រៀន','០៩៧៨៨៨៨៣០','ជា សុគន្ធា','គ្រូបង្រៀន','០៩៧៨៨៨៨៣១','level2','active',0),(1029,'គឹម វិរៈបុត្រ','male','2017-08-01','ភូមិវត្តគរ សង្កាត់វត្តគរ ក្រុងបាត់ដំបង','ភូមិវត្តគរ សង្កាត់វត្តគរ ក្រុងបាត់ដំបង','គឹម សំណាង','កសិករ','០៩៧៨៨៨៨៣២','យិន សុភាព','កសិករ','០៩៧៨៨៨៨៣៣','level1','active',0),(1030,'ណុប សុវណ្ណារិទ្ធ','female','2017-08-15','ភូមិអូរចារ សង្កាត់អូរចារ ក្រុងបាត់ដំបង','ភូមិអូរចារ សង្កាត់អូរចារ ក្រុងបាត់ដំបង','ណុប វិបុល','អ្នកជំនួញ','០៩៧៨៨៨៨៣៤','សែម សុខា','អ្នកជំនួញ','០៩៧៨៨៨៨៣៥','level2','active',0),(1031,'ឡុង រតនា','male','2017-09-01','ភូមិរំចេក សង្កាត់រតនៈ ក្រុងបាត់ដំបង','ភូមិរំចេក សង្កាត់រតនៈ ក្រុងបាត់ដំបង','ឡុង សុវណ្ណ','គ្រូបង្រៀន','០៩៧៨៨៨៨៣៦','ស៊ុន សុគន្ធា','គ្រូបង្រៀន','០៩៧៨៨៨៨៣៧','level1','active',0),(1032,'គឹម សុភ័ក្រ','female','2017-09-15','ភូមិស្វាយប៉ោ សង្កាត់ស្វាយប៉ោ ក្រុងបាត់ដំបង','ភូមិស្វាយប៉ោ សង្កាត់ស្វាយប៉ោ ក្រុងបាត់ដំបង','គឹម វិចិត្រ','កសិករ','០៩៧៨៨៨៨៣៨','ជា សុជាតា','កសិករ','០៩៧៨៨៨៨៣៩','level2','active',0),(1033,'សុខ វិសិដ្ឋ','male','2017-10-01','ភូមិព្រែកព្រះស្តេច សង្កាត់ព្រែកព្រះស្តេច ក្រុងបាត់ដំបង','ភូមិព្រែកព្រះស្តេច សង្កាត់ព្រែកព្រះស្តេច ក្រុងបាត់ដំបង','សុខ វាសនា','អ្នកជំនួញ','០៩៧៨៨៨៨៤០','លី សុភា','អ្នកជំនួញ','០៩៧៨៨៨៨៤១','level1','active',0),(1034,'ម៉ៅ សុវណ្ណារ៉ា','female','2017-10-15','ភូមិទួលតាឯក សង្កាត់ទួលតាឯក ក្រុងបាត់ដំបង','ភូមិទួលតាឯក សង្កាត់ទួលតាឯក ក្រុងបាត់ដំបង','ម៉ៅ សំអាត','គ្រូបង្រៀន','០៩៧៨៨៨៨៤២','គង់ សុជាតា','គ្រូបង្រៀន','០៩៧៨៨៨៨៤៣','level2','active',0),(1035,'ស៊ាន វិរៈធី','male','2017-11-01','ភូមិឧត្តម សង្កាត់ឧត្តម ក្រុងបាត់ដំបង','ភូមិឧត្តម សង្កាត់ឧត្តម ក្រុងបាត់ដំបង','ស៊ាន វិសាល','កសិករ','០៩៧៨៨៨៨៤៤','ហេង សុភាព','កសិករ','០៩៧៨៨៨៨៤៥','level1','active',0),(1036,'ហុង សុគន្ធា','female','2017-11-15','ភូមិចំការសំរោង សង្កាត់ចំការសំរោង ក្រុងបាត់ដំបង','ភូមិចំការសំរោង សង្កាត់ចំការសំរោង ក្រុងបាត់ដំបង','ហុង សំណាង','អ្នកជំនួញ','០៩៧៨៨៨៨៤៦','គឹម សុខា','អ្នកជំនួញ','០៩៧៨៨៨៨៤៧','level2','active',0),(1037,'យិន វិរៈបុត្រ','male','2017-12-01','ភូមិកំពង់ក្រឡាញ់ សង្កាត់កំពង់ក្រឡាញ់ ក្រុងបាត់ដំបង','ភូមិកំពង់ក្រឡាញ់ សង្កាត់កំពង់ក្រឡាញ់ ក្រុងបាត់ដំបង','យិន សំណាង','គ្រូបង្រៀន','០៩៧៨៨៨៨៤៨','ឡុង សុគន្ធា','គ្រូបង្រៀន','០៩៧៨៨៨៨៤៩','level1','active',0),(1038,'សែម សុវណ្ណារិទ្ធ','female','2017-12-15','ភូមិស្លាកែត សង្កាត់ស្លាកែត ក្រុងបាត់ដំបង','ភូមិស្លាកែត សង្កាត់ស្លាកែត ក្រុងបាត់ដំបង','សែម វិបុល','កសិករ','០៩៧៨៨៨៨៥០','ណុប សុភា','កសិករ','០៩៧៨៨៨៨៥១','level2','active',0),(1039,'ស៊ុន សុភ័ក្រ','male','2018-01-01','ភូមិវត្តគរ សង្កាត់វត្តគរ ក្រុងបាត់ដំបង','ភូមិវត្តគរ សង្កាត់វត្តគរ ក្រុងបាត់ដំបង','ស៊ុន វិចិត្រ','អ្នកជំនួញ','០៩៧៨៨៨៨៥២','ស៊ុន សុជាតា','អ្នកជំនួញ','០៩៧៨៨៨៨៥៣','level1','active',0),(1040,'ស៊ាន សុភ័ក្រ','female','2018-01-15','ភូមិអូរចារ សង្កាត់អូរចារ ក្រុងបាត់ដំបង','ភូមិអូរចារ សង្កាត់អូរចារ ក្រុងបាត់ដំបង','ស៊ាន សំណាង','គ្រូបង្រៀន','០៩៧៨៨៨៨៥៤','ជា សុភាព','គ្រូបង្រៀន','០៩៧៨៨៨៨៥៥','level2','active',0),(1041,'ជា វិសាល','male','2018-02-01','ភូមិរំចេក សង្កាត់រតនៈ ក្រុងបាត់ដំបង','ភូមិរំចេក សង្កាត់រតនៈ ក្រុងបាត់ដំបង','ជា សំណាង','កសិករ','០៩៧៨៨៨៨៥៦','លី សុគន្ធា','កសិករ','០៩៧៨៨៨៨៥៧','level1','active',0),(1042,'លី សុវណ្ណារ៉ា','female','2018-02-15','ភូមិស្វាយប៉ោ សង្កាត់ស្វាយប៉ោ ក្រុងបាត់ដំបង','ភូមិស្វាយប៉ោ សង្កាត់ស្វាយប៉ោ ក្រុងបាត់ដំបង','លី វិបុល','អ្នកជំនួញ','០៩៧៨៨៨៨៥៨','គង់ សុជាតា','អ្នកជំនួញ','០៩៧៨៨៨៨៥៩','level2','active',0),(1043,'គង់ វិសាល','male','2018-03-01','ភូមិព្រែកព្រះស្តេច សង្កាត់ព្រែកព្រះស្តេច ក្រុងបាត់ដំបង','ភូមិព្រែកព្រះស្តេច សង្កាត់ព្រែកព្រះស្តេច ក្រុងបាត់ដំបង','គង់ វាសនា','គ្រូបង្រៀន','០៩៧៨៨៨៨៦០','ហេង សុភា','គ្រូបង្រៀន','០៩៧៨៨៨៨៦១','level1','active',0),(1044,'ហេង សុភ័ក្រ','female','2018-03-15','ភូមិទួលតាឯក សង្កាត់ទួលតាឯក ក្រុងបាត់ដំបង','ភូមិទួលតាឯក សង្កាត់ទួលតាឯក ក្រុងបាត់ដំបង','ហេង សំអាត','កសិករ','០៩៧៨៨៨៨៦២','គឹម សុខា','កសិករ','០៩៧៨៨៨៨៦៣','level2','active',0),(1045,'គឹម រតនា','male','2018-04-01','ភូមិឧត្តម សង្កាត់ឧត្តម ក្រុងបាត់ដំបង','ភូមិឧត្តម សង្កាត់ឧត្តម ក្រុងបាត់ដំបង','គឹម វិសាល','អ្នកជំនួញ','០៩៧៨៨៨៨៦៤','ណុប សុគន្ធា','អ្នកជំនួញ','០៩៧៨៨៨៨៦៥','level1','graduate',0),(1046,'ណុប សុវណ្ណារ៉ា','female','2018-04-15','ភូមិចំការសំរោង សង្កាត់ចំការសំរោង ក្រុងបាត់ដំបង','ភូមិចំការសំរោង សង្កាត់ចំការសំរោង ក្រុងបាត់ដំបង','ណុប សំណាង','គ្រូបង្រៀន','០៩៧៨៨៨៨៦៦','ឡុង សុជាតា','គ្រូបង្រៀន','០៩៧៨៨៨៨៦៧','level2','graduate',0),(1047,'ឡុង វិរៈធី','male','2018-05-01','ភូមិកំពង់ក្រឡាញ់ សង្កាត់កំពង់ក្រឡាញ់ ក្រុងបាត់ដំបង','ភូមិកំពង់ក្រឡាញ់ សង្កាត់កំពង់ក្រឡាញ់ ក្រុងបាត់ដំបង','ឡុង សុវណ្ណ','កសិករ','០៩៧៨៨៨៨៦៨','ស៊ុន សុភា','កសិករ','០៩៧៨៨៨៨៦៩','level1','graduate',0),(1048,'ស៊ុន សុវណ្ណារ៉ា','female','2018-05-15','ភូមិស្លាកែត សង្កាត់ស្លាកែត ក្រុងបាត់ដំបង','ភូមិស្លាកែត សង្កាត់ស្លាកែត ក្រុងបាត់ដំបង','ស៊ុន វិចិត្រ','អ្នកជំនួញ','០៩៧៨៨៨៨៧០','ស៊ាន សុខា','អ្នកជំនួញ','០៩៧៨៨៨៨៧១','level2','graduate',0),(1049,'ស៊ាន វិសិដ្ឋ','male','2018-06-01','ភូមិវត្តគរ សង្កាត់វត្តគរ ក្រុងបាត់ដំបង','ភូមិវត្តគរ សង្កាត់វត្តគរ ក្រុងបាត់ដំបង','ស៊ាន វាសនា','គ្រូបង្រៀន','០៩៧៨៨៨៨៧២','ជា សុភាព','គ្រូបង្រៀន','០៩៧៨៨៨៨៧៣','level1','suspend',0),(1050,'ហុង សុវណ្ណារិទ្ធ','female','2018-06-15','ភូមិអូរចារ សង្កាត់អូរចារ ក្រុងបាត់ដំបង','ភូមិអូរចារ សង្កាត់អូរចារ ក្រុងបាត់ដំបង','ហុង សំអាត','កសិករ','០៩៧៨៨៨៨៧៤','លី សុជាតា','កសិករ','០៩៧៨៨៨៨៧៥','level2','suspend',0),(1051,'យិន វិសាល','male','2018-07-01','ភូមិរំចេក សង្កាត់រតនៈ ក្រុងបាត់ដំបង','ភូមិរំចេក សង្កាត់រតនៈ ក្រុងបាត់ដំបង','យិន វិសាល','អ្នកជំនួញ','០៩៧៨៨៨៨៧៦','គង់ សុគន្ធា','អ្នកជំនួញ','០៩៧៨៨៨៨៧៧','level1','suspend',0),(1052,'សែម សុគន្ធា','female','2018-07-15','ភូមិស្វាយប៉ោ សង្កាត់ស្វាយប៉ោ ក្រុងបាត់ដំបង','ភូមិស្វាយប៉ោ សង្កាត់ស្វាយប៉ោ ក្រុងបាត់ដំបង','សែម សំណាង','គ្រូបង្រៀន','០៩៧៨៨៨៨៧៨','ហេង សុជាតា','គ្រូបង្រៀន','០៩៧៨៨៨៨៧៩','level2','suspend',0),(1053,'ម៉ៅ វិរៈបុត្រ','male','2018-08-01','ភូមិព្រែកព្រះស្តេច សង្កាត់ព្រែកព្រះស្តេច ក្រុងបាត់ដំបង','ភូមិព្រែកព្រះស្តេច សង្កាត់ព្រែកព្រះស្តេច ក្រុងបាត់ដំបង','ម៉ៅ វិចិត្រ','កសិករ','០៩៧៨៨៨៨៨០','គឹម សុភា','កសិករ','០៩៧៨៨៨៨៨១','level1','inactive',0),(1054,'សុខ សុភ័ក្រ','female','2018-08-15','ភូមិទួលតាឯក សង្កាត់ទួលតាឯក ក្រុងបាត់ដំបង','ភូមិទួលតាឯក សង្កាត់ទួលតាឯក ក្រុងបាត់ដំបង','សុខ វាសនា','អ្នកជំនួញ','០៩៧៨៨៨៨៨២','ណុប សុខា','អ្នកជំនួញ','០៩៧៨៨៨៨៨៣','level2','inactive',0),(1055,'ជា សុភ័ក្រ','male','2018-09-01','ភូមិឧត្តម សង្កាត់ឧត្តម ក្រុងបាត់ដំបង','ភូមិឧត្តម សង្កាត់ឧត្តម ក្រុងបាត់ដំបង','ជា សំអាត','គ្រូបង្រៀន','០៩៧៨៨៨៨៨៤','ឡុង សុគន្ធា','គ្រូបង្រៀន','០៩៧៨៨៨៨៨៥','level1','inactive',0),(1056,'លី សុវណ្ណារិទ្ធ','female','2018-09-15','ភូមិចំការសំរោង សង្កាត់ចំការសំរោង ក្រុងបាត់ដំបង','ភូមិចំការសំរោង សង្កាត់ចំការសំរោង ក្រុងបាត់ដំបង','លី វិសាល','កសិករ','០៩៧៨៨៨៨៨៦','ស៊ុន សុជាតា','កសិករ','០៩៧៨៨៨៨៨៧','level2','inactive',0),(1057,'គង់ វិសិដ្ឋ','male','2018-10-01','ភូមិកំពង់ក្រឡាញ់ សង្កាត់កំពង់ក្រឡាញ់ ក្រុងបាត់ដំបង','ភូមិកំពង់ក្រឡាញ់ សង្កាត់កំពង់ក្រឡាញ់ ក្រុងបាត់ដំបង','គង់ វាសនា','អ្នកជំនួញ','០៩៧៨៨៨៨៨៨','ស៊ាន សុភា','អ្នកជំនួញ','០៩៧៨៨៨៨៨៩','level1','active',0),(1058,'ហេង សុវណ្ណារិទ្ធ','female','2018-10-15','ភូមិស្លាកែត សង្កាត់ស្លាកែត ក្រុងបាត់ដំបង','ភូមិស្លាកែត សង្កាត់ស្លាកែត ក្រុងបាត់ដំបង','ហេង សំណាង','គ្រូបង្រៀន','០៩៧៨៨៨៨៩០','ជា សុជាតា','គ្រូបង្រៀន','០៩៧៨៨៨៨៩១','level2','active',0),(1059,'គឹម រតនា','male','2018-11-01','ភូមិវត្តគរ សង្កាត់វត្តគរ ក្រុងបាត់ដំបង','ភូមិវត្តគរ សង្កាត់វត្តគរ ក្រុងបាត់ដំបង','គឹម សំអាត','កសិករ','០៩៧៨៨៨៨៩២','លី សុភាព','កសិករ','០៩៧៨៨៨៨៩៣','level1','active',0),(1060,'ណុប សុគន្ធា','female','2018-11-15','ភូមិអូរចារ សង្កាត់អូរចារ ក្រុងបាត់ដំបង','ភូមិអូរចារ សង្កាត់អូរចារ ក្រុងបាត់ដំបង','ណុប វិបុល','អ្នកជំនួញ','០៩៧៨៨៨៨៩៤','គង់ សុខា','អ្នកជំនួញ','០៩៧៨៨៨៨៩៥','level2','active',0),(1061,'ឡុង វិសាល','male','2018-12-01','ភូមិរំចេក សង្កាត់រតនៈ ក្រុងបាត់ដំបង','ភូមិរំចេក សង្កាត់រតនៈ ក្រុងបាត់ដំបង','ឡុង វាសនា','គ្រូបង្រៀន','០៩៧៨៨៨៨៩៦','ហេង សុគន្ធា','គ្រូបង្រៀន','០៩៧៨៨៨៨៩៧','level1','active',0),(1062,'ស៊ុន សុវណ្ណារ៉ា','female','2018-12-15','ភូមិស្វាយប៉ោ សង្កាត់ស្វាយប៉ោ ក្រុងបាត់ដំបង','ភូមិស្វាយប៉ោ សង្កាត់ស្វាយប៉ោ ក្រុងបាត់ដំបង','ស៊ុន សំណាង','កសិករ','០៩៧៨៨៨៨៩៨','គឹម សុជាតា','កសិករ','០៩៧៨៨៨៨៩៩','level2','graduate',0),(1063,'ស៊ាន វិរៈបុត្រ','male','2019-01-01','ភូមិព្រែកព្រះស្តេច សង្កាត់ព្រែកព្រះស្តេច ក្រុងបាត់ដំបង','ភូមិព្រែកព្រះស្តេច សង្កាត់ព្រែកព្រះស្តេច ក្រុងបាត់ដំបង','ស៊ាន វិចិត្រ','អ្នកជំនួញ','០៩៧៨៨៨៩០០','ណុប សុភា','អ្នកជំនួញ','០៩៧៨៨៨៩០១','level1','graduate',0),(1064,'ហុង សុភ័ក្រ','female','2019-01-15','ភូមិទួលតាឯក សង្កាត់ទួលតាឯក ក្រុងបាត់ដំបង','ភូមិទួលតាឯក សង្កាត់ទួលតាឯក ក្រុងបាត់ដំបង','ហុង សំអាត','គ្រូបង្រៀន','០៩៧៨៨៨៩០២','ឡុង សុខា','គ្រូបង្រៀន','០៩៧៨៨៨៩០៣','level2','graduate',0),(1065,'យិន វិសិដ្ឋ','male','2019-02-01','ភូមិឧត្តម សង្កាត់ឧត្តម ក្រុងបាត់ដំបង','ភូមិឧត្តម សង្កាត់ឧត្តម ក្រុងបាត់ដំបង','យិន វិសាល','កសិករ','០៩៧៨៨៨៩០៤','ស៊ុន សុគន្ធា','កសិករ','០៩៧៨៨៨៩០៥','level1','suspend',0),(1066,'សែម សុវណ្ណារិទ្ធ','female','2019-02-15','ភូមិចំការសំរោង សង្កាត់ចំការសំរោង ក្រុងបាត់ដំបង','ភូមិចំការសំរោង សង្កាត់ចំការសំរោង ក្រុងបាត់ដំបង','សែម វិបុល','អ្នកជំនួញ','០៩៧៨៨៨៩០៦','ស៊ាន សុជាតា','អ្នកជំនួញ','០៩៧៨៨៨៩០៧','level2','suspend',0),(1067,'ម៉ៅ វិសាល','male','2019-03-01','ភូមិកំពង់ក្រឡាញ់ សង្កាត់កំពង់ក្រឡាញ់ ក្រុងបាត់ដំបង','ភូមិកំពង់ក្រឡាញ់ សង្កាត់កំពង់ក្រឡាញ់ ក្រុងបាត់ដំបង','ម៉ៅ វាសនា','គ្រូបង្រៀន','០៩៧៨៨៨៩០៨','ជា សុភាព','គ្រូបង្រៀន','០៩៧៨៨៨៩០៩','level1','suspend',0),(1068,'សុខ សុវណ្ណារ៉ា','female','2019-03-15','ភូមិស្លាកែត សង្កាត់ស្លាកែត ក្រុងបាត់ដំបង','ភូមិស្លាកែត សង្កាត់ស្លាកែត ក្រុងបាត់ដំបង','សុខ សំណាង','កសិករ','០៩៧៨៨៨៩១០','លី សុជាតា','កសិករ','០៩៧៨៨៨៩១១','level2','inactive',0),(1069,'ជា វិរៈធី','male','2019-04-01','ភូមិវត្តគរ សង្កាត់វត្តគរ ក្រុងបាត់ដំបង','ភូមិវត្តគរ សង្កាត់វត្តគរ ក្រុងបាត់ដំបង','ជា សំអាត','អ្នកជំនួញ','០៩៧៨៨៨៩១២','គង់ សុគន្ធា','អ្នកជំនួញ','០៩៧៨៨៨៩១៣','level1','inactive',0),(1070,'លី សុគន្ធា','female','2019-04-15','ភូមិអូរចារ សង្កាត់អូរចារ ក្រុងបាត់ដំបង','ភូមិអូរចារ សង្កាត់អូរចារ ក្រុងបាត់ដំបង','លី វិចិត្រ','គ្រូបង្រៀន','០៩៧៨៨៨៩១៤','ហេង សុខា','គ្រូបង្រៀន','០៩៧៨៨៨៩១៥','level2','inactive',0),(1071,'តេស្ត','male','2025-05-01',NULL,NULL,NULL,NULL,NULL,NULL,NULL,NULL,'level1','active',0),(1072,'នួន សុផារី','female','2016-08-20','ភូមិស្វាយប៉ាក់ ឃុំសំបួរ ស្រុកមង្គលបូរី','ភូមិស្វាយប៉ាក់ ឃុំសំបួរ ស្រុកមង្គលបូរី','នួន ណារ៉ុង','ជាងឈើ','092345678','ទេព ផល្លី','អ្នកលក់','092345679','level2','active',0),(1073,'ជា សុជាតិ','male','2017-01-10','ភូមិបត់ត្រង់ ឃុំបត់ត្រង់ ស្រុកមោងឫស្សី','ភូមិបត់ត្រង់ ឃុំបត់ត្រង់ ស្រុកមោងឫស្សី','ជា វណ្ណឌី','គ្រូបង្រៀន','093888111','លី សុខុម','មេផ្ទះ','093888112','level1','active',0),(1074,'ហេង ម៉ាលីន','female','2015-12-05','ភូមិព្រៃខ្ពស់ ឃុំព្រៃខ្ពស់ ស្រុកសំពៅលូន','ភូមិព្រៃខ្ពស់ ឃុំព្រៃខ្ពស់ ស្រុកសំពៅលូន','ហេង សំអុល','កសិករ','095222333','អ៊ុង សុីថា','កម្មការិនី','095222334','level3','active',0),(1075,'សេង ដារ៉ា','male','2016-09-18','ភូមិអូរតាគី ឃុំអូរតាគី ស្រុកសង្កែ','ភូមិអូរតាគី ឃុំអូរតាគី ស្រុកសង្កែ','សេង តុលា','ជាងសំណង់','096777444','ផាត់ ចាន់ថា','អ្នកលក់','096777445','level2','active',0),(1076,'លី សុផានី','female','2017-03-22','ភូមិឈើខ្មៅ ឃុំឈើខ្មៅ ស្រុកកំរៀង','ភូមិឈើខ្មៅ ឃុំឈើខ្មៅ ស្រុកកំរៀង','លី ម៉េងហុង','មន្ត្រីរាជការ','097999555','ជា សុខលី','មេផ្ទះ','097999556','level1','active',0),(1077,'ម៉ៅ សុវណ្ណ','male','2015-11-01','ភូមិបឹងរុន ឃុំបឹងរុន ស្រុកថ្មគោល','ភូមិបឹងរុន ឃុំបឹងរុន ស្រុកថ្មគោល','ម៉ៅ ចំរើន','កសិករ','098111666','សឹម ស្រីនិច','កម្មការិនី','098111667','level3','active',0),(1078,'យ៉ន ស្រីល័ក្ខ','female','2016-07-08','ភូមិព្រៃទទឹង ឃុំព្រៃទទឹង ស្រុកបាណន់','ភូមិព្រៃទទឹង ឃុំព្រៃទទឹង ស្រុកបាណន់','យ៉ន សុភាព','ជាងសំណង់','099444777','ប៉ែន ច័ន្ទធីតា','អ្នកលក់','099444778','level2','active',0),(1079,'តាន់ គីមហុង','male','2017-02-14','ភូមិអន្លង់វិល ឃុំអន្លង់វិល ស្រុកសង្កែ','ភូមិអន្លង់វិល ឃុំអន្លង់វិល ស្រុកសង្កែ','តាន់ សុខុម','គ្រូបង្រៀន','012888999','ហេង ផល្លី','មេផ្ទះ','012888998','level1','active',0),(1080,'ប៉េង សុីណាត','female','2015-10-28','ភូមិស្វាយដូនកែវ ឃុំស្វាយដូនកែវ ស្រុកបាណន់','ភូមិស្វាយដូនកែវ ឃុំស្វាយដូនកែវ ស្រុកបាណន់','ប៉េង ណារ៉ុង','កសិករ','015222111','អ៊ុង សុខុម','កម្មការិនី','015222112','level3','active',0),(1081,'ជា លីហ្សា','female','2016-06-02','ភូមិ ក ក្បាលដំរី ឃុំ កំបោរ ស្រុក ភ្នំព្រឹក','ភូមិ ក ក្បាលដំរី ឃុំ កំបោរ ស្រុក ភ្នំព្រឹក','ជា វណ្ណឌី','មន្ត្រីរាជការ','016333444','លី សុខុម','អាជីវករ','016333445','Level2','Active',0),(1082,'ហេង ឧត្តម','male','2017-04-18','ភូមិ ខ ឃុំ ត្រែង ស្រុក រុក្ខគីរី','ភូមិ ខ ឃុំ ត្រែង ស្រុក រុក្ខគីរី','ហេង សំអុល','បុគ្គលិកក្រុមហ៊ុន','017555888','អ៊ុង សុីថា','បុគ្គលិកក្រុមហ៊ុន','017555889','Level1','Active',0),(1083,'សេង ផល្លា','female','2015-09-05','ភូមិ គ ឃុំ បន្ទាយចាស់ ស្រុក បាត់ដំបង','ភូមិ គ ឃុំ បន្ទាយចាស់ ស្រុក បាត់ដំបង','សេង តុលា','កសិករ','018222999','ផាត់ ចាន់ថា','មេផ្ទះ','018222998','Level3','Active',0),(1084,'លី រតនា','male','2016-12-29','ភូមិ ឃ ឃុំ ព្រះស្តី ស្រុក ភ្នំព្រឹក','ភូមិ ឃ ឃុំ ព្រះស្តី ស្រុក ភ្នំព្រឹក','លី ម៉េងហុង','ជាងសំណង់','011999888','ជា សុខលី','អាជីវករ','011999887','Level2','Active',0),(1085,'ម៉ៅ គឹមហុង','male','2017-07-12','ភូមិ ច ឃុំ សំរោង ស្រុក ឯកភ្នំ','ភូមិ ច ឃុំ សំរោង ស្រុក ឯកភ្នំ','ម៉ៅ ចំរើន','បុគ្គលិកក្រុមហ៊ុន','013444777','សឹម ស្រីនិច','បុគ្គលិកក្រុមហ៊ុន','013444776','Level1','Active',0),(1086,'យ៉ន ម៉ារី','female','2015-08-21','ភូមិ ឆ ឃុំ ព្រៃមាស ស្រុក រុក្ខគីរី','ភូមិ ឆ ឃុំ ព្រៃមាស ស្រុក រុក្ខគីរី','យ៉ន សុភាព','កសិករ','015666555','ប៉ែន ច័ន្ទធីតា','មេផ្ទះ','015666554','Level3','Active',0),(1087,'តាន់ សុជាតិ','male','2016-01-03','ភូមិ ជ ឃុំ ថ្មគោល ស្រុក ថ្មគោល','ភូមិ ជ ឃុំ ថ្មគោល ស្រុក ថ្មគោល','តាន់ សុខុម','ជាងសំណង់','017888333','ហេង ផល្លី','អាជីវករ','017888332','Level2','Active',0),(1088,'ប៉េង សុផានី','female','2017-05-09','ភូមិ ញ ឃុំ អន្លង់វិល ស្រុក សង្កែ','ភូមិ ញ ឃុំ អន្លង់វិល ស្រុក សង្កែ','ប៉េង ណារ៉ុង','បុគ្គលិកក្រុមហ៊ុន','011222111','អ៊ុង សុខុម','បុគ្គលិកក្រុមហ៊ុន','011222112','Level1','Active',0),(1089,'នួន សុខ','male','2016-09-22','ភូមិ ១ ឃុំ ចំរើនផល ស្រុក សំឡូត','ភូមិ ១ ឃុំ ចំរើនផល ស្រុក សំឡូត','នួន ណារ៉ុង','កសិករ','092345678','ទេព ផល្លី','មេផ្ទះ','092345679','level2','active',0),(1090,'ជា សុខុម','female','2017-03-15','ភូមិ ២ ឃុំ មានជ័យ ស្រុក ភ្នំព្រឹក','ភូមិ ២ ឃុំ មានជ័យ ស្រុក ភ្នំព្រឹក','ជា វណ្ណឌី','គ្រូបង្រៀន','093888111','លី សុខុម','អ្នកលក់','093888112','level1','active',0),(1091,'កែវ ច័ន្ទ្រា','female','2017-08-10','ភូមិថ្មី ឃុំកោះច្បាស់ ស្រុកមោងឫស្សី','ភូមិថ្មី ឃុំកោះច្បាស់ ស្រុកមោងឫស្សី','កែវ ឧត្តម','ជាងដែក','092111222','ស៊ឹម ផល្លី','អ្នកលក់','092111223','level1','active',0),(1092,'ខៀវ វិសាល','male','2016-02-25','ភូមិព្រៃទទឹង ឃុំព្រៃទទឹង ស្រុកបាណន់','ភូមិព្រៃទទឹង ឃុំព្រៃទទឹង ស្រុកបាណន់','ខៀវ ម៉េងហុង','គ្រូបង្រៀន','093444555','ហេង សុខុម','មេផ្ទះ','093444556','level2','active',0),(1093,'គង់ សុផារី','female','2015-12-12','ភូមិស្វាយប៉ាក់ ឃុំសំបួរ ស្រុកមង្គលបូរី','ភូមិស្វាយប៉ាក់ ឃុំសំបួរ ស្រុកមង្គលបូរី','គង់ ណារ៉ុង','កសិករ','095777888','ទេព ផល្លី','កម្មការិនី','095777889','level3','active',0),(1094,'ចាន់ សុជាតិ','male','2017-01-18','ភូមិបត់ត្រង់ ឃុំបត់ត្រង់ ស្រុកមោងឫស្សី','ភូមិបត់ត្រង់ ឃុំបត់ត្រង់ ស្រុកមោងឫស្សី','ចាន់ វណ្ណឌី','ជាងឈើ','096222999','លី សុខុម','អ្នកលក់','096222998','level1','active',0),(1095,'ជួន ម៉ាលីន','female','2016-03-01','ភូមិព្រៃខ្ពស់ ឃុំព្រៃខ្ពស់ ស្រុកសំពៅលូន','ភូមិព្រៃខ្ពស់ ឃុំព្រៃខ្ពស់ ស្រុកសំពៅលូន','ជួន សំអុល','មន្ត្រីរាជការ','097555111','អ៊ុង សុីថា','មេផ្ទះ','097555112','level2','active',0),(1096,'ឈុន ដារ៉ា','male','2015-11-08','ភូមិអូរតាគី ឃុំអូរតាគី ស្រុកសង្កែ','ភូមិអូរតាគី ឃុំអូរតាគី ស្រុកសង្កែ','ឈុន តុលា','កសិករ','098888222','ផាត់ ចាន់ថា','កម្មការិនី','098888223','level3','active',0),(1097,'ដួង សុផានី','female','2017-04-05','ភូមិឈើខ្មៅ ឃុំឈើខ្មៅ ស្រុកកំរៀង','ភូមិឈើខ្មៅ ឃុំឈើខ្មៅ ស្រុកកំរៀង','ដួង ម៉េងហុង','ជាងសំណង់','099111333','ជា សុខលី','អ្នកលក់','099111334','level1','active',0),(1098,'ថាន់ សុវណ្ណ','male','2016-05-20','ភូមិបឹងរុន ឃុំបឹងរុន ស្រុកថ្មគោល','ភូមិបឹងរុន ឃុំបឹងរុន ស្រុកថ្មគោល','ថាន់ ចំរើន','គ្រូបង្រៀន','012444666','សឹម ស្រីនិច','មេផ្ទះ','012444667','level2','active',0),(1099,'ធី សុីណាត','female','2015-10-15','ភូមិស្វាយដូនកែវ ឃុំស្វាយដូនកែវ ស្រុកបាណន់','ភូមិស្វាយដូនកែវ ឃុំស្វាយដូនកែវ ស្រុកបាណន់','ធី ណារ៉ុង','កសិករ','015777999','អ៊ុង សុខុម','កម្មការិនី','015777998','level3','active',0),(1100,'រ៉ា ស្រីល័ក្ខ','female','2017-02-01','ភូមិព្រៃទទឹង ឃុំព្រៃទទឹង ស្រុកបាណន់','ភូមិព្រៃទទឹង ឃុំព្រៃទទឹង ស្រុកបាណន់','រ៉ា សុភាព','ជាងសំណង់','016888111','ប៉ែន ច័ន្ទធីតា','អ្នកលក់','016888112','level2','active',0);

/*Table structure for table `tbl_student_monthly_score` */

DROP TABLE IF EXISTS `tbl_student_monthly_score`;

CREATE TABLE `tbl_student_monthly_score` (
  `student_monthly_score_id` int(10) unsigned NOT NULL AUTO_INCREMENT,
  `student_id` int(10) unsigned NOT NULL,
  `classroom_subject_monthly_score_id` int(10) unsigned NOT NULL,
  `score` float NOT NULL,
  `create_date` timestamp NOT NULL DEFAULT current_timestamp(),
  `isDeleted` int(2) DEFAULT 0,
  PRIMARY KEY (`student_monthly_score_id`),
  KEY `student_id` (`student_id`),
  KEY `classroom_subject_monthly_score_id` (`classroom_subject_monthly_score_id`),
  CONSTRAINT `fk_monthly_score_student` FOREIGN KEY (`student_id`) REFERENCES `tbl_student_info` (`student_id`),
  CONSTRAINT `fk_student_monthly_classroom_subject` FOREIGN KEY (`classroom_subject_monthly_score_id`) REFERENCES `classroom_subject_monthly_score` (`classroom_subject_monthly_score_id`) ON DELETE CASCADE,
  CONSTRAINT `tbl_student_monthly_score_ibfk_1` FOREIGN KEY (`student_id`) REFERENCES `tbl_student_info` (`student_id`) ON DELETE CASCADE
) ENGINE=InnoDB AUTO_INCREMENT=2724 DEFAULT CHARSET=utf8mb4 COLLATE=utf8mb4_general_ci;

/*Data for the table `tbl_student_monthly_score` */

insert  into `tbl_student_monthly_score`(`student_monthly_score_id`,`student_id`,`classroom_subject_monthly_score_id`,`score`,`create_date`,`isDeleted`) values (1968,1003,185,7,'2025-05-08 16:35:36',0),(1969,1003,186,8,'2025-05-08 16:35:36',0),(1970,1003,187,9,'2025-05-08 16:35:37',0),(1971,1003,188,9,'2025-05-08 16:35:38',0),(1972,1003,189,7,'2025-05-08 16:35:39',0),(1973,1003,190,6,'2025-05-08 16:35:40',0),(1974,1003,191,8,'2025-05-08 16:35:41',0),(1975,1003,192,7,'2025-05-08 16:35:42',0),(1976,1003,193,8,'2025-05-08 16:35:43',0),(1977,1003,194,7,'2025-05-08 16:35:44',0),(1978,1003,195,6,'2025-05-08 16:35:45',0),(1979,1003,196,8,'2025-05-08 16:35:45',0),(1980,1003,197,6,'2025-05-08 16:35:47',0),(1981,1003,198,7,'2025-05-08 16:35:50',0),(1982,1006,185,8,'2025-05-08 16:35:51',0),(1983,1006,186,7,'2025-05-08 16:35:52',0),(1984,1006,187,6,'2025-05-08 16:35:53',0),(1985,1006,188,8,'2025-05-08 16:35:53',0),(1986,1006,189,9,'2025-05-08 16:35:54',0),(1987,1006,190,6,'2025-05-08 16:35:55',0),(1988,1006,191,7,'2025-05-08 16:35:55',0),(1989,1006,192,8,'2025-05-08 16:35:56',0),(1990,1006,193,6,'2025-05-08 16:35:57',0),(1991,1006,194,7,'2025-05-08 16:35:57',0),(1992,1006,195,8,'2025-05-08 16:35:58',0),(1993,1006,196,7,'2025-05-08 16:35:58',0),(1994,1006,197,9,'2025-05-08 16:35:59',0),(1995,1006,198,6,'2025-05-08 16:36:00',0),(1996,1008,185,7,'2025-05-08 16:36:00',0),(1997,1008,186,7,'2025-05-08 16:36:02',0),(1998,1008,187,8,'2025-05-08 16:36:02',0),(1999,1008,188,5,'2025-05-08 16:36:03',0),(2000,1008,189,6,'2025-05-08 16:36:04',0),(2001,1008,190,8,'2025-05-08 16:36:05',0),(2002,1008,191,5,'2025-05-08 16:36:05',0),(2003,1008,192,8,'2025-05-08 16:36:06',0),(2004,1008,193,7,'2025-05-08 16:36:07',0),(2005,1008,194,9,'2025-05-08 16:36:08',0),(2006,1008,195,6,'2025-05-08 16:36:08',0),(2007,1008,196,7,'2025-05-08 16:36:09',0),(2008,1008,197,6,'2025-05-08 16:36:11',0),(2009,1008,198,7,'2025-05-08 16:36:11',0),(2010,1009,185,8,'2025-05-08 16:36:12',0),(2011,1009,186,7,'2025-05-08 16:36:13',0),(2012,1009,187,9,'2025-05-08 16:36:14',0),(2013,1009,188,7,'2025-05-08 16:36:15',0),(2014,1009,189,8,'2025-05-08 16:36:15',0),(2015,1009,190,6,'2025-05-08 16:36:16',0),(2016,1009,191,7,'2025-05-08 16:36:17',0),(2017,1009,192,8,'2025-05-08 16:36:17',0),(2018,1009,193,8,'2025-05-08 16:36:18',0),(2019,1009,194,9,'2025-05-08 16:36:19',0),(2020,1009,195,8,'2025-05-08 16:36:19',0),(2021,1009,196,7,'2025-05-08 16:36:20',0),(2022,1009,197,6,'2025-05-08 16:36:20',0),(2023,1009,198,8,'2025-05-08 16:36:21',0),(2024,1012,185,7,'2025-05-08 16:36:21',0),(2025,1012,186,9,'2025-05-08 16:36:22',0),(2026,1012,187,8,'2025-05-08 16:36:22',0),(2027,1012,188,7,'2025-05-08 16:36:23',0),(2028,1012,189,6,'2025-05-08 16:36:23',0),(2029,1012,190,8,'2025-05-08 16:36:23',0),(2030,1012,191,9,'2025-05-08 16:36:24',0),(2031,1012,192,8,'2025-05-08 16:36:24',0),(2032,1012,193,7,'2025-05-08 16:36:25',0),(2033,1012,194,8,'2025-05-08 16:36:27',0),(2034,1012,195,9,'2025-05-08 16:36:28',0),(2035,1012,196,8,'2025-05-08 16:36:29',0),(2036,1012,197,9,'2025-05-08 16:36:30',0),(2037,1012,198,8,'2025-05-08 16:36:31',0),(2038,1015,185,9,'2025-05-08 16:36:32',0),(2039,1015,186,8,'2025-05-08 16:36:33',0),(2040,1015,187,7,'2025-05-08 16:36:34',0),(2041,1015,188,9,'2025-05-08 16:36:35',0),(2042,1015,189,8,'2025-05-08 16:36:36',0),(2043,1015,190,7,'2025-05-08 16:36:36',0),(2044,1015,191,8,'2025-05-08 16:36:37',0),(2045,1015,192,9,'2025-05-08 16:36:37',0),(2046,1015,193,8,'2025-05-08 16:36:37',0),(2047,1015,194,7,'2025-05-08 16:36:38',0),(2048,1015,195,8,'2025-05-08 16:36:38',0),(2049,1015,196,7,'2025-05-08 16:36:40',0),(2050,1015,197,6,'2025-05-08 16:36:40',0),(2051,1015,198,7,'2025-05-08 16:36:40',0),(2052,1017,185,8,'2025-05-08 16:36:40',0),(2053,1017,186,7,'2025-05-08 16:36:40',0),(2054,1017,187,6,'2025-05-08 16:36:42',0),(2055,1017,188,7,'2025-05-08 16:36:42',0),(2056,1017,189,8,'2025-05-08 16:36:42',0),(2057,1017,190,7,'2025-05-08 16:36:42',0),(2058,1017,191,6,'2025-05-08 16:36:42',0),(2059,1017,192,7,'2025-05-08 16:36:42',0),(2060,1017,193,8,'2025-05-08 16:36:42',0),(2061,1017,194,7,'2025-05-08 16:36:42',0),(2062,1017,195,6,'2025-05-08 16:36:44',0),(2063,1017,196,7,'2025-05-08 16:36:44',0),(2064,1017,197,8,'2025-05-08 16:36:44',0),(2065,1017,198,7,'2025-05-08 16:36:44',0),(2066,1021,185,6,'2025-05-08 16:36:44',0),(2067,1021,186,7,'2025-05-08 16:36:44',0),(2068,1021,187,8,'2025-05-08 16:36:44',0),(2069,1021,188,8,'2025-05-08 16:36:49',0),(2070,1021,189,9,'2025-05-08 16:36:49',0),(2071,1021,190,8,'2025-05-08 16:36:50',0),(2072,1021,191,7,'2025-05-08 16:36:51',0),(2073,1021,192,8,'2025-05-08 16:36:51',0),(2074,1021,193,9,'2025-05-08 16:36:52',0),(2075,1021,194,8,'2025-05-08 16:36:52',0),(2076,1021,195,7,'2025-05-08 16:36:53',0),(2077,1021,196,8,'2025-05-08 16:36:53',0),(2078,1021,197,7,'2025-05-08 16:36:54',0),(2079,1021,198,8,'2025-05-08 16:36:54',0),(2080,1025,185,9,'2025-05-08 16:36:55',0),(2081,1025,186,7,'2025-05-08 16:36:55',0),(2082,1025,187,6,'2025-05-08 16:36:56',0),(2083,1025,188,7,'2025-05-08 16:36:56',0),(2084,1025,189,8,'2025-05-08 16:36:56',0),(2085,1025,190,7,'2025-05-08 16:36:57',0),(2086,1025,191,5,'2025-05-08 16:36:58',0),(2087,1025,192,4,'2025-05-08 16:36:58',0),(2088,1025,193,6,'2025-05-08 16:36:59',0),(2089,1025,194,7,'2025-05-08 16:36:59',0),(2090,1025,195,8,'2025-05-08 16:37:00',0),(2091,1025,196,9,'2025-05-08 16:37:00',0),(2092,1025,197,7,'2025-05-08 16:37:01',0),(2093,1025,198,5,'2025-05-08 16:37:02',0),(2094,1027,185,6,'2025-05-08 16:37:02',0),(2095,1027,186,7,'2025-05-08 16:37:03',0),(2096,1027,187,8,'2025-05-08 16:37:03',0),(2097,1027,188,9,'2025-05-08 16:37:04',0),(2098,1027,189,8,'2025-05-08 16:37:04',0),(2099,1027,190,7,'2025-05-08 16:37:04',0),(2100,1027,191,8,'2025-05-08 16:37:05',0),(2101,1027,192,7,'2025-05-08 16:37:05',0),(2102,1027,193,6,'2025-05-08 16:37:06',0),(2103,1027,194,7,'2025-05-08 16:37:06',0),(2104,1027,195,6,'2025-05-08 16:37:06',0),(2105,1027,196,7,'2025-05-08 16:37:06',0),(2106,1027,197,8,'2025-05-08 16:37:07',0),(2107,1027,198,7,'2025-05-08 16:37:07',0),(2108,1029,185,6,'2025-05-08 16:37:08',0),(2109,1029,186,7,'2025-05-08 16:37:08',0),(2110,1029,187,8,'2025-05-08 16:37:09',0),(2111,1029,188,7,'2025-05-08 16:37:09',0),(2112,1029,189,8,'2025-05-08 16:37:09',0),(2113,1029,190,7,'2025-05-08 16:37:10',0),(2114,1029,191,8,'2025-05-08 16:37:11',0),(2115,1029,192,7,'2025-05-08 16:37:11',0),(2116,1029,193,8,'2025-05-08 16:37:11',0),(2117,1029,194,7,'2025-05-08 16:37:11',0),(2118,1029,195,8,'2025-05-08 16:37:12',0),(2119,1029,196,7,'2025-05-08 16:37:12',0),(2120,1029,197,8,'2025-05-08 16:37:13',0),(2121,1029,198,7,'2025-05-08 16:37:14',0),(2122,1030,185,8,'2025-05-08 16:37:14',0),(2123,1030,186,7,'2025-05-08 16:37:14',0),(2124,1030,187,8,'2025-05-08 16:37:14',0),(2125,1030,188,7,'2025-05-08 16:37:16',0),(2126,1030,189,6,'2025-05-08 16:37:17',0),(2127,1030,190,7,'2025-05-08 16:37:17',0),(2128,1030,191,7,'2025-05-08 16:37:18',0),(2129,1030,192,8,'2025-05-08 16:37:19',0),(2130,1030,193,6,'2025-05-08 16:37:19',0),(2131,1030,194,7,'2025-05-08 16:37:20',0),(2132,1030,195,8,'2025-05-08 16:37:20',0),(2133,1030,196,7,'2025-05-08 16:37:21',0),(2134,1030,197,8,'2025-05-08 16:37:21',0),(2135,1030,198,7,'2025-05-08 16:37:23',0),(2136,1032,185,8,'2025-05-08 16:37:23',0),(2137,1032,186,6,'2025-05-08 16:37:23',0),(2138,1032,187,7,'2025-05-08 16:37:24',0),(2139,1032,188,6,'2025-05-08 16:37:24',0),(2140,1032,189,8,'2025-05-08 16:37:24',0),(2141,1032,190,8,'2025-05-08 16:37:30',0),(2142,1032,191,7,'2025-05-08 16:37:31',0),(2143,1032,192,9,'2025-05-08 16:37:31',0),(2144,1032,193,6,'2025-05-08 16:37:32',0),(2145,1032,194,7,'2025-05-08 16:37:32',0),(2146,1032,195,8,'2025-05-08 16:37:33',0),(2147,1032,196,9,'2025-05-08 16:37:33',0),(2148,1032,197,7,'2025-05-08 16:37:34',0),(2149,1032,198,8,'2025-05-08 16:37:34',0),(2150,1041,185,9,'2025-05-08 16:37:34',0),(2151,1041,186,8,'2025-05-08 16:37:35',0),(2152,1041,187,7,'2025-05-08 16:37:35',0),(2153,1041,188,8,'2025-05-08 16:37:36',0),(2154,1041,189,9,'2025-05-08 16:37:36',0),(2155,1041,190,8,'2025-05-08 16:37:37',0),(2156,1041,191,7,'2025-05-08 16:37:37',0),(2157,1041,192,8,'2025-05-08 16:37:37',0),(2158,1041,193,7,'2025-05-08 16:37:38',0),(2159,1041,194,8,'2025-05-08 16:37:39',0),(2160,1041,195,7,'2025-05-08 16:37:39',0),(2161,1041,196,8,'2025-05-08 16:37:40',0),(2162,1041,197,7,'2025-05-08 16:37:40',0),(2163,1041,198,8,'2025-05-08 16:37:41',0),(2164,1043,185,7,'2025-05-08 16:37:41',0),(2165,1043,186,8,'2025-05-08 16:37:42',0),(2166,1043,187,7,'2025-05-08 16:37:42',0),(2167,1043,188,8,'2025-05-08 16:37:43',0),(2168,1043,189,7,'2025-05-08 16:37:43',0),(2169,1043,190,8,'2025-05-08 16:37:43',0),(2170,1043,191,7,'2025-05-08 16:37:44',0),(2171,1043,192,8,'2025-05-08 16:37:44',0),(2172,1043,193,7,'2025-05-08 16:37:44',0),(2173,1043,194,8,'2025-05-08 16:37:45',0),(2174,1043,195,7,'2025-05-08 16:37:45',0),(2175,1043,196,8,'2025-05-08 16:37:45',0),(2176,1043,197,7,'2025-05-08 16:37:47',0),(2177,1043,198,8,'2025-05-08 16:38:01',0),(2178,1057,185,8,'2025-05-08 16:38:02',0),(2179,1057,186,9,'2025-05-08 16:38:03',0),(2180,1057,187,7,'2025-05-08 16:38:03',0),(2181,1057,188,8,'2025-05-08 16:38:04',0),(2182,1057,189,7,'2025-05-08 16:38:04',0),(2183,1057,190,8,'2025-05-08 16:38:04',0),(2184,1057,191,9,'2025-05-08 16:38:05',0),(2185,1057,192,7,'2025-05-08 16:38:05',0),(2186,1057,193,8,'2025-05-08 16:38:07',0),(2187,1057,194,9,'2025-05-08 16:38:07',0),(2188,1057,195,8,'2025-05-08 16:38:07',0),(2189,1057,196,7,'2025-05-08 16:38:08',0),(2190,1057,197,8,'2025-05-08 16:38:08',0),(2191,1057,198,9,'2025-05-08 16:38:08',0),(2192,1059,185,8,'2025-05-08 16:38:08',0),(2193,1059,186,7,'2025-05-08 16:38:09',0),(2194,1059,187,8,'2025-05-08 16:38:09',0),(2195,1059,188,9,'2025-05-08 16:38:09',0),(2196,1059,189,8,'2025-05-08 16:38:09',0),(2197,1059,190,7,'2025-05-08 16:38:10',0),(2198,1059,191,8,'2025-05-08 16:38:10',0),(2199,1059,192,9,'2025-05-08 16:38:11',0),(2200,1059,193,8,'2025-05-08 16:38:11',0),(2201,1059,194,7,'2025-05-08 16:38:11',0),(2202,1059,195,8,'2025-05-08 16:38:12',0),(2203,1059,196,6,'2025-05-08 16:38:12',0),(2204,1059,197,5,'2025-05-08 16:38:13',0),(2205,1059,198,4,'2025-05-08 16:38:13',0),(2206,1060,185,6,'2025-05-08 16:38:14',0),(2207,1060,186,7,'2025-05-08 16:38:14',0),(2208,1060,187,7,'2025-05-08 16:38:14',0),(2209,1060,188,5,'2025-05-08 16:38:14',0),(2210,1060,189,7,'2025-05-08 16:38:18',0),(2211,1060,190,6,'2025-05-08 16:38:19',0),(2212,1060,191,8,'2025-05-08 16:38:19',0),(2213,1060,192,7,'2025-05-08 16:38:20',0),(2214,1060,193,7,'2025-05-08 16:38:20',0),(2215,1060,194,8,'2025-05-08 16:38:21',0),(2216,1060,195,7,'2025-05-08 16:38:22',0),(2217,1060,196,6,'2025-05-08 16:38:23',0),(2218,1060,197,7,'2025-05-08 16:38:24',0),(2219,1060,198,6,'2025-05-08 16:38:25',0),(2220,1073,185,7,'2025-05-08 16:38:25',0),(2221,1073,186,5,'2025-05-08 16:38:26',0),(2222,1073,187,6,'2025-05-08 16:38:26',0),(2223,1073,188,9,'2025-05-08 16:38:27',0),(2224,1073,189,8,'2025-05-08 16:38:27',0),(2225,1073,190,9,'2025-05-08 16:38:28',0),(2226,1073,191,8,'2025-05-08 16:38:29',0),(2227,1073,192,7,'2025-05-08 16:38:30',0),(2228,1073,193,8,'2025-05-08 16:38:30',0),(2229,1073,194,7,'2025-05-08 16:38:31',0),(2230,1073,195,6,'2025-05-08 16:38:32',0),(2231,1073,196,7,'2025-05-08 16:38:32',0),(2232,1073,197,8,'2025-05-08 16:38:33',0),(2233,1073,198,7,'2025-05-08 16:38:34',0),(2234,1081,185,6,'2025-05-08 16:38:34',0),(2235,1081,186,5,'2025-05-08 16:38:35',0),(2236,1081,187,8,'2025-05-08 16:38:35',0),(2237,1081,188,7,'2025-05-08 16:38:36',0),(2238,1081,189,9,'2025-05-08 16:38:36',0),(2239,1081,190,7,'2025-05-08 16:38:37',0),(2240,1081,191,8,'2025-05-08 16:38:38',0),(2241,1081,192,7,'2025-05-08 16:38:38',0),(2242,1081,193,8,'2025-05-08 16:38:39',0),(2243,1081,194,6,'2025-05-08 16:38:39',0),(2244,1081,195,7,'2025-05-08 16:38:40',0),(2245,1081,196,5,'2025-05-08 16:38:40',0),(2246,1081,197,6,'2025-05-08 16:38:41',0),(2247,1081,198,7,'2025-05-08 16:38:41',0),(2248,1090,185,8,'2025-05-08 16:38:42',0),(2249,1090,186,9,'2025-05-08 16:38:43',0),(2250,1090,187,7,'2025-05-08 16:38:43',0),(2251,1090,188,8,'2025-05-08 16:38:45',0),(2252,1090,189,7,'2025-05-08 16:38:45',0),(2253,1090,190,6,'2025-05-08 16:38:46',0),(2254,1090,191,7,'2025-05-08 16:38:46',0),(2255,1090,192,8,'2025-05-08 16:38:47',0),(2256,1090,193,9,'2025-05-08 16:38:48',0),(2257,1090,194,7,'2025-05-08 16:38:48',0),(2258,1090,195,8,'2025-05-08 16:38:49',0),(2259,1090,196,6,'2025-05-08 16:38:49',0),(2260,1090,197,7,'2025-05-08 16:38:50',0),(2261,1090,198,8,'2025-05-08 16:38:51',0),(2262,1091,185,7,'2025-05-08 16:38:51',0),(2263,1091,186,8,'2025-05-08 16:38:52',0),(2264,1091,187,9,'2025-05-08 16:38:53',0),(2265,1091,188,8,'2025-05-08 16:38:53',0),(2266,1091,189,7,'2025-05-08 16:38:54',0),(2267,1091,190,7,'2025-05-08 16:38:54',0),(2268,1091,191,6,'2025-05-08 16:38:55',0),(2269,1091,192,8,'2025-05-08 16:38:56',0),(2270,1091,193,7,'2025-05-08 16:38:56',0),(2271,1091,194,8,'2025-05-08 16:38:57',0),(2272,1091,195,9,'2025-05-08 16:38:57',0),(2273,1091,196,8,'2025-05-08 16:38:57',0),(2274,1091,197,6,'2025-05-08 16:38:58',0),(2275,1091,198,5,'2025-05-08 16:38:58',0),(2276,1092,185,6,'2025-05-08 16:38:59',0),(2277,1092,186,7,'2025-05-08 16:38:59',0),(2278,1092,187,8,'2025-05-08 16:38:59',0),(2279,1092,188,7,'2025-05-08 16:39:05',0),(2280,1092,189,8,'2025-05-08 16:39:05',0),(2281,1092,190,8,'2025-05-08 16:39:06',0),(2282,1092,191,9,'2025-05-08 16:39:07',0),(2283,1092,192,8,'2025-05-08 16:39:08',0),(2284,1092,193,7,'2025-05-08 16:39:09',0),(2285,1092,194,8,'2025-05-08 16:39:10',0),(2286,1092,195,9,'2025-05-08 16:39:11',0),(2287,1092,196,7,'2025-05-08 16:39:12',0),(2288,1092,197,8,'2025-05-08 16:39:12',0),(2289,1092,198,9,'2025-05-08 16:39:13',0),(2290,1093,185,7,'2025-05-08 16:39:14',0),(2291,1093,186,8,'2025-05-08 16:39:15',0),(2292,1093,187,9,'2025-05-08 16:39:16',0),(2293,1093,188,8,'2025-05-08 16:39:16',0),(2294,1093,189,9,'2025-05-08 16:39:17',0),(2295,1093,190,8,'2025-05-08 16:39:18',0),(2296,1093,191,7,'2025-05-08 16:39:18',0),(2297,1093,192,8,'2025-05-08 16:39:19',0),(2298,1093,193,7,'2025-05-08 16:39:20',0),(2299,1093,194,8,'2025-05-08 16:39:21',0),(2300,1093,195,7,'2025-05-08 16:39:21',0),(2301,1093,196,8,'2025-05-08 16:39:22',0),(2302,1093,197,7,'2025-05-08 16:39:23',0),(2303,1093,198,8,'2025-05-08 16:39:24',0),(2304,1094,185,7,'2025-05-08 16:39:24',0),(2305,1094,186,8,'2025-05-08 16:39:25',0),(2306,1094,187,9,'2025-05-08 16:39:26',0),(2307,1094,188,7,'2025-05-08 16:39:26',0),(2308,1094,189,8,'2025-05-08 16:39:27',0),(2309,1094,190,7,'2025-05-08 16:39:28',0),(2310,1094,191,8,'2025-05-08 16:39:29',0),(2311,1094,192,9,'2025-05-08 16:39:29',0),(2312,1094,193,8,'2025-05-08 16:39:30',0),(2313,1094,194,9,'2025-05-08 16:39:30',0),(2314,1094,195,7,'2025-05-08 16:39:31',0),(2315,1094,196,8,'2025-05-08 16:39:31',0),(2316,1094,197,9,'2025-05-08 16:39:33',0),(2317,1094,198,8,'2025-05-08 16:39:33',0),(2318,1095,185,7,'2025-05-08 16:39:35',0),(2319,1095,186,8,'2025-05-08 16:39:35',0),(2320,1095,187,9,'2025-05-08 16:39:36',0),(2321,1095,188,5,'2025-05-08 16:39:36',0),(2322,1095,189,6,'2025-05-08 16:39:37',0),(2323,1095,190,4,'2025-05-08 16:39:38',0),(2324,1095,191,7,'2025-05-08 16:39:38',0),(2325,1095,192,8,'2025-05-08 16:39:38',0),(2326,1095,193,9,'2025-05-08 16:39:39',0),(2327,1095,194,8,'2025-05-08 16:39:39',0),(2328,1095,195,7,'2025-05-08 16:39:40',0),(2329,1095,196,6,'2025-05-08 16:39:41',0),(2330,1095,197,7,'2025-05-08 16:39:41',0),(2331,1095,198,8,'2025-05-08 16:39:42',0),(2332,1096,185,4,'2025-05-08 16:39:42',0),(2333,1096,186,5,'2025-05-08 16:39:43',0),(2334,1096,187,6,'2025-05-08 16:39:43',0),(2335,1096,188,7,'2025-05-08 16:39:43',0),(2336,1096,189,8,'2025-05-08 16:39:44',0),(2337,1096,190,7,'2025-05-08 16:39:44',0),(2338,1096,191,6,'2025-05-08 16:39:45',0),(2339,1096,192,8,'2025-05-08 16:39:46',0),(2340,1096,193,7,'2025-05-08 16:39:46',0),(2341,1096,194,9,'2025-05-08 16:39:47',0),(2342,1096,195,7,'2025-05-08 16:39:47',0),(2343,1096,196,8,'2025-05-08 16:39:49',0),(2344,1096,197,9,'2025-05-08 16:39:49',0),(2345,1096,198,7,'2025-05-08 16:39:49',0),(2346,1097,185,8,'2025-05-08 16:39:50',0),(2347,1097,186,6,'2025-05-08 16:39:50',0),(2348,1097,187,5,'2025-05-08 16:39:50',0),(2349,1097,188,6,'2025-05-08 16:39:51',0),(2350,1097,189,7,'2025-05-08 16:39:51',0),(2351,1097,190,8,'2025-05-08 16:39:51',0),(2352,1097,191,9,'2025-05-08 16:39:53',0),(2353,1097,192,6,'2025-05-08 16:39:54',0),(2354,1097,193,7,'2025-05-08 16:39:54',0),(2355,1097,194,8,'2025-05-08 16:39:54',0),(2356,1097,195,9,'2025-05-08 16:39:54',0),(2357,1097,196,6,'2025-05-08 16:39:55',0),(2358,1097,197,7,'2025-05-08 16:39:55',0),(2359,1097,198,8,'2025-05-08 16:39:55',0),(2360,1092,199,7,'2025-05-08 16:54:29',0),(2361,1092,200,8,'2025-05-08 16:54:30',0),(2362,1092,201,9,'2025-05-08 16:54:30',0),(2363,1092,202,6,'2025-05-08 16:54:31',0),(2364,1092,203,7,'2025-05-08 16:54:32',0),(2365,1092,204,8,'2025-05-08 16:54:33',0),(2366,1092,205,7,'2025-05-08 16:54:33',0),(2367,1092,206,6,'2025-05-08 16:54:34',0),(2368,1092,207,8,'2025-05-08 16:54:35',0),(2369,1092,208,6,'2025-05-08 16:54:36',0),(2370,1092,209,7,'2025-05-08 16:54:37',0),(2371,1092,210,8,'2025-05-08 16:54:38',0),(2372,1092,211,7,'2025-05-08 16:54:39',0),(2373,1093,199,9,'2025-05-08 16:54:39',0),(2374,1093,200,7,'2025-05-08 16:54:41',0),(2375,1093,201,8,'2025-05-08 16:54:41',0),(2376,1093,202,8,'2025-05-08 16:54:42',0),(2377,1093,203,9,'2025-05-08 16:54:43',0),(2378,1093,204,7,'2025-05-08 16:54:43',0),(2379,1093,205,8,'2025-05-08 16:54:44',0),(2380,1093,206,6,'2025-05-08 16:54:44',0),(2381,1093,207,7,'2025-05-08 16:54:45',0),(2382,1093,208,8,'2025-05-08 16:54:46',0),(2383,1093,209,9,'2025-05-08 16:54:47',0),(2384,1093,210,6,'2025-05-08 16:54:47',0),(2385,1093,211,7,'2025-05-08 16:54:48',0),(2386,1094,199,8,'2025-05-08 16:54:49',0),(2387,1094,200,7,'2025-05-08 16:54:50',0),(2388,1094,201,8,'2025-05-08 16:54:50',0),(2389,1094,202,9,'2025-05-08 16:54:51',0),(2390,1094,203,7,'2025-05-08 16:54:51',0),(2391,1094,204,8,'2025-05-08 16:54:52',0),(2392,1094,205,7,'2025-05-08 16:54:52',0),(2393,1094,206,8,'2025-05-08 16:54:53',0),(2394,1094,207,9,'2025-05-08 16:54:53',0),(2395,1094,208,7,'2025-05-08 16:54:54',0),(2396,1094,209,6,'2025-05-08 16:54:54',0),(2397,1094,210,7,'2025-05-08 16:54:55',0),(2398,1094,211,8,'2025-05-08 16:54:56',0),(2399,1095,199,9,'2025-05-08 16:54:56',0),(2400,1095,200,8,'2025-05-08 16:54:57',0),(2401,1095,201,7,'2025-05-08 16:54:57',0),(2402,1095,202,6,'2025-05-08 16:54:58',0),(2403,1095,203,7,'2025-05-08 16:54:59',0),(2404,1095,204,8,'2025-05-08 16:54:59',0),(2405,1095,205,9,'2025-05-08 16:55:00',0),(2406,1095,206,7,'2025-05-08 16:55:00',0),(2407,1095,207,8,'2025-05-08 16:55:01',0),(2408,1095,208,7,'2025-05-08 16:55:02',0),(2409,1095,209,9,'2025-05-08 16:55:02',0),(2410,1095,210,8,'2025-05-08 16:55:03',0),(2411,1095,211,7,'2025-05-08 16:55:04',0),(2412,1096,199,8,'2025-05-08 16:55:04',0),(2413,1096,200,7,'2025-05-08 16:55:05',0),(2414,1096,201,8,'2025-05-08 16:55:05',0),(2415,1096,202,9,'2025-05-08 16:55:06',0),(2416,1096,203,8,'2025-05-08 16:55:07',0),(2417,1096,204,7,'2025-05-08 16:55:07',0),(2418,1096,205,8,'2025-05-08 16:55:08',0),(2419,1096,206,9,'2025-05-08 16:55:08',0),(2420,1096,207,8,'2025-05-08 16:55:09',0),(2421,1096,208,7,'2025-05-08 16:55:10',0),(2422,1096,209,8,'2025-05-08 16:55:10',0),(2423,1096,210,9,'2025-05-08 16:55:11',0),(2424,1096,211,7,'2025-05-08 16:55:11',0),(2425,1097,199,8,'2025-05-08 16:55:12',0),(2426,1097,200,9,'2025-05-08 16:55:13',0),(2427,1097,201,7,'2025-05-08 16:55:13',0),(2428,1097,202,6,'2025-05-08 16:55:14',0),(2429,1097,203,7,'2025-05-08 16:55:14',0),(2430,1097,204,6,'2025-05-08 16:55:15',0),(2431,1097,205,7,'2025-05-08 16:55:15',0),(2432,1097,206,8,'2025-05-08 16:55:16',0),(2433,1097,207,5,'2025-05-08 16:55:16',0),(2434,1097,208,6,'2025-05-08 16:55:17',0),(2435,1097,209,7,'2025-05-08 16:55:18',0),(2436,1097,210,8,'2025-05-08 16:55:18',0),(2437,1097,211,7,'2025-05-08 16:55:19',0),(2438,1091,199,7,'2025-05-08 16:55:49',0),(2439,1091,200,7,'2025-05-08 16:55:49',0),(2440,1091,201,8,'2025-05-08 16:55:50',0),(2441,1091,202,9,'2025-05-08 16:55:50',0),(2442,1091,203,6,'2025-05-08 16:55:51',0),(2443,1091,204,5,'2025-05-08 16:55:51',0),(2444,1091,205,6,'2025-05-08 16:55:52',0),(2445,1091,206,7,'2025-05-08 16:55:52',0),(2446,1091,207,5,'2025-05-08 16:55:53',0),(2447,1091,208,6,'2025-05-08 16:55:53',0),(2448,1091,209,7,'2025-05-08 16:55:54',0),(2449,1091,210,8,'2025-05-08 16:55:54',0),(2450,1091,211,7,'2025-05-08 16:55:55',0),(2451,1003,199,6,'2025-05-08 16:55:56',0),(2452,1003,200,7,'2025-05-08 16:55:56',0),(2453,1003,201,8,'2025-05-08 16:55:56',0),(2454,1003,202,7,'2025-05-08 16:55:57',0),(2455,1003,203,6,'2025-05-08 16:55:57',0),(2456,1003,204,7,'2025-05-08 16:55:58',0),(2457,1003,205,8,'2025-05-08 16:55:59',0),(2458,1003,206,5,'2025-05-08 16:55:59',0),(2459,1003,207,6,'2025-05-08 16:55:59',0),(2460,1003,208,7,'2025-05-08 16:56:00',0),(2461,1003,209,8,'2025-05-08 16:56:00',0),(2462,1003,210,6,'2025-05-08 16:56:01',0),(2463,1003,211,5,'2025-05-08 16:56:01',0),(2464,1015,199,6,'2025-05-08 16:56:01',0),(2465,1015,200,7,'2025-05-08 16:56:02',0),(2466,1015,201,8,'2025-05-08 16:56:02',0),(2467,1015,202,6,'2025-05-08 16:56:03',0),(2468,1015,203,5,'2025-05-08 16:56:03',0),(2469,1015,204,7,'2025-05-08 16:56:04',0),(2470,1015,205,6,'2025-05-08 16:56:04',0),(2471,1015,206,5,'2025-05-08 16:56:05',0),(2472,1015,207,7,'2025-05-08 16:56:05',0),(2473,1015,208,8,'2025-05-08 16:56:06',0),(2474,1015,209,7,'2025-05-08 16:56:06',0),(2475,1015,210,6,'2025-05-08 16:56:06',0),(2476,1015,211,7,'2025-05-08 16:56:07',0),(2477,1043,199,8,'2025-05-08 16:56:07',0),(2478,1043,200,6,'2025-05-08 16:56:08',0),(2479,1043,201,5,'2025-05-08 16:56:08',0),(2480,1043,202,6,'2025-05-08 16:56:09',0),(2481,1043,203,7,'2025-05-08 16:56:09',0),(2482,1043,204,8,'2025-05-08 16:56:10',0),(2483,1043,205,6,'2025-05-08 16:56:10',0),(2484,1043,206,5,'2025-05-08 16:56:11',0),(2485,1043,207,6,'2025-05-08 16:56:11',0),(2486,1043,208,7,'2025-05-08 16:56:12',0),(2487,1043,209,6,'2025-05-08 16:56:12',0),(2488,1043,210,8,'2025-05-08 16:56:12',0),(2489,1043,211,9,'2025-05-08 16:56:13',0),(2490,1057,199,7,'2025-05-08 16:56:13',0),(2491,1057,200,6,'2025-05-08 16:56:14',0),(2492,1057,201,5,'2025-05-08 16:56:14',0),(2493,1057,202,7,'2025-05-08 16:56:15',0),(2494,1057,203,6,'2025-05-08 16:56:15',0),(2495,1057,204,5,'2025-05-08 16:56:16',0),(2496,1057,205,6,'2025-05-08 16:56:16',0),(2497,1057,206,7,'2025-05-08 16:56:17',0),(2498,1057,207,8,'2025-05-08 16:56:17',0),(2499,1057,208,7,'2025-05-08 16:56:17',0),(2500,1057,209,6,'2025-05-08 16:56:18',0),(2501,1057,210,7,'2025-05-08 16:56:18',0),(2502,1057,211,8,'2025-05-08 16:56:19',0),(2503,1027,199,7,'2025-05-08 16:56:19',0),(2504,1027,200,6,'2025-05-08 16:56:20',0),(2505,1027,201,7,'2025-05-08 16:56:20',0),(2506,1027,202,8,'2025-05-08 16:56:21',0),(2507,1027,203,7,'2025-05-08 16:56:21',0),(2508,1027,204,8,'2025-05-08 16:56:22',0),(2509,1027,205,7,'2025-05-08 16:56:23',0),(2510,1027,206,8,'2025-05-08 16:56:23',0),(2511,1027,207,7,'2025-05-08 16:56:24',0),(2512,1027,208,8,'2025-05-08 16:56:24',0),(2513,1027,209,6,'2025-05-08 16:56:24',0),(2514,1027,210,7,'2025-05-08 16:56:24',0),(2515,1027,211,5,'2025-05-08 16:56:25',0),(2516,1059,199,7,'2025-05-08 16:56:25',0),(2517,1059,200,6,'2025-05-08 16:56:26',0),(2518,1059,201,7,'2025-05-08 16:56:26',0),(2519,1059,202,8,'2025-05-08 16:56:27',0),(2520,1059,203,7,'2025-05-08 16:56:27',0),(2521,1059,204,6,'2025-05-08 16:56:28',0),(2522,1059,205,7,'2025-05-08 16:56:29',0),(2523,1059,206,8,'2025-05-08 16:56:29',0),(2524,1059,207,7,'2025-05-08 16:56:29',0),(2525,1059,208,8,'2025-05-08 16:56:30',0),(2526,1059,209,6,'2025-05-08 16:56:30',0),(2527,1059,210,7,'2025-05-08 16:56:31',0),(2528,1059,211,8,'2025-05-08 16:56:31',0),(2529,1029,199,7,'2025-05-08 16:56:32',0),(2530,1029,200,6,'2025-05-08 16:56:32',0),(2531,1029,201,7,'2025-05-08 16:56:33',0),(2532,1029,202,6,'2025-05-08 16:56:33',0),(2533,1029,203,7,'2025-05-08 16:56:33',0),(2534,1029,204,8,'2025-05-08 16:56:34',0),(2535,1029,205,6,'2025-05-08 16:56:34',0),(2536,1029,206,7,'2025-05-08 16:56:35',0),(2537,1029,207,8,'2025-05-08 16:56:35',0),(2538,1029,208,6,'2025-05-08 16:56:36',0),(2539,1029,209,7,'2025-05-08 16:56:36',0),(2540,1029,210,8,'2025-05-08 16:56:37',0),(2541,1029,211,8,'2025-05-08 16:56:38',0),(2542,1012,199,6,'2025-05-08 16:56:38',0),(2543,1012,200,7,'2025-05-08 16:56:39',0),(2544,1012,201,5,'2025-05-08 16:56:39',0),(2545,1012,202,6,'2025-05-08 16:56:40',0),(2546,1012,203,7,'2025-05-08 16:56:40',0),(2547,1012,204,8,'2025-05-08 16:56:41',0),(2548,1012,205,6,'2025-05-08 16:56:41',0),(2549,1012,206,7,'2025-05-08 16:56:42',0),(2550,1012,207,8,'2025-05-08 16:56:43',0),(2551,1012,208,6,'2025-05-08 16:56:43',0),(2552,1012,209,7,'2025-05-08 16:56:44',0),(2553,1012,210,6,'2025-05-08 16:56:44',0),(2554,1012,211,7,'2025-05-08 16:56:45',0),(2555,1032,199,6,'2025-05-08 16:56:45',0),(2556,1032,200,7,'2025-05-08 16:56:45',0),(2557,1032,201,6,'2025-05-08 16:56:46',0),(2558,1032,202,7,'2025-05-08 16:56:46',0),(2559,1032,203,6,'2025-05-08 16:56:47',0),(2560,1032,204,7,'2025-05-08 16:56:47',0),(2561,1032,205,6,'2025-05-08 16:56:48',0),(2562,1032,206,7,'2025-05-08 16:56:48',0),(2563,1032,207,6,'2025-05-08 16:56:49',0),(2564,1032,208,7,'2025-05-08 16:56:49',0),(2565,1032,209,6,'2025-05-08 16:56:49',0),(2566,1032,210,7,'2025-05-08 16:56:50',0),(2567,1032,211,6,'2025-05-08 16:56:50',0),(2568,1008,199,7,'2025-05-08 16:56:50',0),(2569,1008,200,6,'2025-05-08 16:56:51',0),(2570,1008,201,7,'2025-05-08 16:56:51',0),(2571,1008,202,8,'2025-05-08 16:56:52',0),(2572,1008,203,6,'2025-05-08 16:56:52',0),(2573,1008,204,8,'2025-05-08 16:56:53',0),(2574,1008,205,9,'2025-05-08 16:56:54',0),(2575,1008,206,7,'2025-05-08 16:56:54',0),(2576,1008,207,8,'2025-05-08 16:56:54',0),(2577,1008,208,7,'2025-05-08 16:56:55',0),(2578,1008,209,6,'2025-05-08 16:56:55',0),(2579,1008,210,7,'2025-05-08 16:56:55',0),(2580,1008,211,8,'2025-05-08 16:56:56',0),(2581,1021,199,7,'2025-05-08 16:56:56',0),(2582,1021,200,6,'2025-05-08 16:56:57',0),(2583,1021,201,9,'2025-05-08 16:56:57',0),(2584,1021,202,7,'2025-05-08 16:56:57',0),(2585,1021,203,8,'2025-05-08 16:56:58',0),(2586,1021,204,6,'2025-05-08 16:56:58',0),(2587,1021,205,7,'2025-05-08 16:56:59',0),(2588,1021,206,6,'2025-05-08 16:57:00',0),(2589,1021,207,7,'2025-05-08 16:57:00',0),(2590,1021,208,6,'2025-05-08 16:57:00',0),(2591,1021,209,7,'2025-05-08 16:57:00',0),(2592,1021,210,6,'2025-05-08 16:57:01',0),(2593,1021,211,7,'2025-05-08 16:57:02',0),(2594,1081,199,8,'2025-05-08 16:57:02',0),(2595,1081,200,7,'2025-05-08 16:57:02',0),(2596,1081,201,6,'2025-05-08 16:57:03',0),(2597,1081,202,7,'2025-05-08 16:57:03',0),(2598,1081,203,8,'2025-05-08 16:57:03',0),(2599,1081,204,7,'2025-05-08 16:57:04',0),(2600,1081,205,8,'2025-05-08 16:57:05',0),(2601,1081,206,7,'2025-05-08 16:57:05',0),(2602,1081,207,8,'2025-05-08 16:57:05',0),(2603,1081,208,7,'2025-05-08 16:57:06',0),(2604,1081,209,8,'2025-05-08 16:57:06',0),(2605,1081,210,7,'2025-05-08 16:57:06',0),(2606,1081,211,8,'2025-05-08 16:57:06',0),(2607,1009,199,7,'2025-05-08 16:57:07',0),(2608,1009,200,8,'2025-05-08 16:57:07',0),(2609,1009,201,7,'2025-05-08 16:57:08',0),(2610,1009,202,8,'2025-05-08 16:57:08',0),(2611,1009,203,7,'2025-05-08 16:57:08',0),(2612,1009,204,8,'2025-05-08 16:57:10',0),(2613,1009,205,7,'2025-05-08 16:57:10',0),(2614,1009,206,8,'2025-05-08 16:57:10',0),(2615,1009,207,6,'2025-05-08 16:57:10',0),(2616,1009,208,7,'2025-05-08 16:57:11',0),(2617,1009,209,8,'2025-05-08 16:57:11',0),(2618,1009,210,6,'2025-05-08 16:57:11',0),(2619,1009,211,8,'2025-05-08 16:57:12',0),(2620,1041,199,6,'2025-05-08 16:57:12',0),(2621,1041,200,7,'2025-05-08 16:57:12',0),(2622,1041,201,8,'2025-05-08 16:57:13',0),(2623,1041,202,6,'2025-05-08 16:57:13',0),(2624,1041,203,7,'2025-05-08 16:57:14',0),(2625,1041,204,6,'2025-05-08 16:57:14',0),(2626,1041,205,7,'2025-05-08 16:57:15',0),(2627,1041,206,8,'2025-05-08 16:57:15',0),(2628,1041,207,6,'2025-05-08 16:57:16',0),(2629,1041,208,7,'2025-05-08 16:57:16',0),(2630,1041,209,8,'2025-05-08 16:57:16',0),(2631,1041,210,6,'2025-05-08 16:57:17',0),(2632,1041,211,7,'2025-05-08 16:57:17',0),(2633,1025,199,8,'2025-05-08 16:57:17',0),(2634,1025,200,7,'2025-05-08 16:57:18',0),(2635,1025,201,8,'2025-05-08 16:57:18',0),(2636,1025,202,7,'2025-05-08 16:57:19',0),(2637,1025,203,8,'2025-05-08 16:57:19',0),(2638,1025,204,7,'2025-05-08 16:57:20',0),(2639,1025,205,9,'2025-05-08 16:57:22',0),(2640,1025,206,8,'2025-05-08 16:57:22',0),(2641,1025,207,6,'2025-05-08 16:57:23',0),(2642,1025,208,7,'2025-05-08 16:57:24',0),(2643,1025,209,5,'2025-05-08 16:57:24',0),(2644,1025,210,6,'2025-05-08 16:57:25',0),(2645,1025,211,7,'2025-05-08 16:57:25',0),(2646,1090,199,8,'2025-05-08 16:57:25',0),(2647,1090,200,6,'2025-05-08 16:57:25',0),(2648,1090,201,7,'2025-05-08 16:57:26',0),(2649,1090,202,8,'2025-05-08 16:57:27',0),(2650,1090,203,5,'2025-05-08 16:57:27',0),(2651,1090,204,6,'2025-05-08 16:57:27',0),(2652,1090,205,5,'2025-05-08 16:57:28',0),(2653,1090,206,6,'2025-05-08 16:57:28',0),(2654,1090,207,7,'2025-05-08 16:57:28',0),(2655,1090,208,6,'2025-05-08 16:57:29',0),(2656,1090,209,5,'2025-05-08 16:57:29',0),(2657,1090,211,7,'2025-05-08 16:57:30',0),(2658,1073,199,6,'2025-05-08 16:57:30',0),(2659,1090,210,8,'2025-05-08 16:57:38',0),(2660,1073,200,9,'2025-05-08 16:57:40',0),(2661,1073,201,7,'2025-05-08 16:57:41',0),(2662,1073,202,8,'2025-05-08 16:57:42',0),(2663,1073,203,6,'2025-05-08 16:57:42',0),(2664,1073,204,7,'2025-05-08 16:57:42',0),(2665,1073,205,8,'2025-05-08 16:57:43',0),(2666,1073,206,7,'2025-05-08 16:57:43',0),(2667,1073,207,8,'2025-05-08 16:57:45',0),(2668,1073,208,7,'2025-05-08 16:57:45',0),(2669,1073,209,8,'2025-05-08 16:57:45',0),(2670,1073,210,7,'2025-05-08 16:57:46',0),(2671,1073,211,9,'2025-05-08 16:57:46',0),(2672,1017,199,5,'2025-05-08 16:57:46',0),(2673,1017,200,6,'2025-05-08 16:57:46',0),(2674,1017,201,7,'2025-05-08 16:57:47',0),(2675,1017,202,8,'2025-05-08 16:57:48',0),(2676,1017,203,6,'2025-05-08 16:57:48',0),(2677,1017,204,7,'2025-05-08 16:57:48',0),(2678,1017,205,8,'2025-05-08 16:57:49',0),(2679,1017,206,4,'2025-05-08 16:57:49',0),(2680,1017,207,3,'2025-05-08 16:57:49',0),(2681,1017,208,5,'2025-05-08 16:57:50',0),(2682,1017,209,6,'2025-05-08 16:57:50',0),(2683,1017,210,7,'2025-05-08 16:57:50',0),(2684,1017,211,8,'2025-05-08 16:57:53',0),(2685,1060,199,7,'2025-05-08 16:57:53',0),(2686,1060,200,6,'2025-05-08 16:57:53',0),(2687,1060,201,7,'2025-05-08 16:57:53',0),(2688,1060,202,8,'2025-05-08 16:57:53',0),(2689,1060,203,9,'2025-05-08 16:57:53',0),(2690,1060,204,7,'2025-05-08 16:57:53',0),(2691,1060,205,8,'2025-05-08 16:57:54',0),(2692,1060,206,7,'2025-05-08 16:57:54',0),(2693,1060,207,8,'2025-05-08 16:57:55',0),(2694,1060,208,7,'2025-05-08 16:57:56',0),(2695,1060,209,6,'2025-05-08 16:57:56',0),(2696,1060,210,7,'2025-05-08 16:57:56',0),(2697,1060,211,6,'2025-05-08 16:57:57',0),(2698,1006,199,7,'2025-05-08 16:57:57',0),(2699,1006,200,7,'2025-05-08 16:58:02',0),(2700,1006,201,6,'2025-05-08 16:58:02',0),(2701,1006,202,7,'2025-05-08 16:58:03',0),(2702,1006,203,6,'2025-05-08 16:58:04',0),(2703,1006,204,8,'2025-05-08 16:58:04',0),(2704,1006,205,7,'2025-05-08 16:58:05',0),(2705,1006,206,8,'2025-05-08 16:58:06',0),(2706,1006,207,9,'2025-05-08 16:58:06',0),(2707,1006,208,6,'2025-05-08 16:58:06',0),(2708,1006,209,7,'2025-05-08 16:58:07',0),(2709,1006,210,5,'2025-05-08 16:58:08',0),(2710,1006,211,6,'2025-05-08 16:58:08',0),(2711,1030,199,7,'2025-05-08 16:58:08',0),(2712,1030,200,6,'2025-05-08 16:58:08',0),(2713,1030,201,7,'2025-05-08 16:58:09',0),(2714,1030,202,8,'2025-05-08 16:58:09',0),(2715,1030,203,7,'2025-05-08 16:58:11',0),(2716,1030,204,6,'2025-05-08 16:58:11',0),(2717,1030,205,7,'2025-05-08 16:58:11',0),(2718,1030,206,8,'2025-05-08 16:58:12',0),(2719,1030,207,6,'2025-05-08 16:58:12',0),(2720,1030,208,7,'2025-05-08 16:58:12',0),(2721,1030,209,8,'2025-05-08 16:58:12',0),(2722,1030,210,7,'2025-05-08 16:58:12',0),(2723,1030,211,6,'2025-05-08 16:58:13',0);

/*Table structure for table `tbl_student_semester_score` */

DROP TABLE IF EXISTS `tbl_student_semester_score`;

CREATE TABLE `tbl_student_semester_score` (
  `student_semester_score_id` int(10) unsigned NOT NULL AUTO_INCREMENT,
  `student_id` int(10) unsigned NOT NULL,
  `semester_exam_subject_id` int(11) NOT NULL,
  `score` float NOT NULL,
  `create_date` timestamp NOT NULL DEFAULT current_timestamp(),
  `isDeleted` int(2) DEFAULT 0,
  PRIMARY KEY (`student_semester_score_id`),
  KEY `student_id` (`student_id`),
  KEY `semester_exam_subject_id` (`semester_exam_subject_id`),
  CONSTRAINT `semester_exam_subject_id` FOREIGN KEY (`semester_exam_subject_id`) REFERENCES `tbl_semester_exam_subjects` (`id`) ON DELETE CASCADE,
  CONSTRAINT `tbl_student_semester_score_ibfk_1` FOREIGN KEY (`student_id`) REFERENCES `tbl_student_info` (`student_id`) ON DELETE CASCADE
) ENGINE=InnoDB AUTO_INCREMENT=208 DEFAULT CHARSET=utf8mb4 COLLATE=utf8mb4_general_ci;

/*Data for the table `tbl_student_semester_score` */

/*Table structure for table `tbl_study` */

DROP TABLE IF EXISTS `tbl_study`;

CREATE TABLE `tbl_study` (
  `study_id` int(10) unsigned NOT NULL AUTO_INCREMENT,
  `student_id` int(10) unsigned NOT NULL,
  `class_id` int(10) unsigned NOT NULL,
  `year_study_id` int(10) unsigned NOT NULL,
  `enrollment_date` date NOT NULL DEFAULT curdate(),
  `status` varchar(50) DEFAULT 'active',
  `create_date` timestamp NOT NULL DEFAULT current_timestamp(),
  `isDeleted` int(2) DEFAULT 0,
  PRIMARY KEY (`study_id`),
  KEY `student_id` (`student_id`),
  KEY `class_id` (`class_id`),
  KEY `year_study_id` (`year_study_id`),
  CONSTRAINT `fk_study_class` FOREIGN KEY (`class_id`) REFERENCES `tbl_classroom` (`class_id`),
  CONSTRAINT `fk_study_student` FOREIGN KEY (`student_id`) REFERENCES `tbl_student_info` (`student_id`),
  CONSTRAINT `fk_study_year` FOREIGN KEY (`year_study_id`) REFERENCES `tbl_year_study` (`year_study_id`)
) ENGINE=InnoDB AUTO_INCREMENT=156 DEFAULT CHARSET=utf8mb4 COLLATE=utf8mb4_general_ci;

/*Data for the table `tbl_study` */

insert  into `tbl_study`(`study_id`,`student_id`,`class_id`,`year_study_id`,`enrollment_date`,`status`,`create_date`,`isDeleted`) values (128,1091,10,1,'2025-05-08','active','2025-05-08 16:34:48',0),(129,1092,10,1,'2025-05-08','active','2025-05-08 16:34:48',0),(130,1003,10,1,'2025-05-08','active','2025-05-08 16:34:48',0),(131,1015,10,1,'2025-05-08','active','2025-05-08 16:34:48',0),(132,1043,10,1,'2025-05-08','active','2025-05-08 16:34:48',0),(133,1057,10,1,'2025-05-08','active','2025-05-08 16:34:48',0),(134,1093,10,1,'2025-05-08','active','2025-05-08 16:34:48',0),(135,1027,10,1,'2025-05-08','active','2025-05-08 16:34:48',0),(136,1059,10,1,'2025-05-08','active','2025-05-08 16:34:48',0),(137,1029,10,1,'2025-05-08','active','2025-05-08 16:34:48',0),(138,1012,10,1,'2025-05-08','active','2025-05-08 16:34:48',0),(139,1032,10,1,'2025-05-08','active','2025-05-08 16:34:48',0),(140,1008,10,1,'2025-05-08','active','2025-05-08 16:34:48',0),(141,1094,10,1,'2025-05-08','active','2025-05-08 16:34:48',0),(142,1021,10,1,'2025-05-08','active','2025-05-08 16:34:48',0),(143,1081,10,1,'2025-05-08','active','2025-05-08 16:34:48',0),(144,1009,10,1,'2025-05-08','active','2025-05-08 16:34:48',0),(145,1041,10,1,'2025-05-08','active','2025-05-08 16:34:48',0),(146,1025,10,1,'2025-05-08','active','2025-05-08 16:34:48',0),(147,1090,10,1,'2025-05-08','active','2025-05-08 16:34:48',0),(148,1073,10,1,'2025-05-08','active','2025-05-08 16:34:48',0),(149,1095,10,1,'2025-05-08','active','2025-05-08 16:34:48',0),(150,1096,10,1,'2025-05-08','active','2025-05-08 16:34:48',0),(151,1097,10,1,'2025-05-08','active','2025-05-08 16:34:48',0),(152,1017,10,1,'2025-05-08','active','2025-05-08 16:34:48',0),(153,1060,10,1,'2025-05-08','active','2025-05-08 16:34:48',0),(154,1006,10,1,'2025-05-08','active','2025-05-08 16:34:48',0),(155,1030,10,1,'2025-05-08','active','2025-05-08 16:34:48',0);

/*Table structure for table `tbl_subject` */

DROP TABLE IF EXISTS `tbl_subject`;

CREATE TABLE `tbl_subject` (
  `subject_code` int(10) unsigned NOT NULL AUTO_INCREMENT,
  `subject_name` varchar(255) NOT NULL,
  `create_date` timestamp NOT NULL DEFAULT current_timestamp(),
  `isDeleted` int(2) DEFAULT 0,
  PRIMARY KEY (`subject_code`),
  UNIQUE KEY `unique_subject_name` (`subject_name`),
  UNIQUE KEY `subject_name` (`subject_name`)
) ENGINE=InnoDB AUTO_INCREMENT=31 DEFAULT CHARSET=utf8mb4 COLLATE=utf8mb4_general_ci;

/*Data for the table `tbl_subject` */

insert  into `tbl_subject`(`subject_code`,`subject_name`,`create_date`,`isDeleted`) values (1,'គណិតវិទ្យា','2025-02-24 11:59:00',0),(2,'ភាសាខ្មែរ','2025-02-24 11:59:08',0),(3,'វិទ្យាសាស្ត្រ','2025-02-24 17:58:35',0),(4,'សិក្សាសង្គម','2025-02-24 17:58:44',0),(5,'អប់រំកាយ-សុខភាពកីឡា','2025-02-24 17:59:07',0),(6,'អប់រំបំណិនជីវិត','2025-02-24 17:59:20',0),(7,'ភាសាបរទេស','2025-02-24 17:59:34',0),(8,'សម្ថភាពស្ដាប់','2025-02-27 23:58:11',0),(9,'សម្ថភាពសរសេរ','2025-02-27 23:58:20',0),(10,'សម្ថភាពអាន','2025-02-27 23:58:29',0),(11,'សម្ថភាពនិយាយ','2025-02-27 23:58:37',0),(12,'ចំនួន','2025-02-27 23:58:41',0),(13,'រង្វាស់រង្វាល់','2025-02-27 23:58:50',0),(14,'ធរណីមាត្រ','2025-02-27 23:58:57',0),(15,'ពីជគណិត','2025-02-27 23:59:04',0),(16,'ស្ថិតិ','2025-02-27 23:59:11',0),(17,'រូបវិទ្យា','2025-02-27 23:59:19',0),(18,'គីមីវិទ្យា','2025-02-27 23:59:26',0),(19,'ជីវវិទ្យា','2025-02-27 23:59:36',0),(20,'ផែនដី-បរិស្ថានវិទ្យា','2025-02-27 23:59:55',0),(21,'សីលធម៌-ពលរដ្ឋវិទ្យា','2025-02-28 00:00:11',0),(22,'ភូមិវិទ្យា','2025-02-28 00:00:20',0),(23,'ប្រវត្តិវិទ្យា','2025-02-28 00:00:32',0),(24,'គេហវិទ្យា-អប់រំសិល្បៈ','2025-02-28 00:00:55',0),(25,'អប់រំកាយ-កីឡា','2025-02-28 00:01:08',0),(26,'សុខភាព-អនាម័យ','2025-02-28 00:01:24',0);

/*Table structure for table `tbl_user` */

DROP TABLE IF EXISTS `tbl_user`;

CREATE TABLE `tbl_user` (
  `user_id` int(10) unsigned NOT NULL AUTO_INCREMENT,
  `full_name` varchar(255) DEFAULT NULL,
  `user_name` varchar(255) NOT NULL,
  `password` varchar(255) NOT NULL,
  `phone` varchar(255) NOT NULL,
  `user_type` varchar(255) NOT NULL,
  `status` int(2) DEFAULT 1,
  `created_date` timestamp NOT NULL DEFAULT current_timestamp(),
  `isDeleted` int(2) DEFAULT 0,
  PRIMARY KEY (`user_id`)
) ENGINE=InnoDB AUTO_INCREMENT=9 DEFAULT CHARSET=utf8mb4 COLLATE=utf8mb4_general_ci;

/*Data for the table `tbl_user` */

insert  into `tbl_user`(`user_id`,`full_name`,`user_name`,`password`,`phone`,`user_type`,`status`,`created_date`,`isDeleted`) values (1,'ពៅ សំ','khmersr','$2y$10$Q.VLgo/R..2KsmPCie8oMe1PwiQZoix5EQB6a8A3TyUINt4uPiOf2','098582828','admin',1,'2025-02-02 11:41:40',0),(2,'Norea PMS','admin_norea','$2y$10$0BlKYh8a5PqSZBtTVbAASOnBhEdrxj4gnQHPU1u.sD1HlVamaqCxq','0123456789','super_admin',1,'2025-02-02 11:41:44',0),(3,'នី ឡេនីន','lenin','$2y$10$2OCIICvBQ6bkOBklqc7ZXuE2hu.o441OMA.m5o8jzUPPVJYOyrBL6','054359273','user',1,'2025-02-02 11:42:01',0),(4,'ផល សុផាត','sophat','$2y$10$G7cJ98GTijEFlaTVCTOSGugAt6k5Oo3LtrbTqgjlmxY/3ocQbayay','0123456','user',1,'2025-02-11 23:15:10',0),(5,'ឃុត ទីណា','tina','$2y$10$yegGusbbXzg0EQocY4SoCeFVncn31a1WzcDGaPVZ4nbFEfw6KVohK','099887766','user',1,'2025-04-06 15:08:14',0),(6,'បោយ លីន','test','$2y$10$tkvDTFUzRI7ei3fFYEb3hOEJu2YMehkVoXemeTuRSMGVWJMl4r3Y2','0123456','user',1,'2025-04-30 21:58:17',0),(7,'អ៊ុំ វ៉ាន់ច័ន្ទ','hhhhh','$2y$10$p5IUQGhqaVG5bu8EEYH3ROdk03XREOBENoXc1/9SIjjifLZzFGqFi','092783456','user',1,'2025-05-01 10:32:24',0),(8,'ពៅ សំ','hhbb','$2y$10$sdWAXhwIr/eqZPPUQyEmX.ghXKQYbDhDTem3F41l898Qa/w4wNTg2','0123456','user',1,'2025-05-04 21:43:49',0);

/*Table structure for table `tbl_year_study` */

DROP TABLE IF EXISTS `tbl_year_study`;

CREATE TABLE `tbl_year_study` (
  `year_study_id` int(10) unsigned NOT NULL AUTO_INCREMENT,
  `year_study` varchar(255) NOT NULL,
  `create_date` timestamp NOT NULL DEFAULT current_timestamp(),
  `isDeleted` int(2) DEFAULT 0,
  PRIMARY KEY (`year_study_id`),
  UNIQUE KEY `year_study` (`year_study`)
) ENGINE=InnoDB AUTO_INCREMENT=6 DEFAULT CHARSET=utf8mb4 COLLATE=utf8mb4_general_ci;

/*Data for the table `tbl_year_study` */

insert  into `tbl_year_study`(`year_study_id`,`year_study`,`create_date`,`isDeleted`) values (1,'២០២៥-២០២៦','2025-02-02 09:49:37',0),(2,'២០២៦-២០២៧','2025-02-02 09:49:37',0),(3,'២០២៧-២០២៨','2025-02-02 09:49:37',0),(4,'២០២៨-២០២៩','2025-04-08 17:37:54',0),(5,'២០២៩-២០៣០','2025-04-08 17:43:17',0);

/* Procedure structure for procedure `CalculateFinalSemesterAverage` */

/*!50003 DROP PROCEDURE IF EXISTS  `CalculateFinalSemesterAverage` */;

DELIMITER $$

/*!50003 CREATE DEFINER=`root`@`localhost` PROCEDURE `CalculateFinalSemesterAverage`(
    IN p_student_id INT,
    IN p_semester_id INT,
    IN p_class_id INT,
    IN p_monthly_ids VARCHAR(255)
)
BEGIN
    DECLARE v_monthly_avg DECIMAL(5,2);
    DECLARE v_semester_exam_avg DECIMAL(5,2);
    
    -- Calculate monthly average using the exact same method as CalculateStudentMonthlyAverage
    WITH monthly_scores AS (
        SELECT 
            sms.student_id,
            csms.monthly_id,
            AVG(sms.score) as monthly_average
        FROM tbl_student_monthly_score sms
        JOIN classroom_subject_monthly_score csms 
            ON sms.classroom_subject_monthly_score_id = csms.classroom_subject_monthly_score_id
        WHERE sms.student_id = p_student_id
        AND csms.class_id = p_class_id
        AND FIND_IN_SET(csms.monthly_id, p_monthly_ids)
        AND sms.isDeleted = 0
        GROUP BY sms.student_id, csms.monthly_id
    )
    SELECT AVG(monthly_average) INTO v_monthly_avg
    FROM monthly_scores;
    
    -- Calculate semester exam average
    SELECT 
        AVG(sss.score) INTO v_semester_exam_avg
    FROM tbl_student_semester_score sss
    JOIN tbl_semester_exam_subjects ses 
        ON sss.semester_exam_subject_id = ses.id
    WHERE sss.student_id = p_student_id
    AND ses.semester_id = p_semester_id
    AND ses.class_id = p_class_id
    AND sss.isDeleted = 0;
    
    -- Calculate final average
    SELECT 
        p_student_id as student_id,
        v_monthly_avg as monthly_average,
        v_semester_exam_avg as semester_exam_average,
        (v_monthly_avg + v_semester_exam_avg) / 2 as final_semester_average;
END */$$
DELIMITER ;

/* Procedure structure for procedure `CalculateMonthlyAverage` */

/*!50003 DROP PROCEDURE IF EXISTS  `CalculateMonthlyAverage` */;

DELIMITER $$

/*!50003 CREATE DEFINER=`root`@`localhost` PROCEDURE `CalculateMonthlyAverage`(
    IN p_student_id INT,
    IN p_monthly_ids VARCHAR(255)  -- Comma-separated list of selected month IDs
)
BEGIN
    -- First, calculate average for each month separately
    WITH monthly_averages AS (
        SELECT 
            csms.monthly_id,
            m.month_name,
            COUNT(DISTINCT csms.assign_subject_grade_id) as subjects_in_month,
            AVG(sms.score) as month_average,
            SUM(sms.score) as month_total
        FROM tbl_student_monthly_score sms
        JOIN classroom_subject_monthly_score csms 
            ON sms.classroom_subject_monthly_score_id = csms.classroom_subject_monthly_score_id
        JOIN tbl_monthly m ON csms.monthly_id = m.monthly_id
        WHERE sms.student_id = p_student_id
        AND FIND_IN_SET(csms.monthly_id, p_monthly_ids)
        AND sms.isDeleted = 0
        AND csms.isDeleted = 0
        GROUP BY csms.monthly_id, m.month_name
    )
    -- Then calculate the overall average
    SELECT 
        AVG(month_average) as overall_average,
        COUNT(DISTINCT monthly_id) as months_counted,
        SUM(subjects_in_month) as total_subjects,
        GROUP_CONCAT(
            CONCAT(month_name, ' (', subjects_in_month, ' subjects, avg: ', ROUND(month_average, 2), ')')
            ORDER BY monthly_id
        ) as monthly_details,
        SUM(month_total) as total_score
    FROM monthly_averages;
END */$$
DELIMITER ;

/* Procedure structure for procedure `CalculateSemesterScore` */

/*!50003 DROP PROCEDURE IF EXISTS  `CalculateSemesterScore` */;

DELIMITER $$

/*!50003 CREATE DEFINER=`root`@`localhost` PROCEDURE `CalculateSemesterScore`(
    IN p_student_id INT,
    IN p_class_id INT,
    IN p_semester_id INT,
    IN p_monthly_ids VARCHAR(255)
)
BEGIN
    SELECT 
        sms.student_id,
        si.student_name,
        AVG(sms.score) as monthly_average,
        COUNT(DISTINCT csms.monthly_id) as months_counted,
        (
            SELECT AVG(score) 
            FROM tbl_student_semester_exam_scores 
            WHERE student_id = sms.student_id 
            AND class_id = p_class_id 
            AND semester_id = p_semester_id 
            AND isDeleted = 0
        ) as semester_exam_score,
        (
            SELECT COUNT(DISTINCT semester_exam_subject_id) 
            FROM tbl_student_semester_exam_scores 
            WHERE student_id = sms.student_id 
            AND class_id = p_class_id 
            AND semester_id = p_semester_id 
            AND isDeleted = 0
        ) as exam_subjects_count,
        (
            (AVG(sms.score) + (
                SELECT AVG(score) 
                FROM tbl_student_semester_exam_scores 
                WHERE student_id = sms.student_id 
                AND class_id = p_class_id 
                AND semester_id = p_semester_id 
                AND isDeleted = 0
            )) / 2
        ) as final_score
    FROM tbl_student_monthly_score sms
    JOIN classroom_subject_monthly_score csms 
        ON sms.classroom_subject_monthly_score_id = csms.classroom_subject_monthly_score_id
    JOIN tbl_student_info si 
        ON sms.student_id = si.student_id
    WHERE sms.student_id = p_student_id
    AND csms.class_id = p_class_id
    AND FIND_IN_SET(csms.monthly_id, p_monthly_ids)
    AND sms.isDeleted = 0
    GROUP BY sms.student_id, si.student_name;
END */$$
DELIMITER ;

/* Procedure structure for procedure `CalculateStudentMonthlyAverage` */

/*!50003 DROP PROCEDURE IF EXISTS  `CalculateStudentMonthlyAverage` */;

DELIMITER $$

/*!50003 CREATE DEFINER=`root`@`localhost` PROCEDURE `CalculateStudentMonthlyAverage`(
    IN p_student_id INT,
    IN p_class_id INT,
    IN p_monthly_ids VARCHAR(255)
)
BEGIN
    WITH monthly_scores AS (
        SELECT 
            sms.student_id,
            csms.monthly_id,
            ROUND(AVG(sms.score), 2) as monthly_average
        FROM tbl_student_monthly_score sms
        JOIN classroom_subject_monthly_score csms 
            ON sms.classroom_subject_monthly_score_id = csms.classroom_subject_monthly_score_id
        WHERE sms.student_id = p_student_id
        AND csms.class_id = p_class_id
        AND FIND_IN_SET(csms.monthly_id, p_monthly_ids)
        AND sms.isDeleted = 0
        GROUP BY sms.student_id, csms.monthly_id
    )
    SELECT 
        student_id,
        ROUND(AVG(monthly_average), 2) as final_monthly_average,
        COUNT(DISTINCT monthly_id) as months_counted
    FROM monthly_scores
    GROUP BY student_id;
END */$$
DELIMITER ;

/* Procedure structure for procedure `CalculateStudentSemesterExamAverage` */

/*!50003 DROP PROCEDURE IF EXISTS  `CalculateStudentSemesterExamAverage` */;

DELIMITER $$

/*!50003 CREATE DEFINER=`root`@`localhost` PROCEDURE `CalculateStudentSemesterExamAverage`(
    IN p_student_id INT,
    IN p_semester_id INT,
    IN p_class_id INT
)
BEGIN
    SELECT 
        sss.student_id,
        AVG(sss.score) as semester_exam_average,
        COUNT(DISTINCT ses.id) as subjects_counted
    FROM tbl_student_semester_score sss
    JOIN tbl_semester_exam_subjects ses 
        ON sss.semester_exam_subject_id = ses.id
    WHERE sss.student_id = p_student_id
    AND ses.semester_id = p_semester_id
    AND ses.class_id = p_class_id
    AND sss.isDeleted = 0
    GROUP BY sss.student_id;
END */$$
DELIMITER ;

/* Procedure structure for procedure `CalculateYearlyAverage` */

/*!50003 DROP PROCEDURE IF EXISTS  `CalculateYearlyAverage` */;

DELIMITER $$

/*!50003 CREATE DEFINER=`root`@`localhost` PROCEDURE `CalculateYearlyAverage`(
    IN p_student_id INT,
    IN p_class_id INT,
    IN p_semester1_monthly_ids VARCHAR(255),
    IN p_semester2_monthly_ids VARCHAR(255)
)
BEGIN
    DECLARE semester1_monthly_avg DECIMAL(5,2);
    DECLARE semester1_exam_avg DECIMAL(5,2);
    DECLARE semester2_monthly_avg DECIMAL(5,2);
    DECLARE semester2_exam_avg DECIMAL(5,2);
    DECLARE semester1_final DECIMAL(5,2);
    DECLARE semester2_final DECIMAL(5,2);
    DECLARE year_avg DECIMAL(5,2);
    -- Calculate Semester 1 Monthly Average
    SELECT AVG(sms.score) INTO semester1_monthly_avg
    FROM tbl_student_monthly_score sms
    JOIN classroom_subject_monthly_score csms 
        ON sms.classroom_subject_monthly_score_id = csms.classroom_subject_monthly_score_id
    WHERE sms.student_id = p_student_id
      AND csms.class_id = p_class_id
      AND FIND_IN_SET(csms.monthly_id, p_semester1_monthly_ids)
      AND sms.isDeleted = 0;
    -- Calculate Semester 1 Exam Average
    SELECT AVG(sss.score) INTO semester1_exam_avg
    FROM tbl_student_semester_score sss
    JOIN tbl_semester_exam_subjects ses 
        ON sss.semester_exam_subject_id = ses.id
    WHERE sss.student_id = p_student_id
      AND ses.class_id = p_class_id
      AND ses.semester_id = 1
      AND sss.isDeleted = 0;
    -- Calculate Semester 2 Monthly Average
    SELECT AVG(sms.score) INTO semester2_monthly_avg
    FROM tbl_student_monthly_score sms
    JOIN classroom_subject_monthly_score csms 
        ON sms.classroom_subject_monthly_score_id = csms.classroom_subject_monthly_score_id
    WHERE sms.student_id = p_student_id
      AND csms.class_id = p_class_id
      AND FIND_IN_SET(csms.monthly_id, p_semester2_monthly_ids)
      AND sms.isDeleted = 0;
    -- Calculate Semester 2 Exam Average
    SELECT AVG(sss.score) INTO semester2_exam_avg
    FROM tbl_student_semester_score sss
    JOIN tbl_semester_exam_subjects ses 
        ON sss.semester_exam_subject_id = ses.id
    WHERE sss.student_id = p_student_id
      AND ses.class_id = p_class_id
      AND ses.semester_id = 2
      AND sss.isDeleted = 0;
    -- Calculate final averages
    SET semester1_final = (IFNULL(semester1_monthly_avg, 0) + IFNULL(semester1_exam_avg, 0)) / 2;
    SET semester2_final = (IFNULL(semester2_monthly_avg, 0) + IFNULL(semester2_exam_avg, 0)) / 2;
    SET year_avg = (semester1_final + semester2_final) / 2;
    -- Return the results
    SELECT 
        p_student_id AS student_id,
        ROUND(semester1_monthly_avg, 2) AS semester1_monthly_average,
        ROUND(semester1_exam_avg, 2) AS semester1_exam_average,
        ROUND(semester1_final, 2) AS semester1_final_average,
        ROUND(semester2_monthly_avg, 2) AS semester2_monthly_average,
        ROUND(semester2_exam_avg, 2) AS semester2_exam_average,
        ROUND(semester2_final, 2) AS semester2_final_average,
        ROUND(year_avg, 2) AS yearly_average;
END */$$
DELIMITER ;

/* Procedure structure for procedure `CalculateYearlyAverageForClass` */

/*!50003 DROP PROCEDURE IF EXISTS  `CalculateYearlyAverageForClass` */;

DELIMITER $$

/*!50003 CREATE DEFINER=`root`@`localhost` PROCEDURE `CalculateYearlyAverageForClass`(
    IN p_class_id INT
)
BEGIN
    -- Create temporary table to store results
    CREATE TEMPORARY TABLE IF NOT EXISTS temp_yearly_averages (
        student_id INT,
        class_id INT,
        semester1_final_avg DECIMAL(5,2),
        semester2_final_avg DECIMAL(5,2),
        year_avg DECIMAL(5,2)
    );
    -- Get all active students in the class
    INSERT INTO temp_yearly_averages (student_id, class_id)
    SELECT s.student_id, p_class_id
    FROM tbl_student_info s
    JOIN tbl_study st ON s.student_id = st.student_id
    WHERE st.class_id = p_class_id 
      AND st.status = 'active'
      AND s.isDeleted = 0
      AND st.isDeleted = 0
      AND s.student_name IS NOT NULL
      AND s.student_name <> '';
    -- Update semester 1 monthly averages (semester 1 months)
    UPDATE temp_yearly_averages t
    SET t.semester1_final_avg = (
        SELECT AVG(sms.score)
        FROM tbl_student_monthly_score sms
        JOIN classroom_subject_monthly_score csms
          ON sms.classroom_subject_monthly_score_id = csms.classroom_subject_monthly_score_id
        JOIN tbl_monthly m
          ON csms.monthly_id = m.monthly_id
        WHERE sms.student_id = t.student_id
          AND csms.class_id = p_class_id
          AND m.semester_id = 1
          AND sms.isDeleted = 0
    );
    -- Update semester 1 exam averages
    UPDATE temp_yearly_averages t
    SET t.semester1_final_avg = (
        (IFNULL(t.semester1_final_avg, 0) + 
        IFNULL((
            SELECT AVG(sss.score)
            FROM tbl_student_semester_score sss
            JOIN tbl_semester_exam_subjects ses
              ON sss.semester_exam_subject_id = ses.id
            WHERE sss.student_id = t.student_id
              AND ses.class_id = p_class_id
              AND ses.semester_id = 1
              AND sss.isDeleted = 0
        ), 0)) / 2
    );
    -- Update semester 2 monthly averages (semester 2 months)
    UPDATE temp_yearly_averages t
    SET t.semester2_final_avg = (
        SELECT AVG(sms.score)
        FROM tbl_student_monthly_score sms
        JOIN classroom_subject_monthly_score csms
          ON sms.classroom_subject_monthly_score_id = csms.classroom_subject_monthly_score_id
        JOIN tbl_monthly m
          ON csms.monthly_id = m.monthly_id
        WHERE sms.student_id = t.student_id
          AND csms.class_id = p_class_id
          AND m.semester_id = 2
          AND sms.isDeleted = 0
    );
    -- Update semester 2 exam averages
    UPDATE temp_yearly_averages t
    SET t.semester2_final_avg = (
        (IFNULL(t.semester2_final_avg, 0) + 
        IFNULL((
            SELECT AVG(sss.score)
            FROM tbl_student_semester_score sss
            JOIN tbl_semester_exam_subjects ses
              ON sss.semester_exam_subject_id = ses.id
            WHERE sss.student_id = t.student_id
              AND ses.class_id = p_class_id
              AND ses.semester_id = 2
              AND sss.isDeleted = 0
        ), 0)) / 2
    );
    -- Calculate yearly average
    UPDATE temp_yearly_averages
    SET year_avg = (IFNULL(semester1_final_avg, 0) + IFNULL(semester2_final_avg, 0)) / 2;
    -- Return results with student names
    SELECT 
        t.student_id,
        s.student_name,
        t.class_id,
        t.semester1_final_avg,
        t.semester2_final_avg,
        t.year_avg
    FROM temp_yearly_averages t
    JOIN tbl_student_info s ON t.student_id = s.student_id
    ORDER BY s.student_name;
    -- Clean up
    DROP TEMPORARY TABLE IF EXISTS temp_yearly_averages;
END */$$
DELIMITER ;

/* Procedure structure for procedure `CalculateYearlyAverageForStudent` */

/*!50003 DROP PROCEDURE IF EXISTS  `CalculateYearlyAverageForStudent` */;

DELIMITER $$

/*!50003 CREATE DEFINER=`root`@`localhost` PROCEDURE `CalculateYearlyAverageForStudent`(
    IN p_student_id INT,
    IN p_class_id INT
)
BEGIN
    DECLARE semester1_monthly_avg DECIMAL(5,2);
    DECLARE semester1_exam_avg DECIMAL(5,2);
    DECLARE semester2_monthly_avg DECIMAL(5,2);
    DECLARE semester2_exam_avg DECIMAL(5,2);
    DECLARE semester1_final DECIMAL(5,2);
    DECLARE semester2_final DECIMAL(5,2);
    DECLARE year_avg DECIMAL(5,2);
    -- Semester 1 monthly average
    SELECT AVG(sms.score) INTO semester1_monthly_avg
    FROM tbl_student_monthly_score sms
    JOIN classroom_subject_monthly_score csms
      ON sms.classroom_subject_monthly_score_id = csms.classroom_subject_monthly_score_id
    WHERE sms.student_id = p_student_id
      AND csms.class_id = p_class_id
      AND csms.monthly_id IN (1) -- months for semester 1
      AND sms.isDeleted = 0;
    -- Semester 1 exam average
    SELECT AVG(sss.score) INTO semester1_exam_avg
    FROM tbl_student_semester_score sss
    JOIN tbl_semester_exam_subjects ses
      ON sss.semester_exam_subject_id = ses.id
    WHERE sss.student_id = p_student_id
      AND ses.class_id = p_class_id
      AND ses.semester_id = 1
      AND sss.isDeleted = 0;
    -- Semester 2 monthly average
    SELECT AVG(sms.score) INTO semester2_monthly_avg
    FROM tbl_student_monthly_score sms
    JOIN classroom_subject_monthly_score csms
      ON sms.classroom_subject_monthly_score_id = csms.classroom_subject_monthly_score_id
    WHERE sms.student_id = p_student_id
      AND csms.class_id = p_class_id
      AND csms.monthly_id IN (3) -- months for semester 2
      AND sms.isDeleted = 0;
    -- Semester 2 exam average
    SELECT AVG(sss.score) INTO semester2_exam_avg
    FROM tbl_student_semester_score sss
    JOIN tbl_semester_exam_subjects ses
      ON sss.semester_exam_subject_id = ses.id
    WHERE sss.student_id = p_student_id
      AND ses.class_id = p_class_id
      AND ses.semester_id = 2
      AND sss.isDeleted = 0;
    -- Calculate final averages
    SET semester1_final = (IFNULL(semester1_monthly_avg,0) + IFNULL(semester1_exam_avg,0)) / 2;
    SET semester2_final = (IFNULL(semester2_monthly_avg,0) + IFNULL(semester2_exam_avg,0)) / 2;
    SET year_avg = (semester1_final + semester2_final) / 2;
    -- Return result
    SELECT 
        p_student_id AS student_id,
        p_class_id AS class_id,
        semester1_final AS semester1_final_avg,
        semester2_final AS semester2_final_avg,
        year_avg AS year_avg;
END */$$
DELIMITER ;

/* Procedure structure for procedure `CalculateYearlyAveragesForClass` */

/*!50003 DROP PROCEDURE IF EXISTS  `CalculateYearlyAveragesForClass` */;

DELIMITER $$

/*!50003 CREATE DEFINER=`root`@`localhost` PROCEDURE `CalculateYearlyAveragesForClass`(IN p_class_id INT)
BEGIN
    SELECT 
        s.student_id,
        s.student_name,
        c.class_id,
        c.class_name,
        -- Semester 1 Monthly Average (dynamic)
        (SELECT AVG(sms1.score)
         FROM tbl_student_monthly_score sms1
         JOIN classroom_subject_monthly_score csms1 ON sms1.classroom_subject_monthly_score_id = csms1.classroom_subject_monthly_score_id
         JOIN tbl_monthly m1 ON csms1.monthly_id = m1.monthly_id
         WHERE sms1.student_id = s.student_id 
           AND csms1.class_id = c.class_id
           AND m1.semester_id = 1
           AND sms1.isDeleted = 0
        ) AS semester1_monthly_avg,
        -- Semester 1 Exam Average
        (SELECT AVG(sss1.score)
         FROM tbl_student_semester_score sss1
         JOIN tbl_semester_exam_subjects ses1 ON sss1.semester_exam_subject_id = ses1.id
         WHERE sss1.student_id = s.student_id
           AND ses1.class_id = c.class_id
           AND ses1.semester_id = 1
           AND sss1.isDeleted = 0
        ) AS semester1_exam_avg,
        -- Semester 2 Monthly Average (dynamic)
        (SELECT AVG(sms2.score)
         FROM tbl_student_monthly_score sms2
         JOIN classroom_subject_monthly_score csms2 ON sms2.classroom_subject_monthly_score_id = csms2.classroom_subject_monthly_score_id
         JOIN tbl_monthly m2 ON csms2.monthly_id = m2.monthly_id
         WHERE sms2.student_id = s.student_id
           AND csms2.class_id = c.class_id
           AND m2.semester_id = 2
           AND sms2.isDeleted = 0
        ) AS semester2_monthly_avg,
        -- Semester 2 Exam Average
        (SELECT AVG(sss2.score)
         FROM tbl_student_semester_score sss2
         JOIN tbl_semester_exam_subjects ses2 ON sss2.semester_exam_subject_id = ses2.id
         WHERE sss2.student_id = s.student_id
           AND ses2.class_id = c.class_id
           AND ses2.semester_id = 2
           AND sss2.isDeleted = 0
        ) AS semester2_exam_avg,
        -- Final Averages
        (
            IFNULL(
                (SELECT AVG(sms1.score)
                 FROM tbl_student_monthly_score sms1
                 JOIN classroom_subject_monthly_score csms1 ON sms1.classroom_subject_monthly_score_id = csms1.classroom_subject_monthly_score_id
                 JOIN tbl_monthly m1 ON csms1.monthly_id = m1.monthly_id
                 WHERE sms1.student_id = s.student_id 
                   AND csms1.class_id = c.class_id
                   AND m1.semester_id = 1
                   AND sms1.isDeleted = 0
                ), 0
            ) + 
            IFNULL(
                (SELECT AVG(sss1.score)
                 FROM tbl_student_semester_score sss1
                 JOIN tbl_semester_exam_subjects ses1 ON sss1.semester_exam_subject_id = ses1.id
                 WHERE sss1.student_id = s.student_id
                   AND ses1.class_id = c.class_id
                   AND ses1.semester_id = 1
                   AND sss1.isDeleted = 0
                ), 0
            )
        ) / 2 AS semester1_final_avg,
        (
            IFNULL(
                (SELECT AVG(sms2.score)
                 FROM tbl_student_monthly_score sms2
                 JOIN classroom_subject_monthly_score csms2 ON sms2.classroom_subject_monthly_score_id = csms2.classroom_subject_monthly_score_id
                 JOIN tbl_monthly m2 ON csms2.monthly_id = m2.monthly_id
                 WHERE sms2.student_id = s.student_id
                   AND csms2.class_id = c.class_id
                   AND m2.semester_id = 2
                   AND sms2.isDeleted = 0
                ), 0
            ) + 
            IFNULL(
                (SELECT AVG(sss2.score)
                 FROM tbl_student_semester_score sss2
                 JOIN tbl_semester_exam_subjects ses2 ON sss2.semester_exam_subject_id = ses2.id
                 WHERE sss2.student_id = s.student_id
                   AND ses2.class_id = c.class_id
                   AND ses2.semester_id = 2
                   AND sss2.isDeleted = 0
                ), 0
            )
        ) / 2 AS semester2_final_avg,
        -- Yearly Average
        (
            (
                IFNULL(
                    (SELECT AVG(sms1.score)
                     FROM tbl_student_monthly_score sms1
                     JOIN classroom_subject_monthly_score csms1 ON sms1.classroom_subject_monthly_score_id = csms1.classroom_subject_monthly_score_id
                     JOIN tbl_monthly m1 ON csms1.monthly_id = m1.monthly_id
                     WHERE sms1.student_id = s.student_id 
                       AND csms1.class_id = c.class_id
                       AND m1.semester_id = 1
                       AND sms1.isDeleted = 0
                    ), 0
                ) + 
                IFNULL(
                    (SELECT AVG(sss1.score)
                     FROM tbl_student_semester_score sss1
                     JOIN tbl_semester_exam_subjects ses1 ON sss1.semester_exam_subject_id = ses1.id
                     WHERE sss1.student_id = s.student_id
                       AND ses1.class_id = c.class_id
                       AND ses1.semester_id = 1
                       AND sss1.isDeleted = 0
                    ), 0
                )
            ) / 2
            +
            (
                IFNULL(
                    (SELECT AVG(sms2.score)
                     FROM tbl_student_monthly_score sms2
                     JOIN classroom_subject_monthly_score csms2 ON sms2.classroom_subject_monthly_score_id = csms2.classroom_subject_monthly_score_id
                     JOIN tbl_monthly m2 ON csms2.monthly_id = m2.monthly_id
                     WHERE sms2.student_id = s.student_id
                       AND csms2.class_id = c.class_id
                       AND m2.semester_id = 2
                       AND sms2.isDeleted = 0
                    ), 0
                ) + 
                IFNULL(
                    (SELECT AVG(sss2.score)
                     FROM tbl_student_semester_score sss2
                     JOIN tbl_semester_exam_subjects ses2 ON sss2.semester_exam_subject_id = ses2.id
                     WHERE sss2.student_id = s.student_id
                       AND ses2.class_id = c.class_id
                       AND ses2.semester_id = 2
                       AND sss2.isDeleted = 0
                    ), 0
                )
            ) / 2
        ) / 2 AS yearly_avg
    FROM tbl_student_info s
    JOIN tbl_study st ON s.student_id = st.student_id
    JOIN tbl_classroom c ON st.class_id = c.class_id
    WHERE c.class_id = p_class_id
      AND st.status = 'active'
      AND s.isDeleted = 0
      AND st.isDeleted = 0
    ORDER BY s.student_name;
END */$$
DELIMITER ;

/* Procedure structure for procedure `CalculateYearlyAverageWithMonthlyIds` */

/*!50003 DROP PROCEDURE IF EXISTS  `CalculateYearlyAverageWithMonthlyIds` */;

DELIMITER $$

/*!50003 CREATE DEFINER=`root`@`localhost` PROCEDURE `CalculateYearlyAverageWithMonthlyIds`(
    IN p_student_id INT,
    IN p_class_id INT,
    IN p_semester1_monthly_ids VARCHAR(255),
    IN p_semester2_monthly_ids VARCHAR(255)
)
BEGIN
    DECLARE semester1_avg DECIMAL(5,2);
    DECLARE semester2_avg DECIMAL(5,2);
    -- Semester 1
    SELECT (
        IFNULL((
            SELECT AVG(sms.score)
            FROM tbl_student_monthly_score sms
            JOIN classroom_subject_monthly_score csms ON sms.classroom_subject_monthly_score_id = csms.classroom_subject_monthly_score_id
            WHERE sms.student_id = p_student_id AND csms.class_id = p_class_id AND FIND_IN_SET(csms.monthly_id, p_semester1_monthly_ids) AND sms.isDeleted = 0
        ), 0)
        +
        IFNULL((
            SELECT AVG(sss2.score)
            FROM tbl_student_semester_score sss2
            JOIN tbl_semester_exam_subjects ses2 ON sss2.semester_exam_subject_id = ses2.id
            WHERE sss2.student_id = p_student_id AND ses2.semester_id = 1 AND ses2.class_id = p_class_id AND sss2.isDeleted = 0
        ), 0)
    ) / 2 INTO semester1_avg;
    -- Semester 2
    SELECT (
        IFNULL((
            SELECT AVG(sms.score)
            FROM tbl_student_monthly_score sms
            JOIN classroom_subject_monthly_score csms ON sms.classroom_subject_monthly_score_id = csms.classroom_subject_monthly_score_id
            WHERE sms.student_id = p_student_id AND csms.class_id = p_class_id AND FIND_IN_SET(csms.monthly_id, p_semester2_monthly_ids) AND sms.isDeleted = 0
        ), 0)
        +
        IFNULL((
            SELECT AVG(sss2.score)
            FROM tbl_student_semester_score sss2
            JOIN tbl_semester_exam_subjects ses2 ON sss2.semester_exam_subject_id = ses2.id
            WHERE sss2.student_id = p_student_id AND ses2.semester_id = 2 AND ses2.class_id = p_class_id AND sss2.isDeleted = 0
        ), 0)
    ) / 2 INTO semester2_avg;
    -- Yearly average
    SELECT
        p_student_id AS student_id,
        semester1_avg AS semester_1_average,
        semester2_avg AS semester_2_average,
        ROUND((semester1_avg + semester2_avg) / 2, 2) AS yearly_average;
END */$$
DELIMITER ;

/* Procedure structure for procedure `GetAvailableMonthsForSemester` */

/*!50003 DROP PROCEDURE IF EXISTS  `GetAvailableMonthsForSemester` */;

DELIMITER $$

/*!50003 CREATE DEFINER=`root`@`localhost` PROCEDURE `GetAvailableMonthsForSemester`(
    IN p_class_id INT,
    IN p_semester_id INT,
    IN p_assign_subject_grade_id INT
)
BEGIN
    -- ជ្រើសខែដែលមានពិន្ទុសិស្សរួចហើយ
    SELECT DISTINCT 
        m.monthly_id,
        m.month_name,
        COUNT(DISTINCT sms.student_id) as student_count,
        COUNT(DISTINCT csms.assign_subject_grade_id) as subject_count
    FROM tbl_monthly m
    JOIN classroom_subject_monthly_score csms ON m.monthly_id = csms.monthly_id
    JOIN tbl_student_monthly_score sms ON csms.classroom_subject_monthly_score_id = sms.classroom_subject_monthly_score_id
    WHERE csms.class_id = p_class_id
    AND csms.assign_subject_grade_id = p_assign_subject_grade_id
    AND sms.isDeleted = 0
    AND csms.isDeleted = 0
    GROUP BY m.monthly_id, m.month_name
    HAVING student_count > 0 AND subject_count > 0
    ORDER BY m.monthly_id;
END */$$
DELIMITER ;

/* Procedure structure for procedure `GetStudentYearlyAveragesWithRanking` */

/*!50003 DROP PROCEDURE IF EXISTS  `GetStudentYearlyAveragesWithRanking` */;

DELIMITER $$

/*!50003 CREATE DEFINER=`root`@`localhost` PROCEDURE `GetStudentYearlyAveragesWithRanking`(IN p_grade_id INT)
BEGIN
    SELECT 
        s.student_id,
        s.student_name,
        c.class_id,
        c.class_name,
        g.grade_id,
        g.grade_name,
        st.year_study_id,  -- Added year_study_id field
        -- Semester 1 Monthly Average
        ROUND(IFNULL(AVG(CASE 
            WHEN FIND_IN_SET(csms.monthly_id, ses1.monthly_ids) THEN sms.score 
            ELSE NULL 
        END), 0), 2) AS semester1_monthly_avg,
        -- Semester 1 Exam Average
        ROUND(IFNULL(AVG(CASE 
            WHEN ses.semester_id = 1 THEN sss.score 
            ELSE NULL 
        END), 0), 2) AS semester1_exam_avg,
        -- Semester 2 Monthly Average
        ROUND(IFNULL(AVG(CASE 
            WHEN FIND_IN_SET(csms.monthly_id, ses2.monthly_ids) THEN sms.score 
            ELSE NULL 
        END), 0), 2) AS semester2_monthly_avg,
        -- Semester 2 Exam Average
        ROUND(IFNULL(AVG(CASE 
            WHEN ses.semester_id = 2 THEN sss.score 
            ELSE NULL 
        END), 0), 2) AS semester2_exam_avg,
        -- Final Semester 1 Average
        ROUND((
            IFNULL(AVG(CASE 
                WHEN FIND_IN_SET(csms.monthly_id, ses1.monthly_ids) THEN sms.score 
                ELSE NULL 
            END), 0) +
            IFNULL(AVG(CASE 
                WHEN ses.semester_id = 1 THEN sss.score 
                ELSE NULL 
            END), 0)
        ) / 2, 2) AS semester1_final_avg,
        -- Final Semester 2 Average
        ROUND((
            IFNULL(AVG(CASE 
                WHEN FIND_IN_SET(csms.monthly_id, ses2.monthly_ids) THEN sms.score 
                ELSE NULL 
            END), 0) +
            IFNULL(AVG(CASE 
                WHEN ses.semester_id = 2 THEN sss.score 
                ELSE NULL 
            END), 0)
        ) / 2, 2) AS semester2_final_avg,
        -- Yearly Average
        ROUND((
            (
                IFNULL(AVG(CASE 
                    WHEN FIND_IN_SET(csms.monthly_id, ses1.monthly_ids) THEN sms.score 
                    ELSE NULL 
                END), 0) +
                IFNULL(AVG(CASE 
                    WHEN ses.semester_id = 1 THEN sss.score 
                    ELSE NULL 
                END), 0)
            ) / 2 +
            (
                IFNULL(AVG(CASE 
                    WHEN FIND_IN_SET(csms.monthly_id, ses2.monthly_ids) THEN sms.score 
                    ELSE NULL 
                END), 0) +
                IFNULL(AVG(CASE 
                    WHEN ses.semester_id = 2 THEN sss.score 
                    ELSE NULL 
                END), 0)
            ) / 2
        ) / 2, 2) AS yearly_avg,
        -- Rankings
        DENSE_RANK() OVER (
            PARTITION BY c.class_id 
            ORDER BY ROUND((
                IFNULL(AVG(CASE 
                    WHEN FIND_IN_SET(csms.monthly_id, ses1.monthly_ids) THEN sms.score 
                    ELSE NULL 
                END), 0) +
                IFNULL(AVG(CASE 
                    WHEN ses.semester_id = 1 THEN sss.score 
                    ELSE NULL 
                END), 0)
            ) / 2, 2) DESC
        ) AS semester1_rank,
        DENSE_RANK() OVER (
            PARTITION BY c.class_id 
            ORDER BY ROUND((
                IFNULL(AVG(CASE 
                    WHEN FIND_IN_SET(csms.monthly_id, ses2.monthly_ids) THEN sms.score 
                    ELSE NULL 
                END), 0) +
                IFNULL(AVG(CASE 
                    WHEN ses.semester_id = 2 THEN sss.score 
                    ELSE NULL 
                END), 0)
            ) / 2, 2) DESC
        ) AS semester2_rank,
        DENSE_RANK() OVER (
            PARTITION BY c.class_id 
            ORDER BY ROUND((
                (
                    IFNULL(AVG(CASE 
                        WHEN FIND_IN_SET(csms.monthly_id, ses1.monthly_ids) THEN sms.score 
                        ELSE NULL 
                    END), 0) +
                    IFNULL(AVG(CASE 
                        WHEN ses.semester_id = 1 THEN sss.score 
                        ELSE NULL 
                    END), 0)
                ) / 2 +
                (
                    IFNULL(AVG(CASE 
                        WHEN FIND_IN_SET(csms.monthly_id, ses2.monthly_ids) THEN sms.score 
                        ELSE NULL 
                    END), 0) +
                    IFNULL(AVG(CASE 
                        WHEN ses.semester_id = 2 THEN sss.score 
                        ELSE NULL 
                    END), 0)
                ) / 2
            ) / 2, 2) DESC
        ) AS yearly_rank
    FROM 
        tbl_student_info s
        JOIN tbl_study st ON s.student_id = st.student_id
        JOIN tbl_classroom c ON st.class_id = c.class_id
        JOIN tbl_grade g ON c.grade_id = g.grade_id
        LEFT JOIN tbl_student_monthly_score sms ON s.student_id = sms.student_id
        LEFT JOIN classroom_subject_monthly_score csms ON sms.classroom_subject_monthly_score_id = csms.classroom_subject_monthly_score_id
        LEFT JOIN tbl_student_semester_score sss ON s.student_id = sss.student_id
        LEFT JOIN tbl_semester_exam_subjects ses ON sss.semester_exam_subject_id = ses.id
        LEFT JOIN tbl_semester_exam_subjects ses1 ON ses1.class_id = c.class_id AND ses1.semester_id = 1
        LEFT JOIN tbl_semester_exam_subjects ses2 ON ses2.class_id = c.class_id AND ses2.semester_id = 2
    WHERE 
        g.grade_id = p_grade_id
        AND st.status = 'active'
        AND s.isDeleted = 0
        AND st.isDeleted = 0
        AND (sms.isDeleted = 0 OR sms.isDeleted IS NULL)
        AND (csms.isDeleted = 0 OR csms.isDeleted IS NULL)
        AND (sss.isDeleted = 0 OR sss.isDeleted IS NULL)
    GROUP BY 
        s.student_id, s.student_name, c.class_id, c.class_name, g.grade_id, g.grade_name, st.year_study_id;  -- Added year_study_id to GROUP BY
END */$$
DELIMITER ;

/* Procedure structure for procedure `GetYearlyAverageByGrade` */

/*!50003 DROP PROCEDURE IF EXISTS  `GetYearlyAverageByGrade` */;

DELIMITER $$

/*!50003 CREATE DEFINER=`root`@`localhost` PROCEDURE `GetYearlyAverageByGrade`(IN p_grade_id INT)
BEGIN
    SELECT 
        s.student_id,
        s.student_name,
        c.class_id,
        c.class_name,
        g.grade_id,
        g.grade_name,
        -- Semester 1 Monthly Average
        ROUND(IFNULL(AVG(CASE 
            WHEN FIND_IN_SET(csms.monthly_id, ses1.monthly_ids) THEN sms.score 
            ELSE NULL 
        END), 0), 2) AS semester1_monthly_avg,
        -- Semester 1 Exam Average
        ROUND(IFNULL(AVG(CASE 
            WHEN ses.semester_id = 1 THEN sss.score 
            ELSE NULL 
        END), 0), 2) AS semester1_exam_avg,
        -- Semester 2 Monthly Average
        ROUND(IFNULL(AVG(CASE 
            WHEN FIND_IN_SET(csms.monthly_id, ses2.monthly_ids) THEN sms.score 
            ELSE NULL 
        END), 0), 2) AS semester2_monthly_avg,
        -- Semester 2 Exam Average
        ROUND(IFNULL(AVG(CASE 
            WHEN ses.semester_id = 2 THEN sss.score 
            ELSE NULL 
        END), 0), 2) AS semester2_exam_avg,
        -- Final Semester 1 Average
        ROUND((
            IFNULL(AVG(CASE 
                WHEN FIND_IN_SET(csms.monthly_id, ses1.monthly_ids) THEN sms.score 
                ELSE NULL 
            END), 0) +
            IFNULL(AVG(CASE 
                WHEN ses.semester_id = 1 THEN sss.score 
                ELSE NULL 
            END), 0)
        ) / 2, 2) AS semester1_final_avg,
        -- Final Semester 2 Average
        ROUND((
            IFNULL(AVG(CASE 
                WHEN FIND_IN_SET(csms.monthly_id, ses2.monthly_ids) THEN sms.score 
                ELSE NULL 
            END), 0) +
            IFNULL(AVG(CASE 
                WHEN ses.semester_id = 2 THEN sss.score 
                ELSE NULL 
            END), 0)
        ) / 2, 2) AS semester2_final_avg,
        -- Yearly Average
        ROUND((
            (
                IFNULL(AVG(CASE 
                    WHEN FIND_IN_SET(csms.monthly_id, ses1.monthly_ids) THEN sms.score 
                    ELSE NULL 
                END), 0) +
                IFNULL(AVG(CASE 
                    WHEN ses.semester_id = 1 THEN sss.score 
                    ELSE NULL 
                END), 0)
            ) / 2 +
            (
                IFNULL(AVG(CASE 
                    WHEN FIND_IN_SET(csms.monthly_id, ses2.monthly_ids) THEN sms.score 
                    ELSE NULL 
                END), 0) +
                IFNULL(AVG(CASE 
                    WHEN ses.semester_id = 2 THEN sss.score 
                    ELSE NULL 
                END), 0)
            ) / 2
        ) / 2, 2) AS yearly_avg
    FROM 
        tbl_student_info s
        JOIN tbl_study st ON s.student_id = st.student_id
        JOIN tbl_classroom c ON st.class_id = c.class_id
        JOIN tbl_grade g ON c.grade_id = g.grade_id
        LEFT JOIN tbl_student_monthly_score sms ON s.student_id = sms.student_id
        LEFT JOIN classroom_subject_monthly_score csms ON sms.classroom_subject_monthly_score_id = csms.classroom_subject_monthly_score_id
        LEFT JOIN tbl_student_semester_score sss ON s.student_id = sss.student_id
        LEFT JOIN tbl_semester_exam_subjects ses ON sss.semester_exam_subject_id = ses.id
        LEFT JOIN tbl_semester_exam_subjects ses1 ON ses1.class_id = c.class_id AND ses1.semester_id = 1
        LEFT JOIN tbl_semester_exam_subjects ses2 ON ses2.class_id = c.class_id AND ses2.semester_id = 2
    WHERE 
        g.grade_id = p_grade_id
        AND st.status = 'active'
        AND s.isDeleted = 0
        AND st.isDeleted = 0
        AND (sms.isDeleted = 0 OR sms.isDeleted IS NULL)
        AND (csms.isDeleted = 0 OR csms.isDeleted IS NULL)
        AND (sss.isDeleted = 0 OR sss.isDeleted IS NULL)
    GROUP BY 
        s.student_id, s.student_name, c.class_id, c.class_name, g.grade_id, g.grade_name
    ORDER BY 
        s.student_name;
END */$$
DELIMITER ;

/* Procedure structure for procedure `GetYearlyAverageForClass` */

/*!50003 DROP PROCEDURE IF EXISTS  `GetYearlyAverageForClass` */;

DELIMITER $$

/*!50003 CREATE DEFINER=`root`@`localhost` PROCEDURE `GetYearlyAverageForClass`(
    IN p_class_id INT
)
BEGIN
    SELECT 
        s.student_id,
        s.student_name,
        c.class_id,
        c.class_name,
        -- Semester 1 Monthly Average
        ROUND(IFNULL(AVG(CASE 
            WHEN FIND_IN_SET(csms.monthly_id, ses1.monthly_ids) THEN sms.score 
            ELSE NULL 
        END), 0), 2) AS semester1_monthly_avg,
        -- Semester 1 Exam Average
        ROUND(IFNULL(AVG(CASE 
            WHEN ses.semester_id = 1 THEN sss.score 
            ELSE NULL 
        END), 0), 2) AS semester1_exam_avg,
        -- Semester 2 Monthly Average
        ROUND(IFNULL(AVG(CASE 
            WHEN FIND_IN_SET(csms.monthly_id, ses2.monthly_ids) THEN sms.score 
            ELSE NULL 
        END), 0), 2) AS semester2_monthly_avg,
        -- Semester 2 Exam Average
        ROUND(IFNULL(AVG(CASE 
            WHEN ses.semester_id = 2 THEN sss.score 
            ELSE NULL 
        END), 0), 2) AS semester2_exam_avg,
        -- Final Semester 1 Average
        ROUND((
            IFNULL(AVG(CASE 
                WHEN FIND_IN_SET(csms.monthly_id, ses1.monthly_ids) THEN sms.score 
                ELSE NULL 
            END), 0) +
            IFNULL(AVG(CASE 
                WHEN ses.semester_id = 1 THEN sss.score 
                ELSE NULL 
            END), 0)
        ) / 2, 2) AS semester1_final_avg,
        -- Final Semester 2 Average
        ROUND((
            IFNULL(AVG(CASE 
                WHEN FIND_IN_SET(csms.monthly_id, ses2.monthly_ids) THEN sms.score 
                ELSE NULL 
            END), 0) +
            IFNULL(AVG(CASE 
                WHEN ses.semester_id = 2 THEN sss.score 
                ELSE NULL 
            END), 0)
        ) / 2, 2) AS semester2_final_avg,
        -- Yearly Average
        ROUND((
            (
                IFNULL(AVG(CASE 
                    WHEN FIND_IN_SET(csms.monthly_id, ses1.monthly_ids) THEN sms.score 
                    ELSE NULL 
                END), 0) +
                IFNULL(AVG(CASE 
                    WHEN ses.semester_id = 1 THEN sss.score 
                    ELSE NULL 
                END), 0)
            ) / 2 +
            (
                IFNULL(AVG(CASE 
                    WHEN FIND_IN_SET(csms.monthly_id, ses2.monthly_ids) THEN sms.score 
                    ELSE NULL 
                END), 0) +
                IFNULL(AVG(CASE 
                    WHEN ses.semester_id = 2 THEN sss.score 
                    ELSE NULL 
                END), 0)
            ) / 2
        ) / 2, 2) AS yearly_avg
    FROM 
        tbl_student_info s
        JOIN tbl_study st ON s.student_id = st.student_id
        JOIN tbl_classroom c ON st.class_id = c.class_id
        LEFT JOIN tbl_student_monthly_score sms ON s.student_id = sms.student_id
        LEFT JOIN classroom_subject_monthly_score csms ON sms.classroom_subject_monthly_score_id = csms.classroom_subject_monthly_score_id
        LEFT JOIN tbl_student_semester_score sss ON s.student_id = sss.student_id
        LEFT JOIN tbl_semester_exam_subjects ses ON sss.semester_exam_subject_id = ses.id
        LEFT JOIN tbl_semester_exam_subjects ses1 ON ses1.class_id = c.class_id AND ses1.semester_id = 1
        LEFT JOIN tbl_semester_exam_subjects ses2 ON ses2.class_id = c.class_id AND ses2.semester_id = 2
    WHERE 
        c.class_id = p_class_id
        AND st.status = 'active'
        AND s.isDeleted = 0
        AND st.isDeleted = 0
        AND (sms.isDeleted = 0 OR sms.isDeleted IS NULL)
        AND (csms.isDeleted = 0 OR csms.isDeleted IS NULL)
        AND (sss.isDeleted = 0 OR sss.isDeleted IS NULL)
    GROUP BY 
        s.student_id, s.student_name, c.class_id, c.class_name;
END */$$
DELIMITER ;

/*Table structure for table `view_final_semester_averages` */

DROP TABLE IF EXISTS `view_final_semester_averages`;

/*!50001 DROP VIEW IF EXISTS `view_final_semester_averages` */;
/*!50001 DROP TABLE IF EXISTS `view_final_semester_averages` */;

/*!50001 CREATE TABLE  `view_final_semester_averages`(
 `student_id` int(10) unsigned ,
 `student_name` varchar(255) ,
 `gender` varchar(255) ,
 `semester_id` int(10) unsigned ,
 `semester_name` varchar(255) ,
 `class_id` int(10) unsigned ,
 `class_name` varchar(255) ,
 `grade_name` varchar(255) ,
 `subject_code` int(10) unsigned ,
 `subject_name` varchar(255) ,
 `subject_score` float ,
 `year_study_id` int(10) unsigned ,
 `year_study` varchar(255) ,
 `monthly_average` double ,
 `semester_exam_average` double ,
 `final_semester_average` double(19,2) ,
 `yearly_average` double(19,2) 
)*/;

/*Table structure for table `view_student_monthly_rankings` */

DROP TABLE IF EXISTS `view_student_monthly_rankings`;

/*!50001 DROP VIEW IF EXISTS `view_student_monthly_rankings` */;
/*!50001 DROP TABLE IF EXISTS `view_student_monthly_rankings` */;

/*!50001 CREATE TABLE  `view_student_monthly_rankings`(
 `student_id` int(10) unsigned ,
 `student_name` varchar(255) ,
 `class_id` int(10) unsigned ,
 `class_name` varchar(255) ,
 `monthly_id` int(10) unsigned ,
 `month_name` varchar(255) ,
 `subjects_count` bigint(21) ,
 `total_score` double ,
 `average_score` double ,
 `rank_in_class` bigint(21) ,
 `class_size` bigint(21) 
)*/;

/*Table structure for table `view_student_monthly_score_report` */

DROP TABLE IF EXISTS `view_student_monthly_score_report`;

/*!50001 DROP VIEW IF EXISTS `view_student_monthly_score_report` */;
/*!50001 DROP TABLE IF EXISTS `view_student_monthly_score_report` */;

/*!50001 CREATE TABLE  `view_student_monthly_score_report`(
 `student_id` int(10) unsigned ,
 `student_name` varchar(255) ,
 `gender` varchar(255) ,
 `class_id` int(10) unsigned ,
 `class_name` varchar(255) ,
 `monthly_id` int(10) unsigned ,
 `month_name` varchar(255) ,
 `subject_code` int(10) unsigned ,
 `subject_name` varchar(255) ,
 `score` float ,
 `isDeleted` int(2) ,
 `year_study_id` int(10) unsigned ,
 `year_study` varchar(255) 
)*/;

/*Table structure for table `view_student_monthly_score_summary` */

DROP TABLE IF EXISTS `view_student_monthly_score_summary`;

/*!50001 DROP VIEW IF EXISTS `view_student_monthly_score_summary` */;
/*!50001 DROP TABLE IF EXISTS `view_student_monthly_score_summary` */;

/*!50001 CREATE TABLE  `view_student_monthly_score_summary`(
 `student_id` int(10) unsigned ,
 `student_name` varchar(255) ,
 `class_id` int(10) unsigned ,
 `class_name` varchar(255) ,
 `monthly_id` int(10) unsigned ,
 `month_name` varchar(255) ,
 `subjects_count` bigint(21) ,
 `total_score` double ,
 `avg_score` double ,
 `rank_in_class` bigint(21) 
)*/;

/*Table structure for table `view_student_monthly_summary` */

DROP TABLE IF EXISTS `view_student_monthly_summary`;

/*!50001 DROP VIEW IF EXISTS `view_student_monthly_summary` */;
/*!50001 DROP TABLE IF EXISTS `view_student_monthly_summary` */;

/*!50001 CREATE TABLE  `view_student_monthly_summary`(
 `student_id` int(10) unsigned ,
 `student_name` varchar(255) ,
 `class_id` int(10) unsigned ,
 `class_name` varchar(255) ,
 `monthly_id` int(10) unsigned ,
 `month_name` varchar(255) ,
 `subjects_count` bigint(21) ,
 `total_score` double ,
 `average_score` double 
)*/;

/*Table structure for table `view_student_semester_report` */

DROP TABLE IF EXISTS `view_student_semester_report`;

/*!50001 DROP VIEW IF EXISTS `view_student_semester_report` */;
/*!50001 DROP TABLE IF EXISTS `view_student_semester_report` */;

/*!50001 CREATE TABLE  `view_student_semester_report`(
 `student_id` int(10) unsigned ,
 `student_name` varchar(255) ,
 `gender` varchar(255) ,
 `class_id` int(10) unsigned ,
 `class_name` varchar(255) ,
 `grade_id` int(11) ,
 `grade_name` varchar(255) ,
 `semester_id` int(10) unsigned ,
 `semester_name` varchar(255) ,
 `subject_code` int(10) unsigned ,
 `subject_name` varchar(255) ,
 `subject_score` float ,
 `year_study_id` int(10) unsigned ,
 `year_study` varchar(255) ,
 `monthly_average` double ,
 `semester_exam_average` double ,
 `final_semester_average` double 
)*/;

/*Table structure for table `view_student_semester_score_report` */

DROP TABLE IF EXISTS `view_student_semester_score_report`;

/*!50001 DROP VIEW IF EXISTS `view_student_semester_score_report` */;
/*!50001 DROP TABLE IF EXISTS `view_student_semester_score_report` */;

/*!50001 CREATE TABLE  `view_student_semester_score_report`(
 `student_id` int(10) unsigned ,
 `student_name` varchar(255) ,
 `gender` varchar(255) ,
 `class_id` int(10) unsigned ,
 `class_name` varchar(255) ,
 `semester_id` int(10) unsigned ,
 `semester_name` varchar(255) ,
 `subject_code` int(10) unsigned ,
 `subject_name` varchar(255) ,
 `score` float ,
 `isDeleted` int(2) 
)*/;

/*Table structure for table `vstudentmonthlyscorereport` */

DROP TABLE IF EXISTS `vstudentmonthlyscorereport`;

/*!50001 DROP VIEW IF EXISTS `vstudentmonthlyscorereport` */;
/*!50001 DROP TABLE IF EXISTS `vstudentmonthlyscorereport` */;

/*!50001 CREATE TABLE  `vstudentmonthlyscorereport`(
 `student_id` int(10) unsigned ,
 `student_name` varchar(255) ,
 `class_id` int(10) unsigned ,
 `class_name` varchar(255) ,
 `monthly_id` int(10) unsigned ,
 `month_name` varchar(255) ,
 `subject_scores` mediumtext 
)*/;

/*Table structure for table `vstudentmonthlyscorereportv2` */

DROP TABLE IF EXISTS `vstudentmonthlyscorereportv2`;

/*!50001 DROP VIEW IF EXISTS `vstudentmonthlyscorereportv2` */;
/*!50001 DROP TABLE IF EXISTS `vstudentmonthlyscorereportv2` */;

/*!50001 CREATE TABLE  `vstudentmonthlyscorereportv2`(
 `student_id` int(10) unsigned ,
 `student_name` varchar(255) ,
 `class_id` int(10) unsigned ,
 `class_name` varchar(255) ,
 `monthly_id` int(10) unsigned ,
 `month_name` varchar(255) ,
 `subject_code` int(10) unsigned ,
 `subject_name` varchar(255) ,
 `score` float 
)*/;

/*Table structure for table `vw_student_first_semester_final_avg` */

DROP TABLE IF EXISTS `vw_student_first_semester_final_avg`;

/*!50001 DROP VIEW IF EXISTS `vw_student_first_semester_final_avg` */;
/*!50001 DROP TABLE IF EXISTS `vw_student_first_semester_final_avg` */;

/*!50001 CREATE TABLE  `vw_student_first_semester_final_avg`(
 `student_id` int(10) unsigned ,
 `student_name` varchar(255) ,
 `class_id` int(10) unsigned ,
 `class_name` varchar(255) ,
 `grade_id` int(11) ,
 `grade_name` varchar(255) ,
 `monthly_average` double ,
 `semester_exam_average` double ,
 `final_semester_average` double 
)*/;

/*Table structure for table `vw_student_semester_scores_with_averages` */

DROP TABLE IF EXISTS `vw_student_semester_scores_with_averages`;

/*!50001 DROP VIEW IF EXISTS `vw_student_semester_scores_with_averages` */;
/*!50001 DROP TABLE IF EXISTS `vw_student_semester_scores_with_averages` */;

/*!50001 CREATE TABLE  `vw_student_semester_scores_with_averages`(
 `student_id` int(10) unsigned ,
 `student_name` varchar(255) ,
 `class_id` int(10) unsigned ,
 `class_name` varchar(255) ,
 `grade_name` varchar(255) ,
 `semester_id` int(10) unsigned ,
 `semester_name` varchar(255) ,
 `subject_name` varchar(255) ,
 `subject_code` int(10) unsigned ,
 `assign_subject_grade_id` int(10) unsigned ,
 `student_semester_score_id` decimal(10,0) ,
 `score` float ,
 `create_date` timestamp ,
 `semester1_avg` double ,
 `semester2_avg` double ,
 `yearly_avg` double(19,2) 
)*/;

/*Table structure for table `vw_top_monthly_rankings` */

DROP TABLE IF EXISTS `vw_top_monthly_rankings`;

/*!50001 DROP VIEW IF EXISTS `vw_top_monthly_rankings` */;
/*!50001 DROP TABLE IF EXISTS `vw_top_monthly_rankings` */;

/*!50001 CREATE TABLE  `vw_top_monthly_rankings`(
 `student_id` int(10) unsigned ,
 `student_name` varchar(255) ,
 `class_id` int(10) unsigned ,
 `class_name` varchar(255) ,
 `monthly_id` int(10) unsigned ,
 `month_name` varchar(255) ,
 `year_study_id` int(10) unsigned ,
 `year_study` varchar(255) ,
 `monthly_avg` double(19,2) ,
 `monthly_rank` bigint(21) 
)*/;

/*Table structure for table `vw_top_semester_rankings` */

DROP TABLE IF EXISTS `vw_top_semester_rankings`;

/*!50001 DROP VIEW IF EXISTS `vw_top_semester_rankings` */;
/*!50001 DROP TABLE IF EXISTS `vw_top_semester_rankings` */;

/*!50001 CREATE TABLE  `vw_top_semester_rankings`(
 `student_id` int(10) unsigned ,
 `student_name` varchar(255) ,
 `class_id` int(10) unsigned ,
 `class_name` varchar(255) ,
 `semester_id` int(10) unsigned ,
 `semester_name` varchar(255) ,
 `year_study_id` int(10) unsigned ,
 `year_study` varchar(255) ,
 `semester_avg` double(19,2) ,
 `semester_rank` bigint(21) 
)*/;

/*Table structure for table `vw_top_yearly_rankings` */

DROP TABLE IF EXISTS `vw_top_yearly_rankings`;

/*!50001 DROP VIEW IF EXISTS `vw_top_yearly_rankings` */;
/*!50001 DROP TABLE IF EXISTS `vw_top_yearly_rankings` */;

/*!50001 CREATE TABLE  `vw_top_yearly_rankings`(
 `student_id` int(10) unsigned ,
 `student_name` varchar(255) ,
 `gender` varchar(255) ,
 `dob` date ,
 `class_id` int(10) unsigned ,
 `class_name` varchar(255) ,
 `grade_id` int(11) ,
 `grade_name` varchar(255) ,
 `year_study_id` int(10) unsigned ,
 `year_study` varchar(255) ,
 `yearly_avg` double(19,2) ,
 `yearly_rank` bigint(21) 
)*/;

/*View structure for view view_final_semester_averages */

/*!50001 DROP TABLE IF EXISTS `view_final_semester_averages` */;
/*!50001 DROP VIEW IF EXISTS `view_final_semester_averages` */;

/*!50001 CREATE ALGORITHM=UNDEFINED DEFINER=`root`@`localhost` SQL SECURITY DEFINER VIEW `view_final_semester_averages` AS select `si`.`student_id` AS `student_id`,`si`.`student_name` AS `student_name`,`si`.`gender` AS `gender`,`sem`.`semester_id` AS `semester_id`,`sem`.`semester_name` AS `semester_name`,`c`.`class_id` AS `class_id`,`c`.`class_name` AS `class_name`,`g`.`grade_name` AS `grade_name`,`sub`.`subject_code` AS `subject_code`,`sub`.`subject_name` AS `subject_name`,`sss`.`score` AS `subject_score`,`ys`.`year_study_id` AS `year_study_id`,`ys`.`year_study` AS `year_study`,(select avg(`sms`.`score`) from ((`tbl_student_monthly_score` `sms` join `classroom_subject_monthly_score` `csms` on(`sms`.`classroom_subject_monthly_score_id` = `csms`.`classroom_subject_monthly_score_id`)) join `tbl_semester_exam_subjects` `ses2` on(`csms`.`class_id` = `ses2`.`class_id` and `ses2`.`assign_subject_grade_id` = `asg`.`assign_subject_grade_id`)) where `sms`.`student_id` = `si`.`student_id` and find_in_set(`csms`.`monthly_id`,`ses2`.`monthly_ids`) and `ses2`.`semester_id` = `sem`.`semester_id` and `sms`.`isDeleted` = 0 and `ses2`.`isDeleted` = 0) AS `monthly_average`,(select avg(`sss2`.`score`) from (`tbl_student_semester_score` `sss2` join `tbl_semester_exam_subjects` `ses2` on(`sss2`.`semester_exam_subject_id` = `ses2`.`id`)) where `sss2`.`student_id` = `si`.`student_id` and `ses2`.`semester_id` = `sem`.`semester_id` and `ses2`.`class_id` = `c`.`class_id` and `sss2`.`isDeleted` = 0 and `ses2`.`isDeleted` = 0) AS `semester_exam_average`,round((ifnull((select avg(`sms`.`score`) from ((`tbl_student_monthly_score` `sms` join `classroom_subject_monthly_score` `csms` on(`sms`.`classroom_subject_monthly_score_id` = `csms`.`classroom_subject_monthly_score_id`)) join `tbl_semester_exam_subjects` `ses2` on(`csms`.`class_id` = `ses2`.`class_id` and `ses2`.`assign_subject_grade_id` = `asg`.`assign_subject_grade_id`)) where `sms`.`student_id` = `si`.`student_id` and find_in_set(`csms`.`monthly_id`,`ses2`.`monthly_ids`) and `ses2`.`semester_id` = `sem`.`semester_id` and `sms`.`isDeleted` = 0 and `ses2`.`isDeleted` = 0),0) + ifnull((select avg(`sss2`.`score`) from (`tbl_student_semester_score` `sss2` join `tbl_semester_exam_subjects` `ses2` on(`sss2`.`semester_exam_subject_id` = `ses2`.`id`)) where `sss2`.`student_id` = `si`.`student_id` and `ses2`.`semester_id` = `sem`.`semester_id` and `ses2`.`class_id` = `c`.`class_id` and `sss2`.`isDeleted` = 0 and `ses2`.`isDeleted` = 0),0)) / 2,2) AS `final_semester_average`,round(((ifnull((select avg(`sms`.`score`) from ((`tbl_student_monthly_score` `sms` join `classroom_subject_monthly_score` `csms` on(`sms`.`classroom_subject_monthly_score_id` = `csms`.`classroom_subject_monthly_score_id`)) join `tbl_semester_exam_subjects` `ses2` on(`csms`.`class_id` = `ses2`.`class_id` and `ses2`.`assign_subject_grade_id` = `asg`.`assign_subject_grade_id`)) where `sms`.`student_id` = `si`.`student_id` and find_in_set(`csms`.`monthly_id`,`ses2`.`monthly_ids`) and `ses2`.`semester_id` = 1 and `sms`.`isDeleted` = 0 and `ses2`.`isDeleted` = 0),0) + ifnull((select avg(`sss2`.`score`) from (`tbl_student_semester_score` `sss2` join `tbl_semester_exam_subjects` `ses2` on(`sss2`.`semester_exam_subject_id` = `ses2`.`id`)) where `sss2`.`student_id` = `si`.`student_id` and `ses2`.`semester_id` = 1 and `ses2`.`class_id` = `c`.`class_id` and `sss2`.`isDeleted` = 0 and `ses2`.`isDeleted` = 0),0)) / 2 + (ifnull((select avg(`sms`.`score`) from ((`tbl_student_monthly_score` `sms` join `classroom_subject_monthly_score` `csms` on(`sms`.`classroom_subject_monthly_score_id` = `csms`.`classroom_subject_monthly_score_id`)) join `tbl_semester_exam_subjects` `ses2` on(`csms`.`class_id` = `ses2`.`class_id` and `ses2`.`assign_subject_grade_id` = `asg`.`assign_subject_grade_id`)) where `sms`.`student_id` = `si`.`student_id` and find_in_set(`csms`.`monthly_id`,`ses2`.`monthly_ids`) and `ses2`.`semester_id` = 2 and `sms`.`isDeleted` = 0 and `ses2`.`isDeleted` = 0),0) + ifnull((select avg(`sss2`.`score`) from (`tbl_student_semester_score` `sss2` join `tbl_semester_exam_subjects` `ses2` on(`sss2`.`semester_exam_subject_id` = `ses2`.`id`)) where `sss2`.`student_id` = `si`.`student_id` and `ses2`.`semester_id` = 2 and `ses2`.`class_id` = `c`.`class_id` and `sss2`.`isDeleted` = 0 and `ses2`.`isDeleted` = 0),0)) / 2) / 2,2) AS `yearly_average` from (((((((((`tbl_student_info` `si` join `tbl_student_semester_score` `sss` on(`si`.`student_id` = `sss`.`student_id`)) join `tbl_semester_exam_subjects` `ses` on(`sss`.`semester_exam_subject_id` = `ses`.`id`)) join `tbl_classroom` `c` on(`ses`.`class_id` = `c`.`class_id`)) join `tbl_assign_subject_grade` `asg` on(`ses`.`assign_subject_grade_id` = `asg`.`assign_subject_grade_id`)) join `tbl_subject` `sub` on(`asg`.`subject_code` = `sub`.`subject_code`)) join `tbl_grade` `g` on(`asg`.`grade_id` = `g`.`grade_id`)) join `tbl_semester` `sem` on(`ses`.`semester_id` = `sem`.`semester_id`)) join `tbl_study` `st` on(`si`.`student_id` = `st`.`student_id` and `st`.`status` = 'active' and `st`.`isDeleted` = 0)) join `tbl_year_study` `ys` on(`st`.`year_study_id` = `ys`.`year_study_id`)) where `si`.`isDeleted` = 0 and `c`.`isDeleted` = 0 and `sem`.`isDeleted` = 0 and `asg`.`isDeleted` = 0 and `sss`.`isDeleted` = 0 group by `si`.`student_id`,`sem`.`semester_id`,`c`.`class_id`,`sub`.`subject_code` */;

/*View structure for view view_student_monthly_rankings */

/*!50001 DROP TABLE IF EXISTS `view_student_monthly_rankings` */;
/*!50001 DROP VIEW IF EXISTS `view_student_monthly_rankings` */;

/*!50001 CREATE ALGORITHM=UNDEFINED DEFINER=`root`@`localhost` SQL SECURITY DEFINER VIEW `view_student_monthly_rankings` AS select `s`.`student_id` AS `student_id`,`s`.`student_name` AS `student_name`,`s`.`class_id` AS `class_id`,`s`.`class_name` AS `class_name`,`s`.`monthly_id` AS `monthly_id`,`s`.`month_name` AS `month_name`,`s`.`subjects_count` AS `subjects_count`,`s`.`total_score` AS `total_score`,`s`.`average_score` AS `average_score`,rank() over ( partition by `s`.`class_id`,`s`.`monthly_id` order by `s`.`average_score` desc) AS `rank_in_class`,count(0) over ( partition by `s`.`class_id`,`s`.`monthly_id`) AS `class_size` from `view_student_monthly_summary` `s` */;

/*View structure for view view_student_monthly_score_report */

/*!50001 DROP TABLE IF EXISTS `view_student_monthly_score_report` */;
/*!50001 DROP VIEW IF EXISTS `view_student_monthly_score_report` */;

/*!50001 CREATE ALGORITHM=UNDEFINED DEFINER=`root`@`localhost` SQL SECURITY DEFINER VIEW `view_student_monthly_score_report` AS select `s`.`student_id` AS `student_id`,`s`.`student_name` AS `student_name`,`s`.`gender` AS `gender`,`c`.`class_id` AS `class_id`,`c`.`class_name` AS `class_name`,`m`.`monthly_id` AS `monthly_id`,`m`.`month_name` AS `month_name`,`sub`.`subject_code` AS `subject_code`,`sub`.`subject_name` AS `subject_name`,`sms`.`score` AS `score`,`sms`.`isDeleted` AS `isDeleted`,`ys`.`year_study_id` AS `year_study_id`,`ys`.`year_study` AS `year_study` from ((((((((`tbl_student_info` `s` join `tbl_study` `st` on(`s`.`student_id` = `st`.`student_id` and `st`.`status` = 'active' and `st`.`isDeleted` = 0)) join `tbl_classroom` `c` on(`st`.`class_id` = `c`.`class_id`)) join `tbl_year_study` `ys` on(`st`.`year_study_id` = `ys`.`year_study_id`)) join `classroom_subject_monthly_score` `csms` on(`c`.`class_id` = `csms`.`class_id`)) join `tbl_assign_subject_grade` `asg` on(`csms`.`assign_subject_grade_id` = `asg`.`assign_subject_grade_id`)) join `tbl_subject` `sub` on(`asg`.`subject_code` = `sub`.`subject_code`)) join `tbl_monthly` `m` on(`csms`.`monthly_id` = `m`.`monthly_id`)) left join `tbl_student_monthly_score` `sms` on(`s`.`student_id` = `sms`.`student_id` and `sms`.`classroom_subject_monthly_score_id` = `csms`.`classroom_subject_monthly_score_id` and `sms`.`isDeleted` = 0)) where `s`.`isDeleted` = 0 and `csms`.`isDeleted` = 0 */;

/*View structure for view view_student_monthly_score_summary */

/*!50001 DROP TABLE IF EXISTS `view_student_monthly_score_summary` */;
/*!50001 DROP VIEW IF EXISTS `view_student_monthly_score_summary` */;

/*!50001 CREATE ALGORITHM=UNDEFINED DEFINER=`root`@`localhost` SQL SECURITY DEFINER VIEW `view_student_monthly_score_summary` AS select `sms`.`student_id` AS `student_id`,`si`.`student_name` AS `student_name`,`c`.`class_id` AS `class_id`,`c`.`class_name` AS `class_name`,`m`.`monthly_id` AS `monthly_id`,`m`.`month_name` AS `month_name`,count(distinct `asg`.`assign_subject_grade_id`) AS `subjects_count`,sum(`sms`.`score`) AS `total_score`,avg(`sms`.`score`) AS `avg_score`,rank() over ( partition by `c`.`class_id`,`m`.`monthly_id` order by avg(`sms`.`score`) desc) AS `rank_in_class` from (((((`tbl_student_monthly_score` `sms` join `tbl_student_info` `si` on(`sms`.`student_id` = `si`.`student_id`)) join `classroom_subject_monthly_score` `csms` on(`sms`.`classroom_subject_monthly_score_id` = `csms`.`classroom_subject_monthly_score_id`)) join `tbl_classroom` `c` on(`csms`.`class_id` = `c`.`class_id`)) join `tbl_monthly` `m` on(`csms`.`monthly_id` = `m`.`monthly_id`)) join `tbl_assign_subject_grade` `asg` on(`csms`.`assign_subject_grade_id` = `asg`.`assign_subject_grade_id`)) where `sms`.`isDeleted` = 0 group by `sms`.`student_id`,`si`.`student_name`,`c`.`class_id`,`c`.`class_name`,`m`.`monthly_id`,`m`.`month_name` */;

/*View structure for view view_student_monthly_summary */

/*!50001 DROP TABLE IF EXISTS `view_student_monthly_summary` */;
/*!50001 DROP VIEW IF EXISTS `view_student_monthly_summary` */;

/*!50001 CREATE ALGORITHM=UNDEFINED DEFINER=`root`@`localhost` SQL SECURITY DEFINER VIEW `view_student_monthly_summary` AS select `sms`.`student_id` AS `student_id`,`si`.`student_name` AS `student_name`,`c`.`class_id` AS `class_id`,`c`.`class_name` AS `class_name`,`csms`.`monthly_id` AS `monthly_id`,`m`.`month_name` AS `month_name`,count(distinct `asg`.`assign_subject_grade_id`) AS `subjects_count`,sum(`sms`.`score`) AS `total_score`,avg(`sms`.`score`) AS `average_score` from (((((`tbl_student_monthly_score` `sms` join `tbl_student_info` `si` on(`sms`.`student_id` = `si`.`student_id`)) join `classroom_subject_monthly_score` `csms` on(`sms`.`classroom_subject_monthly_score_id` = `csms`.`classroom_subject_monthly_score_id`)) join `tbl_classroom` `c` on(`csms`.`class_id` = `c`.`class_id`)) join `tbl_monthly` `m` on(`csms`.`monthly_id` = `m`.`monthly_id`)) join `tbl_assign_subject_grade` `asg` on(`csms`.`assign_subject_grade_id` = `asg`.`assign_subject_grade_id`)) where `sms`.`isDeleted` = 0 group by `sms`.`student_id`,`si`.`student_name`,`c`.`class_id`,`c`.`class_name`,`csms`.`monthly_id`,`m`.`month_name` */;

/*View structure for view view_student_semester_report */

/*!50001 DROP TABLE IF EXISTS `view_student_semester_report` */;
/*!50001 DROP VIEW IF EXISTS `view_student_semester_report` */;

/*!50001 CREATE ALGORITHM=UNDEFINED DEFINER=`root`@`localhost` SQL SECURITY DEFINER VIEW `view_student_semester_report` AS select `si`.`student_id` AS `student_id`,`si`.`student_name` AS `student_name`,`si`.`gender` AS `gender`,`c`.`class_id` AS `class_id`,`c`.`class_name` AS `class_name`,`g`.`grade_id` AS `grade_id`,`g`.`grade_name` AS `grade_name`,`sem`.`semester_id` AS `semester_id`,`sem`.`semester_name` AS `semester_name`,`sub`.`subject_code` AS `subject_code`,`sub`.`subject_name` AS `subject_name`,(select `sss2`.`score` from (`tbl_student_semester_score` `sss2` join `tbl_semester_exam_subjects` `ses2` on(`sss2`.`semester_exam_subject_id` = `ses2`.`id`)) where `sss2`.`student_id` = `si`.`student_id` and `ses2`.`semester_id` = `sem`.`semester_id` and `ses2`.`class_id` = `c`.`class_id` and `sss2`.`isDeleted` = 0 and `ses2`.`isDeleted` = 0 and `ses2`.`assign_subject_grade_id` = `asg`.`assign_subject_grade_id` limit 1) AS `subject_score`,`ys`.`year_study_id` AS `year_study_id`,`ys`.`year_study` AS `year_study`,(select avg(`sms`.`score`) from ((`tbl_student_monthly_score` `sms` join `classroom_subject_monthly_score` `csms` on(`sms`.`classroom_subject_monthly_score_id` = `csms`.`classroom_subject_monthly_score_id`)) join `tbl_semester_exam_subjects` `ses2` on(`csms`.`class_id` = `ses2`.`class_id` and `ses2`.`assign_subject_grade_id` = `asg`.`assign_subject_grade_id`)) where `sms`.`student_id` = `si`.`student_id` and find_in_set(`csms`.`monthly_id`,`ses2`.`monthly_ids`) and `ses2`.`semester_id` = `sem`.`semester_id` and `sms`.`isDeleted` = 0 and `ses2`.`isDeleted` = 0) AS `monthly_average`,(select avg(`sss2`.`score`) from (`tbl_student_semester_score` `sss2` join `tbl_semester_exam_subjects` `ses2` on(`sss2`.`semester_exam_subject_id` = `ses2`.`id`)) where `sss2`.`student_id` = `si`.`student_id` and `ses2`.`semester_id` = `sem`.`semester_id` and `ses2`.`class_id` = `c`.`class_id` and `sss2`.`isDeleted` = 0 and `ses2`.`isDeleted` = 0) AS `semester_exam_average`,(ifnull((select avg(`sms`.`score`) from ((`tbl_student_monthly_score` `sms` join `classroom_subject_monthly_score` `csms` on(`sms`.`classroom_subject_monthly_score_id` = `csms`.`classroom_subject_monthly_score_id`)) join `tbl_semester_exam_subjects` `ses2` on(`csms`.`class_id` = `ses2`.`class_id` and `ses2`.`assign_subject_grade_id` = `asg`.`assign_subject_grade_id`)) where `sms`.`student_id` = `si`.`student_id` and find_in_set(`csms`.`monthly_id`,`ses2`.`monthly_ids`) and `ses2`.`semester_id` = `sem`.`semester_id` and `sms`.`isDeleted` = 0 and `ses2`.`isDeleted` = 0),0) + ifnull((select avg(`sss2`.`score`) from (`tbl_student_semester_score` `sss2` join `tbl_semester_exam_subjects` `ses2` on(`sss2`.`semester_exam_subject_id` = `ses2`.`id`)) where `sss2`.`student_id` = `si`.`student_id` and `ses2`.`semester_id` = `sem`.`semester_id` and `ses2`.`class_id` = `c`.`class_id` and `sss2`.`isDeleted` = 0 and `ses2`.`isDeleted` = 0),0)) / 2 AS `final_semester_average` from (((((((((`tbl_student_semester_score` `sss` join `tbl_student_info` `si` on(`sss`.`student_id` = `si`.`student_id`)) join `tbl_semester_exam_subjects` `ses` on(`sss`.`semester_exam_subject_id` = `ses`.`id`)) join `tbl_classroom` `c` on(`ses`.`class_id` = `c`.`class_id`)) join `tbl_assign_subject_grade` `asg` on(`ses`.`assign_subject_grade_id` = `asg`.`assign_subject_grade_id`)) join `tbl_subject` `sub` on(`asg`.`subject_code` = `sub`.`subject_code`)) join `tbl_grade` `g` on(`asg`.`grade_id` = `g`.`grade_id`)) join `tbl_semester` `sem` on(`ses`.`semester_id` = `sem`.`semester_id`)) join `tbl_study` `st` on(`si`.`student_id` = `st`.`student_id` and `st`.`class_id` = `c`.`class_id` and `st`.`status` = 'active' and `st`.`isDeleted` = 0)) join `tbl_year_study` `ys` on(`st`.`year_study_id` = `ys`.`year_study_id`)) where `sss`.`isDeleted` = 0 and `si`.`isDeleted` = 0 and `c`.`isDeleted` = 0 and `sem`.`isDeleted` = 0 and `asg`.`isDeleted` = 0 group by `si`.`student_id`,`c`.`class_id`,`sem`.`semester_id`,`sub`.`subject_code`,`ys`.`year_study_id` */;

/*View structure for view view_student_semester_score_report */

/*!50001 DROP TABLE IF EXISTS `view_student_semester_score_report` */;
/*!50001 DROP VIEW IF EXISTS `view_student_semester_score_report` */;

/*!50001 CREATE ALGORITHM=UNDEFINED DEFINER=`root`@`localhost` SQL SECURITY DEFINER VIEW `view_student_semester_score_report` AS select `s`.`student_id` AS `student_id`,`s`.`student_name` AS `student_name`,`s`.`gender` AS `gender`,`c`.`class_id` AS `class_id`,`c`.`class_name` AS `class_name`,`se`.`semester_id` AS `semester_id`,`se`.`semester_name` AS `semester_name`,`sub`.`subject_code` AS `subject_code`,`sub`.`subject_name` AS `subject_name`,`sss`.`score` AS `score`,`sss`.`isDeleted` AS `isDeleted` from (((((((`tbl_student_info` `s` join `tbl_study` `st` on(`s`.`student_id` = `st`.`student_id` and `st`.`status` = 'active' and `st`.`isDeleted` = 0)) join `tbl_classroom` `c` on(`st`.`class_id` = `c`.`class_id`)) join `tbl_semester_exam_subjects` `ses` on(`c`.`class_id` = `ses`.`class_id`)) join `tbl_assign_subject_grade` `asg` on(`ses`.`assign_subject_grade_id` = `asg`.`assign_subject_grade_id`)) join `tbl_subject` `sub` on(`asg`.`subject_code` = `sub`.`subject_code`)) join `tbl_semester` `se` on(`ses`.`semester_id` = `se`.`semester_id`)) left join `tbl_student_semester_score` `sss` on(`s`.`student_id` = `sss`.`student_id` and `sss`.`semester_exam_subject_id` = `ses`.`id` and `sss`.`isDeleted` = 0)) where `s`.`isDeleted` = 0 and `ses`.`isDeleted` = 0 */;

/*View structure for view vstudentmonthlyscorereport */

/*!50001 DROP TABLE IF EXISTS `vstudentmonthlyscorereport` */;
/*!50001 DROP VIEW IF EXISTS `vstudentmonthlyscorereport` */;

/*!50001 CREATE ALGORITHM=UNDEFINED DEFINER=`root`@`localhost` SQL SECURITY DEFINER VIEW `vstudentmonthlyscorereport` AS select `si`.`student_id` AS `student_id`,`si`.`student_name` AS `student_name`,`c`.`class_id` AS `class_id`,`c`.`class_name` AS `class_name`,`m`.`monthly_id` AS `monthly_id`,`m`.`month_name` AS `month_name`,group_concat(concat(`sub`.`subject_name`,': ',`sms`.`score`) order by `sub`.`subject_name` ASC separator ', ') AS `subject_scores` from (((((((`tbl_student_info` `si` join `tbl_study` `st` on(`si`.`student_id` = `st`.`student_id` and `st`.`status` = 'active' and `st`.`isDeleted` = 0)) join `tbl_classroom` `c` on(`st`.`class_id` = `c`.`class_id`)) join `tbl_student_monthly_score` `sms` on(`si`.`student_id` = `sms`.`student_id`)) join `classroom_subject_monthly_score` `csms` on(`sms`.`classroom_subject_monthly_score_id` = `csms`.`classroom_subject_monthly_score_id`)) join `tbl_monthly` `m` on(`csms`.`monthly_id` = `m`.`monthly_id`)) join `tbl_assign_subject_grade` `asg` on(`csms`.`assign_subject_grade_id` = `asg`.`assign_subject_grade_id`)) join `tbl_subject` `sub` on(`asg`.`subject_code` = `sub`.`subject_code`)) where `si`.`isDeleted` = 0 and `sms`.`isDeleted` = 0 group by `si`.`student_id`,`si`.`student_name`,`c`.`class_id`,`c`.`class_name`,`m`.`monthly_id`,`m`.`month_name` order by `si`.`student_name`,`m`.`monthly_id` */;

/*View structure for view vstudentmonthlyscorereportv2 */

/*!50001 DROP TABLE IF EXISTS `vstudentmonthlyscorereportv2` */;
/*!50001 DROP VIEW IF EXISTS `vstudentmonthlyscorereportv2` */;

/*!50001 CREATE ALGORITHM=UNDEFINED DEFINER=`root`@`localhost` SQL SECURITY DEFINER VIEW `vstudentmonthlyscorereportv2` AS select `si`.`student_id` AS `student_id`,`si`.`student_name` AS `student_name`,`c`.`class_id` AS `class_id`,`c`.`class_name` AS `class_name`,`m`.`monthly_id` AS `monthly_id`,`m`.`month_name` AS `month_name`,`sub`.`subject_code` AS `subject_code`,`sub`.`subject_name` AS `subject_name`,coalesce(`sms`.`score`,NULL) AS `score` from (((((((`tbl_student_info` `si` join `tbl_study` `st` on(`si`.`student_id` = `st`.`student_id` and `st`.`status` = 'active' and `st`.`isDeleted` = 0)) join `tbl_classroom` `c` on(`st`.`class_id` = `c`.`class_id`)) join `classroom_subject_monthly_score` `csms` on(`c`.`class_id` = `csms`.`class_id`)) join `tbl_monthly` `m` on(`csms`.`monthly_id` = `m`.`monthly_id`)) join `tbl_assign_subject_grade` `asg` on(`csms`.`assign_subject_grade_id` = `asg`.`assign_subject_grade_id`)) join `tbl_subject` `sub` on(`asg`.`subject_code` = `sub`.`subject_code`)) left join `tbl_student_monthly_score` `sms` on(`si`.`student_id` = `sms`.`student_id` and `sms`.`classroom_subject_monthly_score_id` = `csms`.`classroom_subject_monthly_score_id`)) where `si`.`isDeleted` = 0 and `csms`.`isDeleted` = 0 order by `si`.`student_name`,`m`.`monthly_id`,`sub`.`subject_name` */;

/*View structure for view vw_student_first_semester_final_avg */

/*!50001 DROP TABLE IF EXISTS `vw_student_first_semester_final_avg` */;
/*!50001 DROP VIEW IF EXISTS `vw_student_first_semester_final_avg` */;

/*!50001 CREATE ALGORITHM=UNDEFINED DEFINER=`root`@`localhost` SQL SECURITY DEFINER VIEW `vw_student_first_semester_final_avg` AS select `view_student_semester_report`.`student_id` AS `student_id`,`view_student_semester_report`.`student_name` AS `student_name`,`view_student_semester_report`.`class_id` AS `class_id`,`view_student_semester_report`.`class_name` AS `class_name`,`view_student_semester_report`.`grade_id` AS `grade_id`,`view_student_semester_report`.`grade_name` AS `grade_name`,`view_student_semester_report`.`monthly_average` AS `monthly_average`,`view_student_semester_report`.`semester_exam_average` AS `semester_exam_average`,`view_student_semester_report`.`final_semester_average` AS `final_semester_average` from `view_student_semester_report` where `view_student_semester_report`.`semester_id` = 1 */;

/*View structure for view vw_student_semester_scores_with_averages */

/*!50001 DROP TABLE IF EXISTS `vw_student_semester_scores_with_averages` */;
/*!50001 DROP VIEW IF EXISTS `vw_student_semester_scores_with_averages` */;

/*!50001 CREATE ALGORITHM=UNDEFINED DEFINER=`root`@`localhost` SQL SECURITY DEFINER VIEW `vw_student_semester_scores_with_averages` AS select `s`.`student_id` AS `student_id`,`s`.`student_name` AS `student_name`,`c`.`class_id` AS `class_id`,`c`.`class_name` AS `class_name`,`g`.`grade_name` AS `grade_name`,`sem`.`semester_id` AS `semester_id`,`sem`.`semester_name` AS `semester_name`,`sub`.`subject_name` AS `subject_name`,`sub`.`subject_code` AS `subject_code`,`asg`.`assign_subject_grade_id` AS `assign_subject_grade_id`,coalesce(`sss`.`student_semester_score_id`,NULL) AS `student_semester_score_id`,coalesce(`sss`.`score`,NULL) AS `score`,`sss`.`create_date` AS `create_date`,(select avg(`sss1`.`score`) from (`tbl_student_semester_score` `sss1` join `tbl_semester_exam_subjects` `ses1` on(`sss1`.`semester_exam_subject_id` = `ses1`.`id`)) where `sss1`.`student_id` = `s`.`student_id` and `ses1`.`semester_id` = 1 and `ses1`.`class_id` = `c`.`class_id` and `sss1`.`isDeleted` = 0 and `ses1`.`isDeleted` = 0) AS `semester1_avg`,(select avg(`sss2`.`score`) from (`tbl_student_semester_score` `sss2` join `tbl_semester_exam_subjects` `ses2` on(`sss2`.`semester_exam_subject_id` = `ses2`.`id`)) where `sss2`.`student_id` = `s`.`student_id` and `ses2`.`semester_id` = 2 and `ses2`.`class_id` = `c`.`class_id` and `sss2`.`isDeleted` = 0 and `ses2`.`isDeleted` = 0) AS `semester2_avg`,(select round((ifnull((select avg(`sss1`.`score`) from (`tbl_student_semester_score` `sss1` join `tbl_semester_exam_subjects` `ses1` on(`sss1`.`semester_exam_subject_id` = `ses1`.`id`)) where `sss1`.`student_id` = `s`.`student_id` and `ses1`.`semester_id` = 1 and `ses1`.`class_id` = `c`.`class_id` and `sss1`.`isDeleted` = 0 and `ses1`.`isDeleted` = 0),0) + ifnull((select avg(`sss2`.`score`) from (`tbl_student_semester_score` `sss2` join `tbl_semester_exam_subjects` `ses2` on(`sss2`.`semester_exam_subject_id` = `ses2`.`id`)) where `sss2`.`student_id` = `s`.`student_id` and `ses2`.`semester_id` = 2 and `ses2`.`class_id` = `c`.`class_id` and `sss2`.`isDeleted` = 0 and `ses2`.`isDeleted` = 0),0)) / 2,2)) AS `yearly_avg` from ((((((((`tbl_student_info` `s` join `tbl_study` `st` on(`s`.`student_id` = `st`.`student_id` and `st`.`status` = 'active' and `st`.`isDeleted` = 0)) join `tbl_classroom` `c` on(`st`.`class_id` = `c`.`class_id`)) join `tbl_grade` `g` on(`c`.`grade_id` = `g`.`grade_id`)) join `tbl_semester_exam_subjects` `ses` on(`c`.`class_id` = `ses`.`class_id` and `ses`.`isDeleted` = 0)) join `tbl_assign_subject_grade` `asg` on(`ses`.`assign_subject_grade_id` = `asg`.`assign_subject_grade_id`)) join `tbl_subject` `sub` on(`asg`.`subject_code` = `sub`.`subject_code`)) join `tbl_semester` `sem` on(`ses`.`semester_id` = `sem`.`semester_id`)) left join `tbl_student_semester_score` `sss` on(`s`.`student_id` = `sss`.`student_id` and `sss`.`semester_exam_subject_id` = `ses`.`id` and `sss`.`isDeleted` = 0)) where `s`.`isDeleted` = 0 order by `s`.`student_name`,`sub`.`subject_name` */;

/*View structure for view vw_top_monthly_rankings */

/*!50001 DROP TABLE IF EXISTS `vw_top_monthly_rankings` */;
/*!50001 DROP VIEW IF EXISTS `vw_top_monthly_rankings` */;

/*!50001 CREATE ALGORITHM=UNDEFINED DEFINER=`root`@`localhost` SQL SECURITY DEFINER VIEW `vw_top_monthly_rankings` AS with MonthlyRankings as (select `s`.`student_id` AS `student_id`,`s`.`student_name` AS `student_name`,`c`.`class_id` AS `class_id`,`c`.`class_name` AS `class_name`,`csms`.`monthly_id` AS `monthly_id`,`m`.`month_name` AS `month_name`,`ys`.`year_study_id` AS `year_study_id`,`ys`.`year_study` AS `year_study`,round(avg(`sms`.`score`),2) AS `monthly_avg`,row_number() over ( partition by `c`.`class_id`,`csms`.`monthly_id`,`ys`.`year_study_id` order by avg(`sms`.`score`) desc) AS `monthly_rank` from ((((((`tbl_student_info` `s` join `tbl_study` `st` on(`s`.`student_id` = `st`.`student_id`)) join `tbl_classroom` `c` on(`st`.`class_id` = `c`.`class_id`)) join `tbl_year_study` `ys` on(`st`.`year_study_id` = `ys`.`year_study_id`)) left join `tbl_student_monthly_score` `sms` on(`s`.`student_id` = `sms`.`student_id`)) left join `classroom_subject_monthly_score` `csms` on(`sms`.`classroom_subject_monthly_score_id` = `csms`.`classroom_subject_monthly_score_id`)) left join `tbl_monthly` `m` on(`csms`.`monthly_id` = `m`.`monthly_id`)) where `st`.`status` = 'active' and `s`.`isDeleted` = 0 and `st`.`isDeleted` = 0 and (`sms`.`isDeleted` = 0 or `sms`.`isDeleted` is null) and (`csms`.`isDeleted` = 0 or `csms`.`isDeleted` is null) group by `s`.`student_id`,`s`.`student_name`,`c`.`class_id`,`c`.`class_name`,`csms`.`monthly_id`,`m`.`month_name`,`ys`.`year_study_id`,`ys`.`year_study`)select `monthlyrankings`.`student_id` AS `student_id`,`monthlyrankings`.`student_name` AS `student_name`,`monthlyrankings`.`class_id` AS `class_id`,`monthlyrankings`.`class_name` AS `class_name`,`monthlyrankings`.`monthly_id` AS `monthly_id`,`monthlyrankings`.`month_name` AS `month_name`,`monthlyrankings`.`year_study_id` AS `year_study_id`,`monthlyrankings`.`year_study` AS `year_study`,`monthlyrankings`.`monthly_avg` AS `monthly_avg`,`monthlyrankings`.`monthly_rank` AS `monthly_rank` from `monthlyrankings` where `monthlyrankings`.`monthly_rank` <= 5 */;

/*View structure for view vw_top_semester_rankings */

/*!50001 DROP TABLE IF EXISTS `vw_top_semester_rankings` */;
/*!50001 DROP VIEW IF EXISTS `vw_top_semester_rankings` */;

/*!50001 CREATE ALGORITHM=UNDEFINED DEFINER=`root`@`localhost` SQL SECURITY DEFINER VIEW `vw_top_semester_rankings` AS with SemesterRankings as (select `s`.`student_id` AS `student_id`,`s`.`student_name` AS `student_name`,`c`.`class_id` AS `class_id`,`c`.`class_name` AS `class_name`,`ses`.`semester_id` AS `semester_id`,`sem`.`semester_name` AS `semester_name`,`ys`.`year_study_id` AS `year_study_id`,`ys`.`year_study` AS `year_study`,round(avg(`sss`.`score`),2) AS `semester_avg`,row_number() over ( partition by `c`.`class_id`,`ses`.`semester_id`,`ys`.`year_study_id` order by avg(`sss`.`score`) desc) AS `semester_rank` from ((((((`tbl_student_info` `s` join `tbl_study` `st` on(`s`.`student_id` = `st`.`student_id`)) join `tbl_classroom` `c` on(`st`.`class_id` = `c`.`class_id`)) join `tbl_year_study` `ys` on(`st`.`year_study_id` = `ys`.`year_study_id`)) left join `tbl_student_semester_score` `sss` on(`s`.`student_id` = `sss`.`student_id`)) left join `tbl_semester_exam_subjects` `ses` on(`sss`.`semester_exam_subject_id` = `ses`.`id`)) left join `tbl_semester` `sem` on(`ses`.`semester_id` = `sem`.`semester_id`)) where `st`.`status` = 'active' and `s`.`isDeleted` = 0 and `st`.`isDeleted` = 0 and (`sss`.`isDeleted` = 0 or `sss`.`isDeleted` is null) group by `s`.`student_id`,`s`.`student_name`,`c`.`class_id`,`c`.`class_name`,`ses`.`semester_id`,`sem`.`semester_name`,`ys`.`year_study_id`,`ys`.`year_study`)select `semesterrankings`.`student_id` AS `student_id`,`semesterrankings`.`student_name` AS `student_name`,`semesterrankings`.`class_id` AS `class_id`,`semesterrankings`.`class_name` AS `class_name`,`semesterrankings`.`semester_id` AS `semester_id`,`semesterrankings`.`semester_name` AS `semester_name`,`semesterrankings`.`year_study_id` AS `year_study_id`,`semesterrankings`.`year_study` AS `year_study`,`semesterrankings`.`semester_avg` AS `semester_avg`,`semesterrankings`.`semester_rank` AS `semester_rank` from `semesterrankings` where `semesterrankings`.`semester_rank` <= 5 */;

/*View structure for view vw_top_yearly_rankings */

/*!50001 DROP TABLE IF EXISTS `vw_top_yearly_rankings` */;
/*!50001 DROP VIEW IF EXISTS `vw_top_yearly_rankings` */;

/*!50001 CREATE ALGORITHM=UNDEFINED DEFINER=`root`@`localhost` SQL SECURITY DEFINER VIEW `vw_top_yearly_rankings` AS with StudentRankings as (select `s`.`student_id` AS `student_id`,`s`.`student_name` AS `student_name`,`s`.`gender` AS `gender`,`s`.`dob` AS `dob`,`c`.`class_id` AS `class_id`,`c`.`class_name` AS `class_name`,`g`.`grade_id` AS `grade_id`,`g`.`grade_name` AS `grade_name`,`ys`.`year_study_id` AS `year_study_id`,`ys`.`year_study` AS `year_study`,round(((ifnull(avg(case when find_in_set(`csms`.`monthly_id`,`ses1`.`monthly_ids`) then `sms`.`score` else NULL end),0) + ifnull(avg(case when `ses`.`semester_id` = 1 then `sss`.`score` else NULL end),0)) / 2 + (ifnull(avg(case when find_in_set(`csms`.`monthly_id`,`ses2`.`monthly_ids`) then `sms`.`score` else NULL end),0) + ifnull(avg(case when `ses`.`semester_id` = 2 then `sss`.`score` else NULL end),0)) / 2) / 2,2) AS `yearly_avg`,dense_rank() over ( partition by `c`.`class_id`,`ys`.`year_study_id` order by round(((ifnull(avg(case when find_in_set(`csms`.`monthly_id`,`ses1`.`monthly_ids`) then `sms`.`score` else NULL end),0) + ifnull(avg(case when `ses`.`semester_id` = 1 then `sss`.`score` else NULL end),0)) / 2 + (ifnull(avg(case when find_in_set(`csms`.`monthly_id`,`ses2`.`monthly_ids`) then `sms`.`score` else NULL end),0) + ifnull(avg(case when `ses`.`semester_id` = 2 then `sss`.`score` else NULL end),0)) / 2) / 2,2) desc) AS `yearly_rank` from ((((((((((`tbl_student_info` `s` join `tbl_study` `st` on(`s`.`student_id` = `st`.`student_id`)) join `tbl_classroom` `c` on(`st`.`class_id` = `c`.`class_id`)) join `tbl_grade` `g` on(`c`.`grade_id` = `g`.`grade_id`)) join `tbl_year_study` `ys` on(`st`.`year_study_id` = `ys`.`year_study_id`)) left join `tbl_student_monthly_score` `sms` on(`s`.`student_id` = `sms`.`student_id`)) left join `classroom_subject_monthly_score` `csms` on(`sms`.`classroom_subject_monthly_score_id` = `csms`.`classroom_subject_monthly_score_id`)) left join `tbl_student_semester_score` `sss` on(`s`.`student_id` = `sss`.`student_id`)) left join `tbl_semester_exam_subjects` `ses` on(`sss`.`semester_exam_subject_id` = `ses`.`id`)) left join `tbl_semester_exam_subjects` `ses1` on(`ses1`.`class_id` = `c`.`class_id` and `ses1`.`semester_id` = 1)) left join `tbl_semester_exam_subjects` `ses2` on(`ses2`.`class_id` = `c`.`class_id` and `ses2`.`semester_id` = 2)) where `st`.`status` = 'active' and `s`.`isDeleted` = 0 and `st`.`isDeleted` = 0 and (`sms`.`isDeleted` = 0 or `sms`.`isDeleted` is null) and (`csms`.`isDeleted` = 0 or `csms`.`isDeleted` is null) and (`sss`.`isDeleted` = 0 or `sss`.`isDeleted` is null) group by `s`.`student_id`,`s`.`student_name`,`c`.`class_id`,`c`.`class_name`,`g`.`grade_id`,`g`.`grade_name`,`ys`.`year_study_id`,`ys`.`year_study`)select `studentrankings`.`student_id` AS `student_id`,`studentrankings`.`student_name` AS `student_name`,`studentrankings`.`gender` AS `gender`,`studentrankings`.`dob` AS `dob`,`studentrankings`.`class_id` AS `class_id`,`studentrankings`.`class_name` AS `class_name`,`studentrankings`.`grade_id` AS `grade_id`,`studentrankings`.`grade_name` AS `grade_name`,`studentrankings`.`year_study_id` AS `year_study_id`,`studentrankings`.`year_study` AS `year_study`,`studentrankings`.`yearly_avg` AS `yearly_avg`,`studentrankings`.`yearly_rank` AS `yearly_rank` from `studentrankings` where `studentrankings`.`yearly_rank` <= 5 order by `studentrankings`.`class_id`,`studentrankings`.`year_study_id`,`studentrankings`.`yearly_rank` */;

/*!40101 SET SQL_MODE=@OLD_SQL_MODE */;
/*!40014 SET FOREIGN_KEY_CHECKS=@OLD_FOREIGN_KEY_CHECKS */;
/*!40014 SET UNIQUE_CHECKS=@OLD_UNIQUE_CHECKS */;
/*!40111 SET SQL_NOTES=@OLD_SQL_NOTES */;
