/*
SQLyog Enterprise - MySQL GUI v8.18 
MySQL - 5.5.5-10.4.32-MariaDB : Database - norea_psms
*********************************************************************
*/

/*!40101 SET NAMES utf8 */;

/*!40101 SET SQL_MODE=''*/;

/*!40014 SET @OLD_UNIQUE_CHECKS=@@UNIQUE_CHECKS, UNIQUE_CHECKS=0 */;
/*!40014 SET @OLD_FOREIGN_KEY_CHECKS=@@FOREIGN_KEY_CHECKS, FOREIGN_KEY_CHECKS=0 */;
/*!40101 SET @OLD_SQL_MODE=@@SQL_MODE, SQL_MODE='NO_AUTO_VALUE_ON_ZERO' */;
/*!40111 SET @OLD_SQL_NOTES=@@SQL_NOTES, SQL_NOTES=0 */;
CREATE DATABASE /*!32312 IF NOT EXISTS*/`norea_psms` /*!40100 DEFAULT CHARACTER SET utf8mb4 COLLATE utf8mb4_general_ci */;

USE `norea_psms`;

/*Table structure for table `classroom_subject_monthly_score` */

DROP TABLE IF EXISTS `classroom_subject_monthly_score`;

CREATE TABLE `classroom_subject_monthly_score` (
  `classroom_subject_monthly_score_id` int(10) unsigned NOT NULL AUTO_INCREMENT,
  `class_id` int(10) unsigned NOT NULL,
  `assign_subject_grade_id` int(10) unsigned NOT NULL,
  `monthly_id` int(10) unsigned NOT NULL,
  `create_date` timestamp NOT NULL DEFAULT current_timestamp(),
  `isDeleted` int(2) DEFAULT 0,
  PRIMARY KEY (`classroom_subject_monthly_score_id`),
  KEY `class_id` (`class_id`),
  KEY `assign_subject_grade_id` (`assign_subject_grade_id`),
  KEY `monthly_id` (`monthly_id`),
  CONSTRAINT `fk_classroom_subject_monthly_class` FOREIGN KEY (`class_id`) REFERENCES `tbl_classroom` (`class_id`) ON DELETE CASCADE,
  CONSTRAINT `fk_classroom_subject_monthly_monthly` FOREIGN KEY (`monthly_id`) REFERENCES `tbl_monthly` (`monthly_id`) ON DELETE CASCADE,
  CONSTRAINT `fk_classroom_subject_monthly_subject` FOREIGN KEY (`assign_subject_grade_id`) REFERENCES `tbl_assign_subject_grade` (`assign_subject_grade_id`) ON DELETE CASCADE
) ENGINE=InnoDB AUTO_INCREMENT=246 DEFAULT CHARSET=utf8mb4 COLLATE=utf8mb4_general_ci;

/*Data for the table `classroom_subject_monthly_score` */

insert  into `classroom_subject_monthly_score`(`classroom_subject_monthly_score_id`,`class_id`,`assign_subject_grade_id`,`monthly_id`,`create_date`,`isDeleted`) values (185,10,192,1,'2025-05-08 16:35:28',0),(186,10,201,1,'2025-05-08 16:35:28',0),(187,10,203,1,'2025-05-08 16:35:28',0),(188,10,204,1,'2025-05-08 16:35:28',0),(189,10,191,1,'2025-05-08 16:35:28',0),(190,10,196,1,'2025-05-08 16:35:28',0),(191,10,202,1,'2025-05-08 16:35:28',0),(192,10,200,1,'2025-05-08 16:35:28',0),(193,10,198,1,'2025-05-08 16:35:28',0),(194,10,197,1,'2025-05-08 16:35:28',0),(195,10,199,1,'2025-05-08 16:35:28',0),(196,10,205,1,'2025-05-08 16:35:28',0),(197,10,194,1,'2025-05-08 16:35:28',0),(198,10,195,1,'2025-05-08 16:35:28',0),(199,10,192,2,'2025-05-08 16:51:14',0),(200,10,201,2,'2025-05-08 16:51:14',0),(201,10,203,2,'2025-05-08 16:51:14',0),(202,10,204,2,'2025-05-08 16:51:14',0),(203,10,191,2,'2025-05-08 16:51:14',0),(204,10,202,2,'2025-05-08 16:51:14',0),(205,10,200,2,'2025-05-08 16:51:14',0),(206,10,198,2,'2025-05-08 16:51:14',0),(207,10,197,2,'2025-05-08 16:51:14',0),(208,10,199,2,'2025-05-08 16:51:14',0),(209,10,205,2,'2025-05-08 16:51:14',0),(210,10,194,2,'2025-05-08 16:51:14',0),(211,10,195,2,'2025-05-08 16:51:14',0),(212,10,201,3,'2025-05-09 08:08:13',0),(213,10,204,3,'2025-05-09 08:08:13',0),(214,10,202,3,'2025-05-09 08:08:13',0),(215,10,191,3,'2025-05-09 08:08:13',0),(216,10,200,3,'2025-05-09 08:08:13',0),(217,10,198,3,'2025-05-09 08:08:13',0),(218,10,197,3,'2025-05-09 08:08:13',0),(219,10,199,3,'2025-05-09 08:08:13',0),(220,10,193,3,'2025-05-09 08:08:13',0),(221,10,205,3,'2025-05-09 08:08:13',0),(222,10,194,3,'2025-05-09 08:08:13',0),(223,10,195,3,'2025-05-09 08:08:13',0),(224,10,192,3,'2025-05-09 08:08:13',0),(225,10,201,4,'2025-05-09 11:10:32',0),(226,10,204,4,'2025-05-09 11:10:32',0),(227,10,191,4,'2025-05-09 11:10:32',0),(228,10,202,4,'2025-05-09 11:10:32',0),(229,10,198,4,'2025-05-09 11:10:32',0),(230,10,200,4,'2025-05-09 11:10:32',0),(231,10,197,4,'2025-05-09 11:10:32',0),(232,10,199,4,'2025-05-09 11:10:32',0),(233,10,205,4,'2025-05-09 11:10:32',0),(234,10,194,4,'2025-05-09 11:10:32',0),(235,10,195,4,'2025-05-09 11:10:32',0),(236,10,192,5,'2025-05-09 11:10:50',0),(237,10,201,5,'2025-05-09 11:10:50',0),(238,10,195,5,'2025-05-09 11:10:50',0),(239,10,194,5,'2025-05-09 11:10:51',0),(240,10,205,5,'2025-05-09 11:10:51',0),(241,10,192,6,'2025-05-09 11:11:03',0),(242,10,191,6,'2025-05-09 11:11:03',0),(243,10,194,7,'2025-05-09 11:11:23',0),(244,10,195,7,'2025-05-09 11:11:23',0),(245,10,205,7,'2025-05-09 11:11:23',0);

/*Table structure for table `tbl_activity_log` */

DROP TABLE IF EXISTS `tbl_activity_log`;

CREATE TABLE `tbl_activity_log` (
  `activity_id` int(10) unsigned NOT NULL AUTO_INCREMENT,
  `type` varchar(50) NOT NULL COMMENT 'Type of activity (login, score_entry, etc.)',
  `description` text NOT NULL COMMENT 'Description of the activity',
  `user_id` int(10) unsigned NOT NULL COMMENT 'User who performed the activity',
  `category` varchar(50) NOT NULL COMMENT 'Category of activity (auth, student, class, etc.)',
  `details` longtext CHARACTER SET utf8mb4 COLLATE utf8mb4_bin DEFAULT NULL COMMENT 'Additional details in JSON format' CHECK (json_valid(`details`)),
  `created_at` timestamp NOT NULL DEFAULT current_timestamp(),
  `isDeleted` int(2) DEFAULT 0,
  PRIMARY KEY (`activity_id`),
  KEY `idx_user_id` (`user_id`),
  KEY `idx_type` (`type`),
  KEY `idx_category` (`category`),
  KEY `idx_created_at` (`created_at`),
  CONSTRAINT `fk_activity_user` FOREIGN KEY (`user_id`) REFERENCES `tbl_user` (`user_id`) ON DELETE CASCADE
) ENGINE=InnoDB AUTO_INCREMENT=6 DEFAULT CHARSET=utf8mb4 COLLATE=utf8mb4_general_ci;

/*Data for the table `tbl_activity_log` */

insert  into `tbl_activity_log`(`activity_id`,`type`,`description`,`user_id`,`category`,`details`,`created_at`,`isDeleted`) values (1,'login','User logged in successfully',1,'authentication','{\"ip\": \"127.0.0.1\", \"browser\": \"Chrome\"}','2025-04-17 20:57:20',0),(2,'student_register','New student registered',1,'student_management','{\"student_id\": 1001, \"student_name\": \"សុខ សុវណ្ណា\"}','2025-04-17 20:57:20',0),(3,'score_entry','Monthly scores entered',1,'score_management','{\"class_id\": 1, \"monthly_id\": 1, \"subject_count\": 3}','2025-04-17 20:57:20',0),(4,'class_create','New class created',1,'class_management','{\"class_id\": 1, \"class_name\": \"១ក\", \"grade_id\": 1}','2025-04-17 20:57:20',0),(5,'report_generate','Monthly report generated',1,'report_management','{\"report_type\": \"monthly\", \"class_id\": 1, \"monthly_id\": 1}','2025-04-17 20:57:20',0);

/*Table structure for table `tbl_assign_subject_grade` */

DROP TABLE IF EXISTS `tbl_assign_subject_grade`;

CREATE TABLE `tbl_assign_subject_grade` (
  `assign_subject_grade_id` int(10) unsigned NOT NULL AUTO_INCREMENT,
  `grade_id` int(11) NOT NULL,
  `subject_code` int(10) unsigned NOT NULL,
  `create_date` timestamp NOT NULL DEFAULT current_timestamp(),
  `isDeleted` int(2) DEFAULT 0,
  PRIMARY KEY (`assign_subject_grade_id`),
  KEY `fk_assign_subject_grade_grade` (`grade_id`),
  KEY `fk_assign_subject_grade_subject` (`subject_code`),
  CONSTRAINT `fk_assign_subject_grade_grade` FOREIGN KEY (`grade_id`) REFERENCES `tbl_grade` (`grade_id`),
  CONSTRAINT `fk_assign_subject_grade_subject` FOREIGN KEY (`subject_code`) REFERENCES `tbl_subject` (`subject_code`)
) ENGINE=InnoDB AUTO_INCREMENT=210 DEFAULT CHARSET=utf8mb4 COLLATE=utf8mb4_general_ci;

/*Data for the table `tbl_assign_subject_grade` */

insert  into `tbl_assign_subject_grade`(`assign_subject_grade_id`,`grade_id`,`subject_code`,`create_date`,`isDeleted`) values (138,2,1,'2025-04-30 01:01:25',0),(139,2,2,'2025-04-30 01:01:25',0),(140,2,3,'2025-04-30 01:01:25',0),(141,2,4,'2025-04-30 01:01:25',0),(142,2,5,'2025-04-30 01:01:25',0),(143,2,6,'2025-04-30 01:01:25',0),(144,2,7,'2025-04-30 01:01:25',0),(145,2,8,'2025-04-30 01:01:25',0),(146,2,9,'2025-04-30 01:01:25',0),(147,2,10,'2025-04-30 01:01:25',0),(148,2,11,'2025-04-30 01:01:25',0),(149,2,12,'2025-04-30 01:01:25',0),(150,2,13,'2025-04-30 01:01:25',0),(151,2,15,'2025-04-30 01:01:25',0),(152,2,14,'2025-04-30 01:01:25',0),(153,2,16,'2025-04-30 01:01:25',0),(154,2,17,'2025-04-30 01:01:25',0),(155,2,18,'2025-04-30 01:01:25',0),(156,2,19,'2025-04-30 01:01:25',0),(157,2,20,'2025-04-30 01:01:25',0),(158,2,21,'2025-04-30 01:01:25',0),(159,2,22,'2025-04-30 01:01:25',0),(160,2,23,'2025-04-30 01:01:25',0),(161,2,24,'2025-04-30 01:01:25',0),(162,2,25,'2025-04-30 01:01:25',0),(163,2,26,'2025-04-30 01:01:25',0),(164,4,1,'2025-05-01 09:49:58',0),(165,4,2,'2025-05-01 09:49:58',0),(166,4,3,'2025-05-01 09:49:58',0),(167,4,4,'2025-05-01 09:49:58',0),(168,4,5,'2025-05-01 09:49:58',0),(169,4,6,'2025-05-01 09:49:58',0),(170,4,7,'2025-05-01 09:49:58',0),(171,4,8,'2025-05-01 09:49:58',0),(172,4,9,'2025-05-01 09:49:58',0),(173,4,10,'2025-05-01 09:49:58',0),(174,4,11,'2025-05-01 09:49:58',0),(175,4,12,'2025-05-01 09:49:58',0),(176,4,13,'2025-05-01 09:49:58',0),(177,4,14,'2025-05-01 09:49:58',0),(178,4,15,'2025-05-01 09:49:58',0),(179,4,16,'2025-05-01 09:49:58',0),(180,4,17,'2025-05-01 09:49:58',0),(181,4,18,'2025-05-01 09:49:58',0),(182,4,19,'2025-05-01 09:49:58',0),(183,4,20,'2025-05-01 09:49:58',0),(184,4,21,'2025-05-01 09:49:58',0),(185,4,22,'2025-05-01 09:49:58',0),(186,4,23,'2025-05-01 09:49:58',0),(187,4,24,'2025-05-01 09:49:58',0),(188,4,25,'2025-05-01 09:49:58',0),(189,4,26,'2025-05-01 09:49:58',0),(190,1,3,'2025-05-01 13:30:05',0),(191,1,2,'2025-05-01 13:30:05',0),(192,1,1,'2025-05-01 13:30:05',0),(193,1,4,'2025-05-01 13:30:05',0),(194,1,5,'2025-05-01 13:30:05',0),(195,1,6,'2025-05-01 13:30:05',0),(196,1,7,'2025-05-01 13:30:05',0),(197,1,8,'2025-05-01 13:30:05',0),(198,1,9,'2025-05-01 13:30:05',0),(199,1,10,'2025-05-01 13:30:05',0),(200,1,11,'2025-05-01 13:30:05',0),(201,1,12,'2025-05-01 13:30:05',0),(202,1,13,'2025-05-01 13:30:05',0),(203,1,14,'2025-05-01 13:30:05',0),(204,1,15,'2025-05-01 13:30:05',0),(205,1,16,'2025-05-01 13:30:05',0),(206,1,17,'2025-05-01 13:30:05',0),(207,1,18,'2025-05-01 13:30:05',0),(208,1,19,'2025-05-01 13:30:05',0),(209,1,20,'2025-05-01 13:30:05',0);

/*Table structure for table `tbl_classroom` */

DROP TABLE IF EXISTS `tbl_classroom`;

CREATE TABLE `tbl_classroom` (
  `class_id` int(10) unsigned NOT NULL AUTO_INCREMENT,
  `class_name` varchar(255) NOT NULL,
  `grade_id` int(11) NOT NULL,
  `session_id` int(11) DEFAULT NULL,
  `teacher_id` int(10) unsigned DEFAULT NULL,
  `create_date` timestamp NOT NULL DEFAULT current_timestamp(),
  `isDeleted` int(2) DEFAULT 0,
  `status` varchar(255) DEFAULT 'active',
  `num_students_in_class` int(11) NOT NULL DEFAULT 45 COMMENT 'Maximum number of students allowed in this class',
  PRIMARY KEY (`class_id`,`class_name`),
  KEY `fk_classroom_session` (`session_id`),
  KEY `fk_classroom_grade` (`grade_id`),
  KEY `fk_classroom_teacher` (`teacher_id`),
  CONSTRAINT `fk_classroom_grade` FOREIGN KEY (`grade_id`) REFERENCES `tbl_grade` (`grade_id`),
  CONSTRAINT `fk_classroom_session` FOREIGN KEY (`session_id`) REFERENCES `tbl_school_session` (`session_id`) ON DELETE CASCADE,
  CONSTRAINT `fk_classroom_teacher` FOREIGN KEY (`teacher_id`) REFERENCES `tbl_user` (`user_id`)
) ENGINE=InnoDB AUTO_INCREMENT=19 DEFAULT CHARSET=utf8mb4 COLLATE=utf8mb4_general_ci;

/*Data for the table `tbl_classroom` */

insert  into `tbl_classroom`(`class_id`,`class_name`,`grade_id`,`session_id`,`teacher_id`,`create_date`,`isDeleted`,`status`,`num_students_in_class`) values (10,'១ក',1,1,6,'2025-04-05 17:18:45',0,'active',45),(11,'២ក',2,1,NULL,'2025-04-05 17:24:22',0,'active',45),(12,'១ខ',1,1,3,'2025-04-12 08:26:25',0,'active',45),(13,'១គ',1,1,5,'2025-04-19 08:42:27',0,'active',45),(14,'៤ក',4,1,4,'2025-05-01 09:47:46',0,'active',45),(15,'៤ខ',4,1,7,'2025-05-01 20:41:12',0,'active',9),(16,'៥ក',5,1,NULL,'2025-05-06 15:31:52',0,'active',11),(17,'៥ខ',5,1,8,'2025-05-06 15:38:08',0,'active',9),(18,'៥គ',5,1,NULL,'2025-05-06 15:39:30',0,'active',9);

/*Table structure for table `tbl_grade` */

DROP TABLE IF EXISTS `tbl_grade`;

CREATE TABLE `tbl_grade` (
  `grade_id` int(11) NOT NULL,
  `grade_name` varchar(255) NOT NULL,
  `level` int(50) DEFAULT NULL,
  `create_date` timestamp NOT NULL DEFAULT current_timestamp(),
  `isDeleted` int(2) DEFAULT 0,
  PRIMARY KEY (`grade_id`)
) ENGINE=InnoDB DEFAULT CHARSET=utf8mb4 COLLATE=utf8mb4_general_ci;

/*Data for the table `tbl_grade` */

insert  into `tbl_grade`(`grade_id`,`grade_name`,`level`,`create_date`,`isDeleted`) values (1,'ថ្នាក់ទី ១',1,'2025-02-02 09:52:57',0),(2,'ថ្នាក់ទី ២',2,'2025-02-02 09:52:57',0),(3,'ថ្នាក់ទី ៣',3,'2025-02-02 09:52:57',0),(4,'ថ្នាក់ទី ៤',4,'2025-02-02 09:52:57',0),(5,'ថ្នាក់ទី ៥',5,'2025-02-02 09:52:57',0),(6,'ថ្នាក់ទី ៦',6,'2025-02-02 09:52:57',0);

/*Table structure for table `tbl_monthly` */

DROP TABLE IF EXISTS `tbl_monthly`;

CREATE TABLE `tbl_monthly` (
  `monthly_id` int(10) unsigned NOT NULL AUTO_INCREMENT,
  `month_name` varchar(255) NOT NULL,
  `create_date` timestamp NOT NULL DEFAULT current_timestamp(),
  `isDeleted` int(2) DEFAULT 0,
  PRIMARY KEY (`monthly_id`)
) ENGINE=InnoDB AUTO_INCREMENT=14 DEFAULT CHARSET=utf8mb4 COLLATE=utf8mb4_general_ci;

/*Data for the table `tbl_monthly` */

insert  into `tbl_monthly`(`monthly_id`,`month_name`,`create_date`,`isDeleted`) values (1,'មករា','2025-02-02 09:52:34',0),(2,'កុម្ភះ','2025-02-02 09:52:34',0),(3,'មិនា','2025-02-02 09:52:34',0),(4,'មេសា','2025-02-02 09:52:34',0),(5,'ឧសភា','2025-02-02 09:52:34',0),(6,'មិថុនា','2025-02-02 09:52:34',0),(7,'កក្កដា','2025-02-02 09:52:34',0),(8,'សីហា','2025-02-02 09:52:34',0),(9,'កញ្ញា','2025-02-02 09:52:34',0),(10,'តុលា','2025-02-02 09:52:34',0),(11,'វិច្ឆិកា','2025-02-02 09:52:34',0),(12,'ធ្នូ','2025-02-02 09:52:34',0);

/*Table structure for table `tbl_school_session` */

DROP TABLE IF EXISTS `tbl_school_session`;

CREATE TABLE `tbl_school_session` (
  `session_id` int(11) NOT NULL AUTO_INCREMENT,
  `session_name` varchar(50) NOT NULL,
  `isDeleted` int(2) DEFAULT 0,
  `create_date` timestamp NOT NULL DEFAULT current_timestamp(),
  PRIMARY KEY (`session_id`)
) ENGINE=InnoDB AUTO_INCREMENT=3 DEFAULT CHARSET=utf8mb4 COLLATE=utf8mb4_general_ci;

/*Data for the table `tbl_school_session` */

insert  into `tbl_school_session`(`session_id`,`session_name`,`isDeleted`,`create_date`) values (1,'វេនព្រឹក',0,'2025-02-08 16:29:07'),(2,'វេនរសៀល',0,'2025-02-08 16:29:13');

/*Table structure for table `tbl_semester` */

DROP TABLE IF EXISTS `tbl_semester`;

CREATE TABLE `tbl_semester` (
  `semester_id` int(10) unsigned NOT NULL AUTO_INCREMENT,
  `semester_name` varchar(255) NOT NULL,
  `create_date` timestamp NOT NULL DEFAULT current_timestamp(),
  `isDeleted` int(2) DEFAULT 0,
  PRIMARY KEY (`semester_id`),
  UNIQUE KEY `semester_name` (`semester_name`)
) ENGINE=InnoDB AUTO_INCREMENT=4 DEFAULT CHARSET=utf8mb4 COLLATE=utf8mb4_general_ci;

/*Data for the table `tbl_semester` */

insert  into `tbl_semester`(`semester_id`,`semester_name`,`create_date`,`isDeleted`) values (1,'ឆមាសទី១','2025-02-02 09:51:24',0),(2,'ឆមាសទី២','2025-02-02 09:51:24',0);

/*Table structure for table `tbl_semester_exam_subjects` */

DROP TABLE IF EXISTS `tbl_semester_exam_subjects`;

CREATE TABLE `tbl_semester_exam_subjects` (
  `id` int(11) NOT NULL AUTO_INCREMENT,
  `class_id` int(10) unsigned NOT NULL,
  `semester_id` int(10) unsigned NOT NULL,
  `assign_subject_grade_id` int(10) unsigned NOT NULL,
  `monthly_ids` varchar(255) DEFAULT NULL,
  `create_date` timestamp NOT NULL DEFAULT current_timestamp(),
  `isDeleted` int(2) DEFAULT 0,
  PRIMARY KEY (`id`),
  KEY `class_id` (`class_id`),
  KEY `semester_id` (`semester_id`),
  KEY `assign_subject_grade_id` (`assign_subject_grade_id`),
  KEY `idx_class_semester` (`class_id`,`semester_id`,`isDeleted`),
  CONSTRAINT `tbl_semester_exam_subjects_ibfk_1` FOREIGN KEY (`class_id`) REFERENCES `tbl_classroom` (`class_id`),
  CONSTRAINT `tbl_semester_exam_subjects_ibfk_2` FOREIGN KEY (`semester_id`) REFERENCES `tbl_semester` (`semester_id`),
  CONSTRAINT `tbl_semester_exam_subjects_ibfk_3` FOREIGN KEY (`assign_subject_grade_id`) REFERENCES `tbl_assign_subject_grade` (`assign_subject_grade_id`)
) ENGINE=InnoDB AUTO_INCREMENT=103 DEFAULT CHARSET=utf8mb4 COLLATE=utf8mb4_general_ci;

/*Data for the table `tbl_semester_exam_subjects` */

insert  into `tbl_semester_exam_subjects`(`id`,`class_id`,`semester_id`,`assign_subject_grade_id`,`monthly_ids`,`create_date`,`isDeleted`) values (87,10,1,192,'1,2,3','2025-05-09 08:26:02',0),(88,10,1,201,'1,2,3','2025-05-09 08:26:02',0),(89,10,1,204,'1,2,3','2025-05-09 08:26:02',0),(90,10,1,191,'1,2,3','2025-05-09 08:26:02',0),(91,10,1,202,'1,2,3','2025-05-09 08:26:02',0),(92,10,1,200,'1,2,3','2025-05-09 08:26:02',0),(93,10,1,198,'1,2,3','2025-05-09 08:26:02',0),(94,10,1,197,'1,2,3','2025-05-09 08:26:02',0),(95,10,1,199,'1,2,3','2025-05-09 08:26:02',0),(96,10,1,205,'1,2,3','2025-05-09 08:26:02',0),(97,10,1,194,'1,2,3','2025-05-09 08:26:02',0),(98,10,1,195,'1,2,3','2025-05-09 08:26:02',0),(99,10,2,192,'4,5,6,7','2025-05-09 11:17:06',0),(100,10,2,201,'4,5,6,7','2025-05-09 11:17:06',0),(101,10,2,204,'4,5,6,7','2025-05-09 11:17:06',0),(102,10,2,191,'4,5,6,7','2025-05-09 11:17:06',0);

/*Table structure for table `tbl_student_info` */

DROP TABLE IF EXISTS `tbl_student_info`;

CREATE TABLE `tbl_student_info` (
  `student_id` int(10) unsigned NOT NULL,
  `student_name` varchar(255) NOT NULL,
  `gender` varchar(255) NOT NULL,
  `dob` date NOT NULL,
  `pob_address` varchar(255) DEFAULT NULL,
  `current_address` varchar(255) DEFAULT NULL,
  `father_name` varchar(255) DEFAULT NULL,
  `father_job` varchar(255) DEFAULT NULL,
  `father_phone` varchar(255) DEFAULT NULL,
  `mother_name` varchar(255) DEFAULT NULL,
  `mother_job` varchar(255) DEFAULT NULL,
  `mother_phone` varchar(255) DEFAULT NULL,
  `family_status` varchar(255) DEFAULT NULL,
  `status` varchar(255) DEFAULT NULL,
  `isDeleted` int(2) DEFAULT 0,
  PRIMARY KEY (`student_id`)
) ENGINE=InnoDB DEFAULT CHARSET=utf8mb4 COLLATE=utf8mb4_general_ci;

/*Data for the table `tbl_student_info` */

insert  into `tbl_student_info`(`student_id`,`student_name`,`gender`,`dob`,`pob_address`,`current_address`,`father_name`,`father_job`,`father_phone`,`mother_name`,`mother_job`,`mother_phone`,`family_status`,`status`,`isDeleted`) values (1001,'សុខ វិសាល','male','2016-05-15','ភូមិរំចេក សង្កាត់រតនៈ ក្រុងបាត់ដំបង','ភូមិរំចេក សង្កាត់រតនៈ ក្រុងបាត់ដំបង','សុខ សុភា','កសិករ','០៩៧៨៨៨៧៧៧','យិន សុគន្ធា','មេផ្ទះ','០៩៧៨៨៨៧៧៦','level1','active',0),(1002,'ម៉ៅ សុគន្ធា','female','2016-06-20','ភូមិស្វាយប៉ោ សង្កាត់ស្វាយប៉ោ ក្រុងបាត់ដំបង','ភូមិស្វាយប៉ោ សង្កាត់ស្វាយប៉ោ ក្រុងបាត់ដំបង','ម៉ៅ វិបុល','អ្នកលក់ដូរ','០៩៧៨៨៨៧៧៨','សែម សុជាតា','អ្នកលក់ដូរ','០៩៧៨៨៨៧៧៩','level2','active',0),(1003,'គង់ រតនា','male','2016-07-10','ភូមិព្រែកព្រះស្តេច សង្កាត់ព្រែកព្រះស្តេច ក្រុងបាត់ដំបង','ភូមិព្រែកព្រះស្តេច សង្កាត់ព្រែកព្រះស្តេច ក្រុងបាត់ដំបង','គង់ សំណាង','គ្រូបង្រៀន','០៩៧៨៨៨៧៨០','ស៊ុន សុភាព','គ្រូបង្រៀន','០៩៧៨៨៨៧៨១','level1','active',0),(1004,'លី សុវណ្ណារិទ្ធ','female','2016-07-15','ភូមិទួលតាឯក សង្កាត់ទួលតាឯក ក្រុងបាត់ដំបង','ភូមិទួលតាឯក សង្កាត់ទួលតាឯក ក្រុងបាត់ដំបង','លី សុវណ្ណ','អ្នកជំនួញ','០៩៧៨៨៨៧៨២','ជា សុខា','អ្នកជំនួញ','០៩៧៨៨៨៧៨៣','level2','active',0),(1005,'ហេង វិរៈ','male','2016-08-01','ភូមិឧត្តម សង្កាត់ឧត្តម ក្រុងបាត់ដំបង','ភូមិឧត្តម សង្កាត់ឧត្តម ក្រុងបាត់ដំបង','ហេង វិចិត្រ','កសិករ','០៩៧៨៨៨៧៨៤','គង់ សុខនី','កសិករ','០៩៧៨៨៨៧៨៥','level1','active',0),(1006,'ណុប សុភ័ក្រ','female','2016-08-15','ភូមិចំការសំរោង សង្កាត់ចំការសំរោង ក្រុងបាត់ដំបង','ភូមិចំការសំរោង សង្កាត់ចំការសំរោង ក្រុងបាត់ដំបង','ណុប វាសនា','គ្រូបង្រៀន','០៩៧៨៨៨៧៨៦','លឹម សុខា','គ្រូបង្រៀន','០៩៧៨៨៨៧៨៧','level2','active',0),(1007,'ឡុង វិសិដ្ឋ','male','2016-09-01','ភូមិកំពង់ក្រឡាញ់ សង្កាត់កំពង់ក្រឡាញ់ ក្រុងបាត់ដំបង','ភូមិកំពង់ក្រឡាញ់ សង្កាត់កំពង់ក្រឡាញ់ ក្រុងបាត់ដំបង','ឡុង សំអាត','អ្នកជំនួញ','០៩៧៨៨៨៧៨៨','សុខ សុភា','អ្នកជំនួញ','០៩៧៨៨៨៧៨៩','level1','active',0),(1008,'គឹម សុវណ្ណារ៉ា','female','2016-09-15','ភូមិស្លាកែត សង្កាត់ស្លាកែត ក្រុងបាត់ដំបង','ភូមិស្លាកែត សង្កាត់ស្លាកែត ក្រុងបាត់ដំបង','គឹម វិសាល','កសិករ','០៩៧៨៨៨៧៩០','ម៉ម សុគន្ធា','កសិករ','០៩៧៨៨៨៧៩១','level2','active',0),(1009,'ជា វិរៈបុត្រ','male','2016-10-01','ភូមិវត្តគរ សង្កាត់វត្តគរ ក្រុងបាត់ដំបង','ភូមិវត្តគរ សង្កាត់វត្តគរ ក្រុងបាត់ដំបង','ជា សំណាង','គ្រូបង្រៀន','០៩៧៨៨៨៧៩២','លី សុជាតា','គ្រូបង្រៀន','០៩៧៨៨៨៧៩៣','level1','active',0),(1010,'ស៊ាន សុវណ្ណារិទ្ធ','female','2016-10-15','ភូមិអូរចារ សង្កាត់អូរចារ ក្រុងបាត់ដំបង','ភូមិអូរចារ សង្កាត់អូរចារ ក្រុងបាត់ដំបង','ស៊ាន វិបុល','អ្នកជំនួញ','០៩៧៨៨៨៧៩៤','ហុង សុខា','អ្នកជំនួញ','០៩៧៨៨៨៧៩៥','level2','active',0),(1011,'ហុង វិរៈធី','male','2016-11-01','ភូមិព្រែកព្រះស្តេច សង្កាត់ព្រែកព្រះស្តេច ក្រុងបាត់ដំបង','ភូមិព្រែកព្រះស្តេច សង្កាត់ព្រែកព្រះស្តេច ក្រុងបាត់ដំបង','ហុង សំណាង','កសិករ','០៩៧៨៨៨៧៩៦','គឹម សុភា','កសិករ','០៩៧៨៨៨៧៩៧','level1','active',0),(1012,'គឹម សុគន្ធា','female','2016-11-15','ភូមិរំចេក សង្កាត់រតនៈ ក្រុងបាត់ដំបង','ភូមិរំចេក សង្កាត់រតនៈ ក្រុងបាត់ដំបង','គឹម វិបុល','អ្នកជំនួញ','០៩៧៨៨៨៧៩៨','ហេង សុជាតា','អ្នកជំនួញ','០៩៧៨៨៨៧៩៩','level2','active',0),(1013,'ឡុង វិរៈបុត្រ','male','2016-12-01','ភូមិស្វាយប៉ោ សង្កាត់ស្វាយប៉ោ ក្រុងបាត់ដំបង','ភូមិស្វាយប៉ោ សង្កាត់ស្វាយប៉ោ ក្រុងបាត់ដំបង','ឡុង សំណាង','គ្រូបង្រៀន','០៩៧៨៨៨៨០០','ស៊ាន សុភាព','គ្រូបង្រៀន','០៩៧៨៨៨៨០១','level1','active',0),(1014,'ស៊ុន សុវណ្ណារិទ្ធ','female','2016-12-15','ភូមិទួលតាឯក សង្កាត់ទួលតាឯក ក្រុងបាត់ដំបង','ភូមិទួលតាឯក សង្កាត់ទួលតាឯក ក្រុងបាត់ដំបង','ស៊ុន វិបុល','កសិករ','០៩៧៨៨៨៨០២','ឡុង សុខា','កសិករ','០៩៧៨៨៨៨០៣','level2','active',0),(1015,'គង់ វិរៈធី','male','2017-01-01','ភូមិឧត្តម សង្កាត់ឧត្តម ក្រុងបាត់ដំបង','ភូមិឧត្តម សង្កាត់ឧត្តម ក្រុងបាត់ដំបង','គង់ សំណាង','អ្នកជំនួញ','០៩៧៨៨៨៨០៤','គឹម សុគន្ធា','អ្នកជំនួញ','០៩៧៨៨៨៨០៥','level1','active',0),(1016,'ហេង សុគន្ធា','female','2017-01-15','ភូមិចំការសំរោង សង្កាត់ចំការសំរោង ក្រុងបាត់ដំបង','ភូមិចំការសំរោង សង្កាត់ចំការសំរោង ក្រុងបាត់ដំបង','ហេង វិបុល','គ្រូបង្រៀន','០៩៧៨៨៨៨០៦','ឡុង សុជាតា','គ្រូបង្រៀន','០៩៧៨៨៨៨០៧','level2','active',0),(1017,'ណុប វិរៈបុត្រ','male','2017-02-01','ភូមិកំពង់ក្រឡាញ់ សង្កាត់កំពង់ក្រឡាញ់ ក្រុងបាត់ដំបង','ភូមិកំពង់ក្រឡាញ់ សង្កាត់កំពង់ក្រឡាញ់ ក្រុងបាត់ដំបង','ណុប សំណាង','កសិករ','០៩៧៨៨៨៨០៨','ស៊ុន សុភា','កសិករ','០៩៧៨៨៨៨០៩','level1','active',0),(1018,'លឹម សុវណ្ណារិទ្ធ','female','2017-02-15','ភូមិស្លាកែត សង្កាត់ស្លាកែត ក្រុងបាត់ដំបង','ភូមិស្លាកែត សង្កាត់ស្លាកែត ក្រុងបាត់ដំបង','លឹម វិបុល','អ្នកជំនួញ','០៩៧៨៨៨៨១០','គង់ សុខា','អ្នកជំនួញ','០៩៧៨៨៨៨១១','level2','active',0),(1019,'សុខ វិរៈធី','male','2017-03-01','ភូមិវត្តគរ សង្កាត់វត្តគរ ក្រុងបាត់ដំបង','ភូមិវត្តគរ សង្កាត់វត្តគរ ក្រុងបាត់ដំបង','សុខ សំណាង','គ្រូបង្រៀន','០៩៧៨៨៨៨១២','ហេង សុភាព','គ្រូបង្រៀន','០៩៧៨៨៨៨១៣','level1','active',0),(1020,'ម៉ៅ សុគន្ធា','female','2017-03-15','ភូមិអូរចារ សង្កាត់អូរចារ ក្រុងបាត់ដំបង','ភូមិអូរចារ សង្កាត់អូរចារ ក្រុងបាត់ដំបង','ម៉ៅ វិបុល','កសិករ','០៩៧៨៨៨៨១៤','ណុប សុខា','កសិករ','០៩៧៨៨៨៨១៥','level2','active',0),(1021,'ជា រតនា','male','2017-04-01','ភូមិរំចេក សង្កាត់រតនៈ ក្រុងបាត់ដំបង','ភូមិរំចេក សង្កាត់រតនៈ ក្រុងបាត់ដំបង','ជា សុវណ្ណ','អ្នកលក់ដូរ','០៩៧៨៨៨៨១៦','លឹម សុគន្ធា','អ្នកលក់ដូរ','០៩៧៨៨៨៨១៧','level1','active',0),(1022,'យិន សុវណ្ណារិទ្ធ','female','2017-04-15','ភូមិស្វាយប៉ោ សង្កាត់ស្វាយប៉ោ ក្រុងបាត់ដំបង','ភូមិស្វាយប៉ោ សង្កាត់ស្វាយប៉ោ ក្រុងបាត់ដំបង','យិន វិបុល','គ្រូបង្រៀន','០៩៧៨៨៨៨១៨','សុខ សុជាតា','គ្រូបង្រៀន','០៩៧៨៨៨៨១៩','level2','active',0),(1023,'សែម វិរៈធី','male','2017-05-01','ភូមិព្រែកព្រះស្តេច សង្កាត់ព្រែកព្រះស្តេច ក្រុងបាត់ដំបង','ភូមិព្រែកព្រះស្តេច សង្កាត់ព្រែកព្រះស្តេច ក្រុងបាត់ដំបង','សែម សំណាង','កសិករ','០៩៧៨៨៨៨២០','ម៉ៅ សុភាព','កសិករ','០៩៧៨៨៨៨២១','level1','active',0),(1024,'ស៊ុន សុគន្ធា','female','2017-05-15','ភូមិទួលតាឯក សង្កាត់ទួលតាឯក ក្រុងបាត់ដំបង','ភូមិទួលតាឯក សង្កាត់ទួលតាឯក ក្រុងបាត់ដំបង','ស៊ុន វិចិត្រ','អ្នកជំនួញ','០៩៧៨៨៨៨២២','ស៊ាន សុខា','អ្នកជំនួញ','០៩៧៨៨៨៨២៣','level2','active',0),(1025,'ជា វិសិដ្ឋ','male','2017-06-01','ភូមិឧត្តម សង្កាត់ឧត្តម ក្រុងបាត់ដំបង','ភូមិឧត្តម សង្កាត់ឧត្តម ក្រុងបាត់ដំបង','ជា វាសនា','គ្រូបង្រៀន','០៩៧៨៨៨៨២៤','គង់ សុភា','គ្រូបង្រៀន','០៩៧៨៨៨៨២៥','level1','active',0),(1026,'លី សុភ័ក្រ','female','2017-06-15','ភូមិចំការសំរោង សង្កាត់ចំការសំរោង ក្រុងបាត់ដំបង','ភូមិចំការសំរោង សង្កាត់ចំការសំរោង ក្រុងបាត់ដំបង','លី សំអាត','កសិករ','០៩៧៨៨៨៨២៦','ណុប សុជាតា','កសិករ','០៩៧៨៨៨៨២៧','level2','active',0),(1027,'គង់ សុភ័ក្រ','male','2017-07-01','ភូមិកំពង់ក្រឡាញ់ សង្កាត់កំពង់ក្រឡាញ់ ក្រុងបាត់ដំបង','ភូមិកំពង់ក្រឡាញ់ សង្កាត់កំពង់ក្រឡាញ់ ក្រុងបាត់ដំបង','គង់ វិសាល','អ្នកជំនួញ','០៩៧៨៨៨៨២៨','លឹម សុភា','អ្នកជំនួញ','០៩៧៨៨៨៨២៩','level1','active',0),(1028,'ហេង សុវណ្ណារ៉ា','female','2017-07-15','ភូមិស្លាកែត សង្កាត់ស្លាកែត ក្រុងបាត់ដំបង','ភូមិស្លាកែត សង្កាត់ស្លាកែត ក្រុងបាត់ដំបង','ហេង សំណាង','គ្រូបង្រៀន','០៩៧៨៨៨៨៣០','ជា សុគន្ធា','គ្រូបង្រៀន','០៩៧៨៨៨៨៣១','level2','active',0),(1029,'គឹម វិរៈបុត្រ','male','2017-08-01','ភូមិវត្តគរ សង្កាត់វត្តគរ ក្រុងបាត់ដំបង','ភូមិវត្តគរ សង្កាត់វត្តគរ ក្រុងបាត់ដំបង','គឹម សំណាង','កសិករ','០៩៧៨៨៨៨៣២','យិន សុភាព','កសិករ','០៩៧៨៨៨៨៣៣','level1','active',0),(1030,'ណុប សុវណ្ណារិទ្ធ','female','2017-08-15','ភូមិអូរចារ សង្កាត់អូរចារ ក្រុងបាត់ដំបង','ភូមិអូរចារ សង្កាត់អូរចារ ក្រុងបាត់ដំបង','ណុប វិបុល','អ្នកជំនួញ','០៩៧៨៨៨៨៣៤','សែម សុខា','អ្នកជំនួញ','០៩៧៨៨៨៨៣៥','level2','active',0),(1031,'ឡុង រតនា','male','2017-09-01','ភូមិរំចេក សង្កាត់រតនៈ ក្រុងបាត់ដំបង','ភូមិរំចេក សង្កាត់រតនៈ ក្រុងបាត់ដំបង','ឡុង សុវណ្ណ','គ្រូបង្រៀន','០៩៧៨៨៨៨៣៦','ស៊ុន សុគន្ធា','គ្រូបង្រៀន','០៩៧៨៨៨៨៣៧','level1','active',0),(1032,'គឹម សុភ័ក្រ','female','2017-09-15','ភូមិស្វាយប៉ោ សង្កាត់ស្វាយប៉ោ ក្រុងបាត់ដំបង','ភូមិស្វាយប៉ោ សង្កាត់ស្វាយប៉ោ ក្រុងបាត់ដំបង','គឹម វិចិត្រ','កសិករ','០៩៧៨៨៨៨៣៨','ជា សុជាតា','កសិករ','០៩៧៨៨៨៨៣៩','level2','active',0),(1033,'សុខ វិសិដ្ឋ','male','2017-10-01','ភូមិព្រែកព្រះស្តេច សង្កាត់ព្រែកព្រះស្តេច ក្រុងបាត់ដំបង','ភូមិព្រែកព្រះស្តេច សង្កាត់ព្រែកព្រះស្តេច ក្រុងបាត់ដំបង','សុខ វាសនា','អ្នកជំនួញ','០៩៧៨៨៨៨៤០','លី សុភា','អ្នកជំនួញ','០៩៧៨៨៨៨៤១','level1','active',0),(1034,'ម៉ៅ សុវណ្ណារ៉ា','female','2017-10-15','ភូមិទួលតាឯក សង្កាត់ទួលតាឯក ក្រុងបាត់ដំបង','ភូមិទួលតាឯក សង្កាត់ទួលតាឯក ក្រុងបាត់ដំបង','ម៉ៅ សំអាត','គ្រូបង្រៀន','០៩៧៨៨៨៨៤២','គង់ សុជាតា','គ្រូបង្រៀន','០៩៧៨៨៨៨៤៣','level2','active',0),(1035,'ស៊ាន វិរៈធី','male','2017-11-01','ភូមិឧត្តម សង្កាត់ឧត្តម ក្រុងបាត់ដំបង','ភូមិឧត្តម សង្កាត់ឧត្តម ក្រុងបាត់ដំបង','ស៊ាន វិសាល','កសិករ','០៩៧៨៨៨៨៤៤','ហេង សុភាព','កសិករ','០៩៧៨៨៨៨៤៥','level1','active',0),(1036,'ហុង សុគន្ធា','female','2017-11-15','ភូមិចំការសំរោង សង្កាត់ចំការសំរោង ក្រុងបាត់ដំបង','ភូមិចំការសំរោង សង្កាត់ចំការសំរោង ក្រុងបាត់ដំបង','ហុង សំណាង','អ្នកជំនួញ','០៩៧៨៨៨៨៤៦','គឹម សុខា','អ្នកជំនួញ','០៩៧៨៨៨៨៤៧','level2','active',0),(1037,'យិន វិរៈបុត្រ','male','2017-12-01','ភូមិកំពង់ក្រឡាញ់ សង្កាត់កំពង់ក្រឡាញ់ ក្រុងបាត់ដំបង','ភូមិកំពង់ក្រឡាញ់ សង្កាត់កំពង់ក្រឡាញ់ ក្រុងបាត់ដំបង','យិន សំណាង','គ្រូបង្រៀន','០៩៧៨៨៨៨៤៨','ឡុង សុគន្ធា','គ្រូបង្រៀន','០៩៧៨៨៨៨៤៩','level1','active',0),(1038,'សែម សុវណ្ណារិទ្ធ','female','2017-12-15','ភូមិស្លាកែត សង្កាត់ស្លាកែត ក្រុងបាត់ដំបង','ភូមិស្លាកែត សង្កាត់ស្លាកែត ក្រុងបាត់ដំបង','សែម វិបុល','កសិករ','០៩៧៨៨៨៨៥០','ណុប សុភា','កសិករ','០៩៧៨៨៨៨៥១','level2','active',0),(1039,'ស៊ុន សុភ័ក្រ','male','2018-01-01','ភូមិវត្តគរ សង្កាត់វត្តគរ ក្រុងបាត់ដំបង','ភូមិវត្តគរ សង្កាត់វត្តគរ ក្រុងបាត់ដំបង','ស៊ុន វិចិត្រ','អ្នកជំនួញ','០៩៧៨៨៨៨៥២','ស៊ុន សុជាតា','អ្នកជំនួញ','០៩៧៨៨៨៨៥៣','level1','active',0),(1040,'ស៊ាន សុភ័ក្រ','female','2018-01-15','ភូមិអូរចារ សង្កាត់អូរចារ ក្រុងបាត់ដំបង','ភូមិអូរចារ សង្កាត់អូរចារ ក្រុងបាត់ដំបង','ស៊ាន សំណាង','គ្រូបង្រៀន','០៩៧៨៨៨៨៥៤','ជា សុភាព','គ្រូបង្រៀន','០៩៧៨៨៨៨៥៥','level2','active',0),(1041,'ជា វិសាល','male','2018-02-01','ភូមិរំចេក សង្កាត់រតនៈ ក្រុងបាត់ដំបង','ភូមិរំចេក សង្កាត់រតនៈ ក្រុងបាត់ដំបង','ជា សំណាង','កសិករ','០៩៧៨៨៨៨៥៦','លី សុគន្ធា','កសិករ','០៩៧៨៨៨៨៥៧','level1','active',0),(1042,'លី សុវណ្ណារ៉ា','female','2018-02-15','ភូមិស្វាយប៉ោ សង្កាត់ស្វាយប៉ោ ក្រុងបាត់ដំបង','ភូមិស្វាយប៉ោ សង្កាត់ស្វាយប៉ោ ក្រុងបាត់ដំបង','លី វិបុល','អ្នកជំនួញ','០៩៧៨៨៨៨៥៨','គង់ សុជាតា','អ្នកជំនួញ','០៩៧៨៨៨៨៥៩','level2','active',0),(1043,'គង់ វិសាល','male','2018-03-01','ភូមិព្រែកព្រះស្តេច សង្កាត់ព្រែកព្រះស្តេច ក្រុងបាត់ដំបង','ភូមិព្រែកព្រះស្តេច សង្កាត់ព្រែកព្រះស្តេច ក្រុងបាត់ដំបង','គង់ វាសនា','គ្រូបង្រៀន','០៩៧៨៨៨៨៦០','ហេង សុភា','គ្រូបង្រៀន','០៩៧៨៨៨៨៦១','level1','active',0),(1044,'ហេង សុភ័ក្រ','female','2018-03-15','ភូមិទួលតាឯក សង្កាត់ទួលតាឯក ក្រុងបាត់ដំបង','ភូមិទួលតាឯក សង្កាត់ទួលតាឯក ក្រុងបាត់ដំបង','ហេង សំអាត','កសិករ','០៩៧៨៨៨៨៦២','គឹម សុខា','កសិករ','០៩៧៨៨៨៨៦៣','level2','active',0),(1045,'គឹម រតនា','male','2018-04-01','ភូមិឧត្តម សង្កាត់ឧត្តម ក្រុងបាត់ដំបង','ភូមិឧត្តម សង្កាត់ឧត្តម ក្រុងបាត់ដំបង','គឹម វិសាល','អ្នកជំនួញ','០៩៧៨៨៨៨៦៤','ណុប សុគន្ធា','អ្នកជំនួញ','០៩៧៨៨៨៨៦៥','level1','graduate',0),(1046,'ណុប សុវណ្ណារ៉ា','female','2018-04-15','ភូមិចំការសំរោង សង្កាត់ចំការសំរោង ក្រុងបាត់ដំបង','ភូមិចំការសំរោង សង្កាត់ចំការសំរោង ក្រុងបាត់ដំបង','ណុប សំណាង','គ្រូបង្រៀន','០៩៧៨៨៨៨៦៦','ឡុង សុជាតា','គ្រូបង្រៀន','០៩៧៨៨៨៨៦៧','level2','graduate',0),(1047,'ឡុង វិរៈធី','male','2018-05-01','ភូមិកំពង់ក្រឡាញ់ សង្កាត់កំពង់ក្រឡាញ់ ក្រុងបាត់ដំបង','ភូមិកំពង់ក្រឡាញ់ សង្កាត់កំពង់ក្រឡាញ់ ក្រុងបាត់ដំបង','ឡុង សុវណ្ណ','កសិករ','០៩៧៨៨៨៨៦៨','ស៊ុន សុភា','កសិករ','០៩៧៨៨៨៨៦៩','level1','graduate',0),(1048,'ស៊ុន សុវណ្ណារ៉ា','female','2018-05-15','ភូមិស្លាកែត សង្កាត់ស្លាកែត ក្រុងបាត់ដំបង','ភូមិស្លាកែត សង្កាត់ស្លាកែត ក្រុងបាត់ដំបង','ស៊ុន វិចិត្រ','អ្នកជំនួញ','០៩៧៨៨៨៨៧០','ស៊ាន សុខា','អ្នកជំនួញ','០៩៧៨៨៨៨៧១','level2','graduate',0),(1049,'ស៊ាន វិសិដ្ឋ','male','2018-06-01','ភូមិវត្តគរ សង្កាត់វត្តគរ ក្រុងបាត់ដំបង','ភូមិវត្តគរ សង្កាត់វត្តគរ ក្រុងបាត់ដំបង','ស៊ាន វាសនា','គ្រូបង្រៀន','០៩៧៨៨៨៨៧២','ជា សុភាព','គ្រូបង្រៀន','០៩៧៨៨៨៨៧៣','level1','suspend',0),(1050,'ហុង សុវណ្ណារិទ្ធ','female','2018-06-15','ភូមិអូរចារ សង្កាត់អូរចារ ក្រុងបាត់ដំបង','ភូមិអូរចារ សង្កាត់អូរចារ ក្រុងបាត់ដំបង','ហុង សំអាត','កសិករ','០៩៧៨៨៨៨៧៤','លី សុជាតា','កសិករ','០៩៧៨៨៨៨៧៥','level2','suspend',0),(1051,'យិន វិសាល','male','2018-07-01','ភូមិរំចេក សង្កាត់រតនៈ ក្រុងបាត់ដំបង','ភូមិរំចេក សង្កាត់រតនៈ ក្រុងបាត់ដំបង','យិន វិសាល','អ្នកជំនួញ','០៩៧៨៨៨៨៧៦','គង់ សុគន្ធា','អ្នកជំនួញ','០៩៧៨៨៨៨៧៧','level1','suspend',0),(1052,'សែម សុគន្ធា','female','2018-07-15','ភូមិស្វាយប៉ោ សង្កាត់ស្វាយប៉ោ ក្រុងបាត់ដំបង','ភូមិស្វាយប៉ោ សង្កាត់ស្វាយប៉ោ ក្រុងបាត់ដំបង','សែម សំណាង','គ្រូបង្រៀន','០៩៧៨៨៨៨៧៨','ហេង សុជាតា','គ្រូបង្រៀន','០៩៧៨៨៨៨៧៩','level2','suspend',0),(1053,'ម៉ៅ វិរៈបុត្រ','male','2018-08-01','ភូមិព្រែកព្រះស្តេច សង្កាត់ព្រែកព្រះស្តេច ក្រុងបាត់ដំបង','ភូមិព្រែកព្រះស្តេច សង្កាត់ព្រែកព្រះស្តេច ក្រុងបាត់ដំបង','ម៉ៅ វិចិត្រ','កសិករ','០៩៧៨៨៨៨៨០','គឹម សុភា','កសិករ','០៩៧៨៨៨៨៨១','level1','inactive',0),(1054,'សុខ សុភ័ក្រ','female','2018-08-15','ភូមិទួលតាឯក សង្កាត់ទួលតាឯក ក្រុងបាត់ដំបង','ភូមិទួលតាឯក សង្កាត់ទួលតាឯក ក្រុងបាត់ដំបង','សុខ វាសនា','អ្នកជំនួញ','០៩៧៨៨៨៨៨២','ណុប សុខា','អ្នកជំនួញ','០៩៧៨៨៨៨៨៣','level2','inactive',0),(1055,'ជា សុភ័ក្រ','male','2018-09-01','ភូមិឧត្តម សង្កាត់ឧត្តម ក្រុងបាត់ដំបង','ភូមិឧត្តម សង្កាត់ឧត្តម ក្រុងបាត់ដំបង','ជា សំអាត','គ្រូបង្រៀន','០៩៧៨៨៨៨៨៤','ឡុង សុគន្ធា','គ្រូបង្រៀន','០៩៧៨៨៨៨៨៥','level1','inactive',0),(1056,'លី សុវណ្ណារិទ្ធ','female','2018-09-15','ភូមិចំការសំរោង សង្កាត់ចំការសំរោង ក្រុងបាត់ដំបង','ភូមិចំការសំរោង សង្កាត់ចំការសំរោង ក្រុងបាត់ដំបង','លី វិសាល','កសិករ','០៩៧៨៨៨៨៨៦','ស៊ុន សុជាតា','កសិករ','០៩៧៨៨៨៨៨៧','level2','inactive',0),(1057,'គង់ វិសិដ្ឋ','male','2018-10-01','ភូមិកំពង់ក្រឡាញ់ សង្កាត់កំពង់ក្រឡាញ់ ក្រុងបាត់ដំបង','ភូមិកំពង់ក្រឡាញ់ សង្កាត់កំពង់ក្រឡាញ់ ក្រុងបាត់ដំបង','គង់ វាសនា','អ្នកជំនួញ','០៩៧៨៨៨៨៨៨','ស៊ាន សុភា','អ្នកជំនួញ','០៩៧៨៨៨៨៨៩','level1','active',0),(1058,'ហេង សុវណ្ណារិទ្ធ','female','2018-10-15','ភូមិស្លាកែត សង្កាត់ស្លាកែត ក្រុងបាត់ដំបង','ភូមិស្លាកែត សង្កាត់ស្លាកែត ក្រុងបាត់ដំបង','ហេង សំណាង','គ្រូបង្រៀន','០៩៧៨៨៨៨៩០','ជា សុជាតា','គ្រូបង្រៀន','០៩៧៨៨៨៨៩១','level2','active',0),(1059,'គឹម រតនា','male','2018-11-01','ភូមិវត្តគរ សង្កាត់វត្តគរ ក្រុងបាត់ដំបង','ភូមិវត្តគរ សង្កាត់វត្តគរ ក្រុងបាត់ដំបង','គឹម សំអាត','កសិករ','០៩៧៨៨៨៨៩២','លី សុភាព','កសិករ','០៩៧៨៨៨៨៩៣','level1','active',0),(1060,'ណុប សុគន្ធា','female','2018-11-15','ភូមិអូរចារ សង្កាត់អូរចារ ក្រុងបាត់ដំបង','ភូមិអូរចារ សង្កាត់អូរចារ ក្រុងបាត់ដំបង','ណុប វិបុល','អ្នកជំនួញ','០៩៧៨៨៨៨៩៤','គង់ សុខា','អ្នកជំនួញ','០៩៧៨៨៨៨៩៥','level2','active',0),(1061,'ឡុង វិសាល','male','2018-12-01','ភូមិរំចេក សង្កាត់រតនៈ ក្រុងបាត់ដំបង','ភូមិរំចេក សង្កាត់រតនៈ ក្រុងបាត់ដំបង','ឡុង វាសនា','គ្រូបង្រៀន','០៩៧៨៨៨៨៩៦','ហេង សុគន្ធា','គ្រូបង្រៀន','០៩៧៨៨៨៨៩៧','level1','active',0),(1062,'ស៊ុន សុវណ្ណារ៉ា','female','2018-12-15','ភូមិស្វាយប៉ោ សង្កាត់ស្វាយប៉ោ ក្រុងបាត់ដំបង','ភូមិស្វាយប៉ោ សង្កាត់ស្វាយប៉ោ ក្រុងបាត់ដំបង','ស៊ុន សំណាង','កសិករ','០៩៧៨៨៨៨៩៨','គឹម សុជាតា','កសិករ','០៩៧៨៨៨៨៩៩','level2','graduate',0),(1063,'ស៊ាន វិរៈបុត្រ','male','2019-01-01','ភូមិព្រែកព្រះស្តេច សង្កាត់ព្រែកព្រះស្តេច ក្រុងបាត់ដំបង','ភូមិព្រែកព្រះស្តេច សង្កាត់ព្រែកព្រះស្តេច ក្រុងបាត់ដំបង','ស៊ាន វិចិត្រ','អ្នកជំនួញ','០៩៧៨៨៨៩០០','ណុប សុភា','អ្នកជំនួញ','០៩៧៨៨៨៩០១','level1','graduate',0),(1064,'ហុង សុភ័ក្រ','female','2019-01-15','ភូមិទួលតាឯក សង្កាត់ទួលតាឯក ក្រុងបាត់ដំបង','ភូមិទួលតាឯក សង្កាត់ទួលតាឯក ក្រុងបាត់ដំបង','ហុង សំអាត','គ្រូបង្រៀន','០៩៧៨៨៨៩០២','ឡុង សុខា','គ្រូបង្រៀន','០៩៧៨៨៨៩០៣','level2','graduate',0),(1065,'យិន វិសិដ្ឋ','male','2019-02-01','ភូមិឧត្តម សង្កាត់ឧត្តម ក្រុងបាត់ដំបង','ភូមិឧត្តម សង្កាត់ឧត្តម ក្រុងបាត់ដំបង','យិន វិសាល','កសិករ','០៩៧៨៨៨៩០៤','ស៊ុន សុគន្ធា','កសិករ','០៩៧៨៨៨៩០៥','level1','suspend',0),(1066,'សែម សុវណ្ណារិទ្ធ','female','2019-02-15','ភូមិចំការសំរោង សង្កាត់ចំការសំរោង ក្រុងបាត់ដំបង','ភូមិចំការសំរោង សង្កាត់ចំការសំរោង ក្រុងបាត់ដំបង','សែម វិបុល','អ្នកជំនួញ','០៩៧៨៨៨៩០៦','ស៊ាន សុជាតា','អ្នកជំនួញ','០៩៧៨៨៨៩០៧','level2','suspend',0),(1067,'ម៉ៅ វិសាល','male','2019-03-01','ភូមិកំពង់ក្រឡាញ់ សង្កាត់កំពង់ក្រឡាញ់ ក្រុងបាត់ដំបង','ភូមិកំពង់ក្រឡាញ់ សង្កាត់កំពង់ក្រឡាញ់ ក្រុងបាត់ដំបង','ម៉ៅ វាសនា','គ្រូបង្រៀន','០៩៧៨៨៨៩០៨','ជា សុភាព','គ្រូបង្រៀន','០៩៧៨៨៨៩០៩','level1','suspend',0),(1068,'សុខ សុវណ្ណារ៉ា','female','2019-03-15','ភូមិស្លាកែត សង្កាត់ស្លាកែត ក្រុងបាត់ដំបង','ភូមិស្លាកែត សង្កាត់ស្លាកែត ក្រុងបាត់ដំបង','សុខ សំណាង','កសិករ','០៩៧៨៨៨៩១០','លី សុជាតា','កសិករ','០៩៧៨៨៨៩១១','level2','inactive',0),(1069,'ជា វិរៈធី','male','2019-04-01','ភូមិវត្តគរ សង្កាត់វត្តគរ ក្រុងបាត់ដំបង','ភូមិវត្តគរ សង្កាត់វត្តគរ ក្រុងបាត់ដំបង','ជា សំអាត','អ្នកជំនួញ','០៩៧៨៨៨៩១២','គង់ សុគន្ធា','អ្នកជំនួញ','០៩៧៨៨៨៩១៣','level1','inactive',0),(1070,'លី សុគន្ធា','female','2019-04-15','ភូមិអូរចារ សង្កាត់អូរចារ ក្រុងបាត់ដំបង','ភូមិអូរចារ សង្កាត់អូរចារ ក្រុងបាត់ដំបង','លី វិចិត្រ','គ្រូបង្រៀន','០៩៧៨៨៨៩១៤','ហេង សុខា','គ្រូបង្រៀន','០៩៧៨៨៨៩១៥','level2','inactive',0),(1071,'តេស្ត','male','2025-05-01',NULL,NULL,NULL,NULL,NULL,NULL,NULL,NULL,'level1','active',0),(1072,'នួន សុផារី','female','2016-08-20','ភូមិស្វាយប៉ាក់ ឃុំសំបួរ ស្រុកមង្គលបូរី','ភូមិស្វាយប៉ាក់ ឃុំសំបួរ ស្រុកមង្គលបូរី','នួន ណារ៉ុង','ជាងឈើ','092345678','ទេព ផល្លី','អ្នកលក់','092345679','level2','active',0),(1073,'ជា សុជាតិ','male','2017-01-10','ភូមិបត់ត្រង់ ឃុំបត់ត្រង់ ស្រុកមោងឫស្សី','ភូមិបត់ត្រង់ ឃុំបត់ត្រង់ ស្រុកមោងឫស្សី','ជា វណ្ណឌី','គ្រូបង្រៀន','093888111','លី សុខុម','មេផ្ទះ','093888112','level1','active',0),(1074,'ហេង ម៉ាលីន','female','2015-12-05','ភូមិព្រៃខ្ពស់ ឃុំព្រៃខ្ពស់ ស្រុកសំពៅលូន','ភូមិព្រៃខ្ពស់ ឃុំព្រៃខ្ពស់ ស្រុកសំពៅលូន','ហេង សំអុល','កសិករ','095222333','អ៊ុង សុីថា','កម្មការិនី','095222334','level3','active',0),(1075,'សេង ដារ៉ា','male','2016-09-18','ភូមិអូរតាគី ឃុំអូរតាគី ស្រុកសង្កែ','ភូមិអូរតាគី ឃុំអូរតាគី ស្រុកសង្កែ','សេង តុលា','ជាងសំណង់','096777444','ផាត់ ចាន់ថា','អ្នកលក់','096777445','level2','active',0),(1076,'លី សុផានី','female','2017-03-22','ភូមិឈើខ្មៅ ឃុំឈើខ្មៅ ស្រុកកំរៀង','ភូមិឈើខ្មៅ ឃុំឈើខ្មៅ ស្រុកកំរៀង','លី ម៉េងហុង','មន្ត្រីរាជការ','097999555','ជា សុខលី','មេផ្ទះ','097999556','level1','active',0),(1077,'ម៉ៅ សុវណ្ណ','male','2015-11-01','ភូមិបឹងរុន ឃុំបឹងរុន ស្រុកថ្មគោល','ភូមិបឹងរុន ឃុំបឹងរុន ស្រុកថ្មគោល','ម៉ៅ ចំរើន','កសិករ','098111666','សឹម ស្រីនិច','កម្មការិនី','098111667','level3','active',0),(1078,'យ៉ន ស្រីល័ក្ខ','female','2016-07-08','ភូមិព្រៃទទឹង ឃុំព្រៃទទឹង ស្រុកបាណន់','ភូមិព្រៃទទឹង ឃុំព្រៃទទឹង ស្រុកបាណន់','យ៉ន សុភាព','ជាងសំណង់','099444777','ប៉ែន ច័ន្ទធីតា','អ្នកលក់','099444778','level2','active',0),(1079,'តាន់ គីមហុង','male','2017-02-14','ភូមិអន្លង់វិល ឃុំអន្លង់វិល ស្រុកសង្កែ','ភូមិអន្លង់វិល ឃុំអន្លង់វិល ស្រុកសង្កែ','តាន់ សុខុម','គ្រូបង្រៀន','012888999','ហេង ផល្លី','មេផ្ទះ','012888998','level1','active',0),(1080,'ប៉េង សុីណាត','female','2015-10-28','ភូមិស្វាយដូនកែវ ឃុំស្វាយដូនកែវ ស្រុកបាណន់','ភូមិស្វាយដូនកែវ ឃុំស្វាយដូនកែវ ស្រុកបាណន់','ប៉េង ណារ៉ុង','កសិករ','015222111','អ៊ុង សុខុម','កម្មការិនី','015222112','level3','active',0),(1081,'ជា លីហ្សា','female','2016-06-02','ភូមិ ក ក្បាលដំរី ឃុំ កំបោរ ស្រុក ភ្នំព្រឹក','ភូមិ ក ក្បាលដំរី ឃុំ កំបោរ ស្រុក ភ្នំព្រឹក','ជា វណ្ណឌី','មន្ត្រីរាជការ','016333444','លី សុខុម','អាជីវករ','016333445','Level2','Active',0),(1082,'ហេង ឧត្តម','male','2017-04-18','ភូមិ ខ ឃុំ ត្រែង ស្រុក រុក្ខគីរី','ភូមិ ខ ឃុំ ត្រែង ស្រុក រុក្ខគីរី','ហេង សំអុល','បុគ្គលិកក្រុមហ៊ុន','017555888','អ៊ុង សុីថា','បុគ្គលិកក្រុមហ៊ុន','017555889','Level1','Active',0),(1083,'សេង ផល្លា','female','2015-09-05','ភូមិ គ ឃុំ បន្ទាយចាស់ ស្រុក បាត់ដំបង','ភូមិ គ ឃុំ បន្ទាយចាស់ ស្រុក បាត់ដំបង','សេង តុលា','កសិករ','018222999','ផាត់ ចាន់ថា','មេផ្ទះ','018222998','Level3','Active',0),(1084,'លី រតនា','male','2016-12-29','ភូមិ ឃ ឃុំ ព្រះស្តី ស្រុក ភ្នំព្រឹក','ភូមិ ឃ ឃុំ ព្រះស្តី ស្រុក ភ្នំព្រឹក','លី ម៉េងហុង','ជាងសំណង់','011999888','ជា សុខលី','អាជីវករ','011999887','Level2','Active',0),(1085,'ម៉ៅ គឹមហុង','male','2017-07-12','ភូមិ ច ឃុំ សំរោង ស្រុក ឯកភ្នំ','ភូមិ ច ឃុំ សំរោង ស្រុក ឯកភ្នំ','ម៉ៅ ចំរើន','បុគ្គលិកក្រុមហ៊ុន','013444777','សឹម ស្រីនិច','បុគ្គលិកក្រុមហ៊ុន','013444776','Level1','Active',0),(1086,'យ៉ន ម៉ារី','female','2015-08-21','ភូមិ ឆ ឃុំ ព្រៃមាស ស្រុក រុក្ខគីរី','ភូមិ ឆ ឃុំ ព្រៃមាស ស្រុក រុក្ខគីរី','យ៉ន សុភាព','កសិករ','015666555','ប៉ែន ច័ន្ទធីតា','មេផ្ទះ','015666554','Level3','Active',0),(1087,'តាន់ សុជាតិ','male','2016-01-03','ភូមិ ជ ឃុំ ថ្មគោល ស្រុក ថ្មគោល','ភូមិ ជ ឃុំ ថ្មគោល ស្រុក ថ្មគោល','តាន់ សុខុម','ជាងសំណង់','017888333','ហេង ផល្លី','អាជីវករ','017888332','Level2','Active',0),(1088,'ប៉េង សុផានី','female','2017-05-09','ភូមិ ញ ឃុំ អន្លង់វិល ស្រុក សង្កែ','ភូមិ ញ ឃុំ អន្លង់វិល ស្រុក សង្កែ','ប៉េង ណារ៉ុង','បុគ្គលិកក្រុមហ៊ុន','011222111','អ៊ុង សុខុម','បុគ្គលិកក្រុមហ៊ុន','011222112','Level1','Active',0),(1089,'នួន សុខ','male','2016-09-22','ភូមិ ១ ឃុំ ចំរើនផល ស្រុក សំឡូត','ភូមិ ១ ឃុំ ចំរើនផល ស្រុក សំឡូត','នួន ណារ៉ុង','កសិករ','092345678','ទេព ផល្លី','មេផ្ទះ','092345679','level2','active',0),(1090,'ជា សុខុម','female','2017-03-15','ភូមិ ២ ឃុំ មានជ័យ ស្រុក ភ្នំព្រឹក','ភូមិ ២ ឃុំ មានជ័យ ស្រុក ភ្នំព្រឹក','ជា វណ្ណឌី','គ្រូបង្រៀន','093888111','លី សុខុម','អ្នកលក់','093888112','level1','active',0),(1091,'កែវ ច័ន្ទ្រា','female','2017-08-10','ភូមិថ្មី ឃុំកោះច្បាស់ ស្រុកមោងឫស្សី','ភូមិថ្មី ឃុំកោះច្បាស់ ស្រុកមោងឫស្សី','កែវ ឧត្តម','ជាងដែក','092111222','ស៊ឹម ផល្លី','អ្នកលក់','092111223','level1','active',0),(1092,'ខៀវ វិសាល','male','2016-02-25','ភូមិព្រៃទទឹង ឃុំព្រៃទទឹង ស្រុកបាណន់','ភូមិព្រៃទទឹង ឃុំព្រៃទទឹង ស្រុកបាណន់','ខៀវ ម៉េងហុង','គ្រូបង្រៀន','093444555','ហេង សុខុម','មេផ្ទះ','093444556','level2','active',0),(1093,'គង់ សុផារី','female','2015-12-12','ភូមិស្វាយប៉ាក់ ឃុំសំបួរ ស្រុកមង្គលបូរី','ភូមិស្វាយប៉ាក់ ឃុំសំបួរ ស្រុកមង្គលបូរី','គង់ ណារ៉ុង','កសិករ','095777888','ទេព ផល្លី','កម្មការិនី','095777889','level3','active',0),(1094,'ចាន់ សុជាតិ','male','2017-01-18','ភូមិបត់ត្រង់ ឃុំបត់ត្រង់ ស្រុកមោងឫស្សី','ភូមិបត់ត្រង់ ឃុំបត់ត្រង់ ស្រុកមោងឫស្សី','ចាន់ វណ្ណឌី','ជាងឈើ','096222999','លី សុខុម','អ្នកលក់','096222998','level1','active',0),(1095,'ជួន ម៉ាលីន','female','2016-03-01','ភូមិព្រៃខ្ពស់ ឃុំព្រៃខ្ពស់ ស្រុកសំពៅលូន','ភូមិព្រៃខ្ពស់ ឃុំព្រៃខ្ពស់ ស្រុកសំពៅលូន','ជួន សំអុល','មន្ត្រីរាជការ','097555111','អ៊ុង សុីថា','មេផ្ទះ','097555112','level2','active',0),(1096,'ឈុន ដារ៉ា','male','2015-11-08','ភូមិអូរតាគី ឃុំអូរតាគី ស្រុកសង្កែ','ភូមិអូរតាគី ឃុំអូរតាគី ស្រុកសង្កែ','ឈុន តុលា','កសិករ','098888222','ផាត់ ចាន់ថា','កម្មការិនី','098888223','level3','active',0),(1097,'ដួង សុផានី','female','2017-04-05','ភូមិឈើខ្មៅ ឃុំឈើខ្មៅ ស្រុកកំរៀង','ភូមិឈើខ្មៅ ឃុំឈើខ្មៅ ស្រុកកំរៀង','ដួង ម៉េងហុង','ជាងសំណង់','099111333','ជា សុខលី','អ្នកលក់','099111334','level1','active',0),(1098,'ថាន់ សុវណ្ណ','male','2016-05-20','ភូមិបឹងរុន ឃុំបឹងរុន ស្រុកថ្មគោល','ភូមិបឹងរុន ឃុំបឹងរុន ស្រុកថ្មគោល','ថាន់ ចំរើន','គ្រូបង្រៀន','012444666','សឹម ស្រីនិច','មេផ្ទះ','012444667','level2','active',0),(1099,'ធី សុីណាត','female','2015-10-15','ភូមិស្វាយដូនកែវ ឃុំស្វាយដូនកែវ ស្រុកបាណន់','ភូមិស្វាយដូនកែវ ឃុំស្វាយដូនកែវ ស្រុកបាណន់','ធី ណារ៉ុង','កសិករ','015777999','អ៊ុង សុខុម','កម្មការិនី','015777998','level3','active',0),(1100,'រ៉ា ស្រីល័ក្ខ','female','2017-02-01','ភូមិព្រៃទទឹង ឃុំព្រៃទទឹង ស្រុកបាណន់','ភូមិព្រៃទទឹង ឃុំព្រៃទទឹង ស្រុកបាណន់','រ៉ា សុភាព','ជាងសំណង់','016888111','ប៉ែន ច័ន្ទធីតា','អ្នកលក់','016888112','level2','active',0);

/*Table structure for table `tbl_student_monthly_score` */

DROP TABLE IF EXISTS `tbl_student_monthly_score`;

CREATE TABLE `tbl_student_monthly_score` (
  `student_monthly_score_id` int(10) unsigned NOT NULL AUTO_INCREMENT,
  `student_id` int(10) unsigned NOT NULL,
  `classroom_subject_monthly_score_id` int(10) unsigned NOT NULL,
  `score` float NOT NULL,
  `create_date` timestamp NOT NULL DEFAULT current_timestamp(),
  `isDeleted` int(2) DEFAULT 0,
  PRIMARY KEY (`student_monthly_score_id`),
  KEY `student_id` (`student_id`),
  KEY `classroom_subject_monthly_score_id` (`classroom_subject_monthly_score_id`),
  CONSTRAINT `fk_monthly_score_student` FOREIGN KEY (`student_id`) REFERENCES `tbl_student_info` (`student_id`),
  CONSTRAINT `fk_student_monthly_classroom_subject` FOREIGN KEY (`classroom_subject_monthly_score_id`) REFERENCES `classroom_subject_monthly_score` (`classroom_subject_monthly_score_id`) ON DELETE CASCADE,
  CONSTRAINT `tbl_student_monthly_score_ibfk_1` FOREIGN KEY (`student_id`) REFERENCES `tbl_student_info` (`student_id`) ON DELETE CASCADE
) ENGINE=InnoDB AUTO_INCREMENT=3676 DEFAULT CHARSET=utf8mb4 COLLATE=utf8mb4_general_ci;

/*Data for the table `tbl_student_monthly_score` */

insert  into `tbl_student_monthly_score`(`student_monthly_score_id`,`student_id`,`classroom_subject_monthly_score_id`,`score`,`create_date`,`isDeleted`) values (1968,1003,185,7,'2025-05-08 16:35:36',0),(1969,1003,186,8,'2025-05-08 16:35:36',0),(1970,1003,187,9,'2025-05-08 16:35:37',0),(1971,1003,188,9,'2025-05-08 16:35:38',0),(1972,1003,189,7,'2025-05-08 16:35:39',0),(1973,1003,190,6,'2025-05-08 16:35:40',0),(1974,1003,191,8,'2025-05-08 16:35:41',0),(1975,1003,192,7,'2025-05-08 16:35:42',0),(1976,1003,193,8,'2025-05-08 16:35:43',0),(1977,1003,194,7,'2025-05-08 16:35:44',0),(1978,1003,195,6,'2025-05-08 16:35:45',0),(1979,1003,196,8,'2025-05-08 16:35:45',0),(1980,1003,197,6,'2025-05-08 16:35:47',0),(1981,1003,198,7,'2025-05-08 16:35:50',0),(1982,1006,185,8,'2025-05-08 16:35:51',0),(1983,1006,186,7,'2025-05-08 16:35:52',0),(1984,1006,187,6,'2025-05-08 16:35:53',0),(1985,1006,188,8,'2025-05-08 16:35:53',0),(1986,1006,189,9,'2025-05-08 16:35:54',0),(1987,1006,190,6,'2025-05-08 16:35:55',0),(1988,1006,191,7,'2025-05-08 16:35:55',0),(1989,1006,192,8,'2025-05-08 16:35:56',0),(1990,1006,193,6,'2025-05-08 16:35:57',0),(1991,1006,194,7,'2025-05-08 16:35:57',0),(1992,1006,195,8,'2025-05-08 16:35:58',0),(1993,1006,196,7,'2025-05-08 16:35:58',0),(1994,1006,197,9,'2025-05-08 16:35:59',0),(1995,1006,198,6,'2025-05-08 16:36:00',0),(1996,1008,185,7,'2025-05-08 16:36:00',0),(1997,1008,186,7,'2025-05-08 16:36:02',0),(1998,1008,187,8,'2025-05-08 16:36:02',0),(1999,1008,188,5,'2025-05-08 16:36:03',0),(2000,1008,189,6,'2025-05-08 16:36:04',0),(2001,1008,190,8,'2025-05-08 16:36:05',0),(2002,1008,191,5,'2025-05-08 16:36:05',0),(2003,1008,192,8,'2025-05-08 16:36:06',0),(2004,1008,193,7,'2025-05-08 16:36:07',0),(2005,1008,194,9,'2025-05-08 16:36:08',0),(2006,1008,195,6,'2025-05-08 16:36:08',0),(2007,1008,196,7,'2025-05-08 16:36:09',0),(2008,1008,197,6,'2025-05-08 16:36:11',0),(2009,1008,198,7,'2025-05-08 16:36:11',0),(2010,1009,185,8,'2025-05-08 16:36:12',0),(2011,1009,186,7,'2025-05-08 16:36:13',0),(2012,1009,187,9,'2025-05-08 16:36:14',0),(2013,1009,188,7,'2025-05-08 16:36:15',0),(2014,1009,189,8,'2025-05-08 16:36:15',0),(2015,1009,190,6,'2025-05-08 16:36:16',0),(2016,1009,191,7,'2025-05-08 16:36:17',0),(2017,1009,192,8,'2025-05-08 16:36:17',0),(2018,1009,193,8,'2025-05-08 16:36:18',0),(2019,1009,194,9,'2025-05-08 16:36:19',0),(2020,1009,195,8,'2025-05-08 16:36:19',0),(2021,1009,196,7,'2025-05-08 16:36:20',0),(2022,1009,197,6,'2025-05-08 16:36:20',0),(2023,1009,198,8,'2025-05-08 16:36:21',0),(2024,1012,185,7,'2025-05-08 16:36:21',0),(2025,1012,186,9,'2025-05-08 16:36:22',0),(2026,1012,187,8,'2025-05-08 16:36:22',0),(2027,1012,188,7,'2025-05-08 16:36:23',0),(2028,1012,189,6,'2025-05-08 16:36:23',0),(2029,1012,190,8,'2025-05-08 16:36:23',0),(2030,1012,191,9,'2025-05-08 16:36:24',0),(2031,1012,192,8,'2025-05-08 16:36:24',0),(2032,1012,193,7,'2025-05-08 16:36:25',0),(2033,1012,194,8,'2025-05-08 16:36:27',0),(2034,1012,195,9,'2025-05-08 16:36:28',0),(2035,1012,196,8,'2025-05-08 16:36:29',0),(2036,1012,197,9,'2025-05-08 16:36:30',0),(2037,1012,198,8,'2025-05-08 16:36:31',0),(2038,1015,185,9,'2025-05-08 16:36:32',0),(2039,1015,186,8,'2025-05-08 16:36:33',0),(2040,1015,187,7,'2025-05-08 16:36:34',0),(2041,1015,188,9,'2025-05-08 16:36:35',0),(2042,1015,189,8,'2025-05-08 16:36:36',0),(2043,1015,190,7,'2025-05-08 16:36:36',0),(2044,1015,191,8,'2025-05-08 16:36:37',0),(2045,1015,192,9,'2025-05-08 16:36:37',0),(2046,1015,193,8,'2025-05-08 16:36:37',0),(2047,1015,194,7,'2025-05-08 16:36:38',0),(2048,1015,195,8,'2025-05-08 16:36:38',0),(2049,1015,196,7,'2025-05-08 16:36:40',0),(2050,1015,197,6,'2025-05-08 16:36:40',0),(2051,1015,198,7,'2025-05-08 16:36:40',0),(2052,1017,185,8,'2025-05-08 16:36:40',0),(2053,1017,186,7,'2025-05-08 16:36:40',0),(2054,1017,187,6,'2025-05-08 16:36:42',0),(2055,1017,188,7,'2025-05-08 16:36:42',0),(2056,1017,189,8,'2025-05-08 16:36:42',0),(2057,1017,190,7,'2025-05-08 16:36:42',0),(2058,1017,191,6,'2025-05-08 16:36:42',0),(2059,1017,192,7,'2025-05-08 16:36:42',0),(2060,1017,193,8,'2025-05-08 16:36:42',0),(2061,1017,194,7,'2025-05-08 16:36:42',0),(2062,1017,195,6,'2025-05-08 16:36:44',0),(2063,1017,196,7,'2025-05-08 16:36:44',0),(2064,1017,197,8,'2025-05-08 16:36:44',0),(2065,1017,198,7,'2025-05-08 16:36:44',0),(2066,1021,185,6,'2025-05-08 16:36:44',0),(2067,1021,186,7,'2025-05-08 16:36:44',0),(2068,1021,187,8,'2025-05-08 16:36:44',0),(2069,1021,188,8,'2025-05-08 16:36:49',0),(2070,1021,189,9,'2025-05-08 16:36:49',0),(2071,1021,190,8,'2025-05-08 16:36:50',0),(2072,1021,191,7,'2025-05-08 16:36:51',0),(2073,1021,192,8,'2025-05-08 16:36:51',0),(2074,1021,193,9,'2025-05-08 16:36:52',0),(2075,1021,194,8,'2025-05-08 16:36:52',0),(2076,1021,195,7,'2025-05-08 16:36:53',0),(2077,1021,196,8,'2025-05-08 16:36:53',0),(2078,1021,197,7,'2025-05-08 16:36:54',0),(2079,1021,198,8,'2025-05-08 16:36:54',0),(2080,1025,185,9,'2025-05-08 16:36:55',0),(2081,1025,186,7,'2025-05-08 16:36:55',0),(2082,1025,187,6,'2025-05-08 16:36:56',0),(2083,1025,188,7,'2025-05-08 16:36:56',0),(2084,1025,189,8,'2025-05-08 16:36:56',0),(2085,1025,190,7,'2025-05-08 16:36:57',0),(2086,1025,191,5,'2025-05-08 16:36:58',0),(2087,1025,192,4,'2025-05-08 16:36:58',0),(2088,1025,193,6,'2025-05-08 16:36:59',0),(2089,1025,194,7,'2025-05-08 16:36:59',0),(2090,1025,195,8,'2025-05-08 16:37:00',0),(2091,1025,196,9,'2025-05-08 16:37:00',0),(2092,1025,197,7,'2025-05-08 16:37:01',0),(2093,1025,198,5,'2025-05-08 16:37:02',0),(2094,1027,185,6,'2025-05-08 16:37:02',0),(2095,1027,186,7,'2025-05-08 16:37:03',0),(2096,1027,187,8,'2025-05-08 16:37:03',0),(2097,1027,188,9,'2025-05-08 16:37:04',0),(2098,1027,189,8,'2025-05-08 16:37:04',0),(2099,1027,190,7,'2025-05-08 16:37:04',0),(2100,1027,191,8,'2025-05-08 16:37:05',0),(2101,1027,192,7,'2025-05-08 16:37:05',0),(2102,1027,193,6,'2025-05-08 16:37:06',0),(2103,1027,194,7,'2025-05-08 16:37:06',0),(2104,1027,195,6,'2025-05-08 16:37:06',0),(2105,1027,196,7,'2025-05-08 16:37:06',0),(2106,1027,197,8,'2025-05-08 16:37:07',0),(2107,1027,198,7,'2025-05-08 16:37:07',0),(2108,1029,185,6,'2025-05-08 16:37:08',0),(2109,1029,186,7,'2025-05-08 16:37:08',0),(2110,1029,187,8,'2025-05-08 16:37:09',0),(2111,1029,188,7,'2025-05-08 16:37:09',0),(2112,1029,189,8,'2025-05-08 16:37:09',0),(2113,1029,190,7,'2025-05-08 16:37:10',0),(2114,1029,191,8,'2025-05-08 16:37:11',0),(2115,1029,192,7,'2025-05-08 16:37:11',0),(2116,1029,193,8,'2025-05-08 16:37:11',0),(2117,1029,194,7,'2025-05-08 16:37:11',0),(2118,1029,195,8,'2025-05-08 16:37:12',0),(2119,1029,196,7,'2025-05-08 16:37:12',0),(2120,1029,197,8,'2025-05-08 16:37:13',0),(2121,1029,198,7,'2025-05-08 16:37:14',0),(2122,1030,185,8,'2025-05-08 16:37:14',0),(2123,1030,186,7,'2025-05-08 16:37:14',0),(2124,1030,187,8,'2025-05-08 16:37:14',0),(2125,1030,188,7,'2025-05-08 16:37:16',0),(2126,1030,189,6,'2025-05-08 16:37:17',0),(2127,1030,190,7,'2025-05-08 16:37:17',0),(2128,1030,191,7,'2025-05-08 16:37:18',0),(2129,1030,192,8,'2025-05-08 16:37:19',0),(2130,1030,193,6,'2025-05-08 16:37:19',0),(2131,1030,194,7,'2025-05-08 16:37:20',0),(2132,1030,195,8,'2025-05-08 16:37:20',0),(2133,1030,196,7,'2025-05-08 16:37:21',0),(2134,1030,197,8,'2025-05-08 16:37:21',0),(2135,1030,198,7,'2025-05-08 16:37:23',0),(2136,1032,185,8,'2025-05-08 16:37:23',0),(2137,1032,186,6,'2025-05-08 16:37:23',0),(2138,1032,187,7,'2025-05-08 16:37:24',0),(2139,1032,188,6,'2025-05-08 16:37:24',0),(2140,1032,189,8,'2025-05-08 16:37:24',0),(2141,1032,190,8,'2025-05-08 16:37:30',0),(2142,1032,191,7,'2025-05-08 16:37:31',0),(2143,1032,192,9,'2025-05-08 16:37:31',0),(2144,1032,193,6,'2025-05-08 16:37:32',0),(2145,1032,194,7,'2025-05-08 16:37:32',0),(2146,1032,195,8,'2025-05-08 16:37:33',0),(2147,1032,196,9,'2025-05-08 16:37:33',0),(2148,1032,197,7,'2025-05-08 16:37:34',0),(2149,1032,198,8,'2025-05-08 16:37:34',0),(2150,1041,185,9,'2025-05-08 16:37:34',0),(2151,1041,186,8,'2025-05-08 16:37:35',0),(2152,1041,187,7,'2025-05-08 16:37:35',0),(2153,1041,188,8,'2025-05-08 16:37:36',0),(2154,1041,189,9,'2025-05-08 16:37:36',0),(2155,1041,190,8,'2025-05-08 16:37:37',0),(2156,1041,191,7,'2025-05-08 16:37:37',0),(2157,1041,192,8,'2025-05-08 16:37:37',0),(2158,1041,193,7,'2025-05-08 16:37:38',0),(2159,1041,194,8,'2025-05-08 16:37:39',0),(2160,1041,195,7,'2025-05-08 16:37:39',0),(2161,1041,196,8,'2025-05-08 16:37:40',0),(2162,1041,197,7,'2025-05-08 16:37:40',0),(2163,1041,198,8,'2025-05-08 16:37:41',0),(2164,1043,185,7,'2025-05-08 16:37:41',0),(2165,1043,186,8,'2025-05-08 16:37:42',0),(2166,1043,187,7,'2025-05-08 16:37:42',0),(2167,1043,188,8,'2025-05-08 16:37:43',0),(2168,1043,189,7,'2025-05-08 16:37:43',0),(2169,1043,190,8,'2025-05-08 16:37:43',0),(2170,1043,191,7,'2025-05-08 16:37:44',0),(2171,1043,192,8,'2025-05-08 16:37:44',0),(2172,1043,193,7,'2025-05-08 16:37:44',0),(2173,1043,194,8,'2025-05-08 16:37:45',0),(2174,1043,195,7,'2025-05-08 16:37:45',0),(2175,1043,196,8,'2025-05-08 16:37:45',0),(2176,1043,197,7,'2025-05-08 16:37:47',0),(2177,1043,198,8,'2025-05-08 16:38:01',0),(2178,1057,185,8,'2025-05-08 16:38:02',0),(2179,1057,186,9,'2025-05-08 16:38:03',0),(2180,1057,187,7,'2025-05-08 16:38:03',0),(2181,1057,188,8,'2025-05-08 16:38:04',0),(2182,1057,189,7,'2025-05-08 16:38:04',0),(2183,1057,190,8,'2025-05-08 16:38:04',0),(2184,1057,191,9,'2025-05-08 16:38:05',0),(2185,1057,192,7,'2025-05-08 16:38:05',0),(2186,1057,193,8,'2025-05-08 16:38:07',0),(2187,1057,194,9,'2025-05-08 16:38:07',0),(2188,1057,195,8,'2025-05-08 16:38:07',0),(2189,1057,196,7,'2025-05-08 16:38:08',0),(2190,1057,197,8,'2025-05-08 16:38:08',0),(2191,1057,198,9,'2025-05-08 16:38:08',0),(2192,1059,185,8,'2025-05-08 16:38:08',0),(2193,1059,186,7,'2025-05-08 16:38:09',0),(2194,1059,187,8,'2025-05-08 16:38:09',0),(2195,1059,188,9,'2025-05-08 16:38:09',0),(2196,1059,189,8,'2025-05-08 16:38:09',0),(2197,1059,190,7,'2025-05-08 16:38:10',0),(2198,1059,191,8,'2025-05-08 16:38:10',0),(2199,1059,192,9,'2025-05-08 16:38:11',0),(2200,1059,193,8,'2025-05-08 16:38:11',0),(2201,1059,194,7,'2025-05-08 16:38:11',0),(2202,1059,195,8,'2025-05-08 16:38:12',0),(2203,1059,196,6,'2025-05-08 16:38:12',0),(2204,1059,197,5,'2025-05-08 16:38:13',0),(2205,1059,198,4,'2025-05-08 16:38:13',0),(2206,1060,185,6,'2025-05-08 16:38:14',0),(2207,1060,186,7,'2025-05-08 16:38:14',0),(2208,1060,187,7,'2025-05-08 16:38:14',0),(2209,1060,188,5,'2025-05-08 16:38:14',0),(2210,1060,189,7,'2025-05-08 16:38:18',0),(2211,1060,190,6,'2025-05-08 16:38:19',0),(2212,1060,191,8,'2025-05-08 16:38:19',0),(2213,1060,192,7,'2025-05-08 16:38:20',0),(2214,1060,193,7,'2025-05-08 16:38:20',0),(2215,1060,194,8,'2025-05-08 16:38:21',0),(2216,1060,195,7,'2025-05-08 16:38:22',0),(2217,1060,196,6,'2025-05-08 16:38:23',0),(2218,1060,197,7,'2025-05-08 16:38:24',0),(2219,1060,198,6,'2025-05-08 16:38:25',0),(2220,1073,185,7,'2025-05-08 16:38:25',0),(2221,1073,186,5,'2025-05-08 16:38:26',0),(2222,1073,187,6,'2025-05-08 16:38:26',0),(2223,1073,188,9,'2025-05-08 16:38:27',0),(2224,1073,189,8,'2025-05-08 16:38:27',0),(2225,1073,190,9,'2025-05-08 16:38:28',0),(2226,1073,191,8,'2025-05-08 16:38:29',0),(2227,1073,192,7,'2025-05-08 16:38:30',0),(2228,1073,193,8,'2025-05-08 16:38:30',0),(2229,1073,194,7,'2025-05-08 16:38:31',0),(2230,1073,195,6,'2025-05-08 16:38:32',0),(2231,1073,196,7,'2025-05-08 16:38:32',0),(2232,1073,197,8,'2025-05-08 16:38:33',0),(2233,1073,198,7,'2025-05-08 16:38:34',0),(2234,1081,185,6,'2025-05-08 16:38:34',0),(2235,1081,186,5,'2025-05-08 16:38:35',0),(2236,1081,187,8,'2025-05-08 16:38:35',0),(2237,1081,188,7,'2025-05-08 16:38:36',0),(2238,1081,189,9,'2025-05-08 16:38:36',0),(2239,1081,190,7,'2025-05-08 16:38:37',0),(2240,1081,191,8,'2025-05-08 16:38:38',0),(2241,1081,192,7,'2025-05-08 16:38:38',0),(2242,1081,193,8,'2025-05-08 16:38:39',0),(2243,1081,194,6,'2025-05-08 16:38:39',0),(2244,1081,195,7,'2025-05-08 16:38:40',0),(2245,1081,196,5,'2025-05-08 16:38:40',0),(2246,1081,197,6,'2025-05-08 16:38:41',0),(2247,1081,198,7,'2025-05-08 16:38:41',0),(2248,1090,185,8,'2025-05-08 16:38:42',0),(2249,1090,186,9,'2025-05-08 16:38:43',0),(2250,1090,187,7,'2025-05-08 16:38:43',0),(2251,1090,188,8,'2025-05-08 16:38:45',0),(2252,1090,189,7,'2025-05-08 16:38:45',0),(2253,1090,190,6,'2025-05-08 16:38:46',0),(2254,1090,191,7,'2025-05-08 16:38:46',0),(2255,1090,192,8,'2025-05-08 16:38:47',0),(2256,1090,193,9,'2025-05-08 16:38:48',0),(2257,1090,194,7,'2025-05-08 16:38:48',0),(2258,1090,195,8,'2025-05-08 16:38:49',0),(2259,1090,196,6,'2025-05-08 16:38:49',0),(2260,1090,197,7,'2025-05-08 16:38:50',0),(2261,1090,198,8,'2025-05-08 16:38:51',0),(2262,1091,185,7,'2025-05-08 16:38:51',0),(2263,1091,186,8,'2025-05-08 16:38:52',0),(2264,1091,187,9,'2025-05-08 16:38:53',0),(2265,1091,188,8,'2025-05-08 16:38:53',0),(2266,1091,189,7,'2025-05-08 16:38:54',0),(2267,1091,190,7,'2025-05-08 16:38:54',0),(2268,1091,191,6,'2025-05-08 16:38:55',0),(2269,1091,192,8,'2025-05-08 16:38:56',0),(2270,1091,193,7,'2025-05-08 16:38:56',0),(2271,1091,194,8,'2025-05-08 16:38:57',0),(2272,1091,195,9,'2025-05-08 16:38:57',0),(2273,1091,196,8,'2025-05-08 16:38:57',0),(2274,1091,197,6,'2025-05-08 16:38:58',0),(2275,1091,198,5,'2025-05-08 16:38:58',0),(2276,1092,185,6,'2025-05-08 16:38:59',0),(2277,1092,186,7,'2025-05-08 16:38:59',0),(2278,1092,187,8,'2025-05-08 16:38:59',0),(2279,1092,188,7,'2025-05-08 16:39:05',0),(2280,1092,189,8,'2025-05-08 16:39:05',0),(2281,1092,190,8,'2025-05-08 16:39:06',0),(2282,1092,191,9,'2025-05-08 16:39:07',0),(2283,1092,192,8,'2025-05-08 16:39:08',0),(2284,1092,193,7,'2025-05-08 16:39:09',0),(2285,1092,194,8,'2025-05-08 16:39:10',0),(2286,1092,195,9,'2025-05-08 16:39:11',0),(2287,1092,196,7,'2025-05-08 16:39:12',0),(2288,1092,197,8,'2025-05-08 16:39:12',0),(2289,1092,198,9,'2025-05-08 16:39:13',0),(2290,1093,185,7,'2025-05-08 16:39:14',0),(2291,1093,186,8,'2025-05-08 16:39:15',0),(2292,1093,187,9,'2025-05-08 16:39:16',0),(2293,1093,188,8,'2025-05-08 16:39:16',0),(2294,1093,189,9,'2025-05-08 16:39:17',0),(2295,1093,190,8,'2025-05-08 16:39:18',0),(2296,1093,191,7,'2025-05-08 16:39:18',0),(2297,1093,192,8,'2025-05-08 16:39:19',0),(2298,1093,193,7,'2025-05-08 16:39:20',0),(2299,1093,194,8,'2025-05-08 16:39:21',0),(2300,1093,195,7,'2025-05-08 16:39:21',0),(2301,1093,196,8,'2025-05-08 16:39:22',0),(2302,1093,197,7,'2025-05-08 16:39:23',0),(2303,1093,198,8,'2025-05-08 16:39:24',0),(2304,1094,185,7,'2025-05-08 16:39:24',0),(2305,1094,186,8,'2025-05-08 16:39:25',0),(2306,1094,187,9,'2025-05-08 16:39:26',0),(2307,1094,188,7,'2025-05-08 16:39:26',0),(2308,1094,189,8,'2025-05-08 16:39:27',0),(2309,1094,190,7,'2025-05-08 16:39:28',0),(2310,1094,191,8,'2025-05-08 16:39:29',0),(2311,1094,192,9,'2025-05-08 16:39:29',0),(2312,1094,193,8,'2025-05-08 16:39:30',0),(2313,1094,194,9,'2025-05-08 16:39:30',0),(2314,1094,195,7,'2025-05-08 16:39:31',0),(2315,1094,196,8,'2025-05-08 16:39:31',0),(2316,1094,197,9,'2025-05-08 16:39:33',0),(2317,1094,198,8,'2025-05-08 16:39:33',0),(2318,1095,185,7,'2025-05-08 16:39:35',0),(2319,1095,186,8,'2025-05-08 16:39:35',0),(2320,1095,187,9,'2025-05-08 16:39:36',0),(2321,1095,188,5,'2025-05-08 16:39:36',0),(2322,1095,189,6,'2025-05-08 16:39:37',0),(2323,1095,190,4,'2025-05-08 16:39:38',0),(2324,1095,191,7,'2025-05-08 16:39:38',0),(2325,1095,192,8,'2025-05-08 16:39:38',0),(2326,1095,193,9,'2025-05-08 16:39:39',0),(2327,1095,194,8,'2025-05-08 16:39:39',0),(2328,1095,195,7,'2025-05-08 16:39:40',0),(2329,1095,196,6,'2025-05-08 16:39:41',0),(2330,1095,197,7,'2025-05-08 16:39:41',0),(2331,1095,198,8,'2025-05-08 16:39:42',0),(2332,1096,185,4,'2025-05-08 16:39:42',0),(2333,1096,186,5,'2025-05-08 16:39:43',0),(2334,1096,187,6,'2025-05-08 16:39:43',0),(2335,1096,188,7,'2025-05-08 16:39:43',0),(2336,1096,189,8,'2025-05-08 16:39:44',0),(2337,1096,190,7,'2025-05-08 16:39:44',0),(2338,1096,191,6,'2025-05-08 16:39:45',0),(2339,1096,192,8,'2025-05-08 16:39:46',0),(2340,1096,193,7,'2025-05-08 16:39:46',0),(2341,1096,194,9,'2025-05-08 16:39:47',0),(2342,1096,195,7,'2025-05-08 16:39:47',0),(2343,1096,196,8,'2025-05-08 16:39:49',0),(2344,1096,197,9,'2025-05-08 16:39:49',0),(2345,1096,198,7,'2025-05-08 16:39:49',0),(2346,1097,185,8,'2025-05-08 16:39:50',0),(2347,1097,186,6,'2025-05-08 16:39:50',0),(2348,1097,187,5,'2025-05-08 16:39:50',0),(2349,1097,188,6,'2025-05-08 16:39:51',0),(2350,1097,189,7,'2025-05-08 16:39:51',0),(2351,1097,190,8,'2025-05-08 16:39:51',0),(2352,1097,191,9,'2025-05-08 16:39:53',0),(2353,1097,192,6,'2025-05-08 16:39:54',0),(2354,1097,193,7,'2025-05-08 16:39:54',0),(2355,1097,194,8,'2025-05-08 16:39:54',0),(2356,1097,195,9,'2025-05-08 16:39:54',0),(2357,1097,196,6,'2025-05-08 16:39:55',0),(2358,1097,197,7,'2025-05-08 16:39:55',0),(2359,1097,198,8,'2025-05-08 16:39:55',0),(2360,1092,199,7,'2025-05-08 16:54:29',0),(2361,1092,200,8,'2025-05-08 16:54:30',0),(2362,1092,201,9,'2025-05-08 16:54:30',0),(2363,1092,202,6,'2025-05-08 16:54:31',0),(2364,1092,203,7,'2025-05-08 16:54:32',0),(2365,1092,204,8,'2025-05-08 16:54:33',0),(2366,1092,205,7,'2025-05-08 16:54:33',0),(2367,1092,206,6,'2025-05-08 16:54:34',0),(2368,1092,207,8,'2025-05-08 16:54:35',0),(2369,1092,208,6,'2025-05-08 16:54:36',0),(2370,1092,209,7,'2025-05-08 16:54:37',0),(2371,1092,210,8,'2025-05-08 16:54:38',0),(2372,1092,211,7,'2025-05-08 16:54:39',0),(2373,1093,199,9,'2025-05-08 16:54:39',0),(2374,1093,200,7,'2025-05-08 16:54:41',0),(2375,1093,201,8,'2025-05-08 16:54:41',0),(2376,1093,202,8,'2025-05-08 16:54:42',0),(2377,1093,203,9,'2025-05-08 16:54:43',0),(2378,1093,204,7,'2025-05-08 16:54:43',0),(2379,1093,205,8,'2025-05-08 16:54:44',0),(2380,1093,206,6,'2025-05-08 16:54:44',0),(2381,1093,207,7,'2025-05-08 16:54:45',0),(2382,1093,208,8,'2025-05-08 16:54:46',0),(2383,1093,209,9,'2025-05-08 16:54:47',0),(2384,1093,210,6,'2025-05-08 16:54:47',0),(2385,1093,211,7,'2025-05-08 16:54:48',0),(2386,1094,199,8,'2025-05-08 16:54:49',0),(2387,1094,200,7,'2025-05-08 16:54:50',0),(2388,1094,201,8,'2025-05-08 16:54:50',0),(2389,1094,202,9,'2025-05-08 16:54:51',0),(2390,1094,203,7,'2025-05-08 16:54:51',0),(2391,1094,204,8,'2025-05-08 16:54:52',0),(2392,1094,205,7,'2025-05-08 16:54:52',0),(2393,1094,206,8,'2025-05-08 16:54:53',0),(2394,1094,207,9,'2025-05-08 16:54:53',0),(2395,1094,208,7,'2025-05-08 16:54:54',0),(2396,1094,209,6,'2025-05-08 16:54:54',0),(2397,1094,210,7,'2025-05-08 16:54:55',0),(2398,1094,211,8,'2025-05-08 16:54:56',0),(2399,1095,199,9,'2025-05-08 16:54:56',0),(2400,1095,200,8,'2025-05-08 16:54:57',0),(2401,1095,201,7,'2025-05-08 16:54:57',0),(2402,1095,202,6,'2025-05-08 16:54:58',0),(2403,1095,203,7,'2025-05-08 16:54:59',0),(2404,1095,204,8,'2025-05-08 16:54:59',0),(2405,1095,205,9,'2025-05-08 16:55:00',0),(2406,1095,206,7,'2025-05-08 16:55:00',0),(2407,1095,207,8,'2025-05-08 16:55:01',0),(2408,1095,208,7,'2025-05-08 16:55:02',0),(2409,1095,209,9,'2025-05-08 16:55:02',0),(2410,1095,210,8,'2025-05-08 16:55:03',0),(2411,1095,211,7,'2025-05-08 16:55:04',0),(2412,1096,199,8,'2025-05-08 16:55:04',0),(2413,1096,200,7,'2025-05-08 16:55:05',0),(2414,1096,201,8,'2025-05-08 16:55:05',0),(2415,1096,202,9,'2025-05-08 16:55:06',0),(2416,1096,203,8,'2025-05-08 16:55:07',0),(2417,1096,204,7,'2025-05-08 16:55:07',0),(2418,1096,205,8,'2025-05-08 16:55:08',0),(2419,1096,206,9,'2025-05-08 16:55:08',0),(2420,1096,207,8,'2025-05-08 16:55:09',0),(2421,1096,208,7,'2025-05-08 16:55:10',0),(2422,1096,209,8,'2025-05-08 16:55:10',0),(2423,1096,210,9,'2025-05-08 16:55:11',0),(2424,1096,211,7,'2025-05-08 16:55:11',0),(2425,1097,199,8,'2025-05-08 16:55:12',0),(2426,1097,200,9,'2025-05-08 16:55:13',0),(2427,1097,201,7,'2025-05-08 16:55:13',0),(2428,1097,202,6,'2025-05-08 16:55:14',0),(2429,1097,203,7,'2025-05-08 16:55:14',0),(2430,1097,204,6,'2025-05-08 16:55:15',0),(2431,1097,205,7,'2025-05-08 16:55:15',0),(2432,1097,206,8,'2025-05-08 16:55:16',0),(2433,1097,207,5,'2025-05-08 16:55:16',0),(2434,1097,208,6,'2025-05-08 16:55:17',0),(2435,1097,209,7,'2025-05-08 16:55:18',0),(2436,1097,210,8,'2025-05-08 16:55:18',0),(2437,1097,211,7,'2025-05-08 16:55:19',0),(2438,1091,199,7,'2025-05-08 16:55:49',0),(2439,1091,200,7,'2025-05-08 16:55:49',0),(2440,1091,201,8,'2025-05-08 16:55:50',0),(2441,1091,202,9,'2025-05-08 16:55:50',0),(2442,1091,203,6,'2025-05-08 16:55:51',0),(2443,1091,204,5,'2025-05-08 16:55:51',0),(2444,1091,205,6,'2025-05-08 16:55:52',0),(2445,1091,206,7,'2025-05-08 16:55:52',0),(2446,1091,207,5,'2025-05-08 16:55:53',0),(2447,1091,208,6,'2025-05-08 16:55:53',0),(2448,1091,209,7,'2025-05-08 16:55:54',0),(2449,1091,210,8,'2025-05-08 16:55:54',0),(2450,1091,211,7,'2025-05-08 16:55:55',0),(2451,1003,199,6,'2025-05-08 16:55:56',0),(2452,1003,200,7,'2025-05-08 16:55:56',0),(2453,1003,201,8,'2025-05-08 16:55:56',0),(2454,1003,202,7,'2025-05-08 16:55:57',0),(2455,1003,203,6,'2025-05-08 16:55:57',0),(2456,1003,204,7,'2025-05-08 16:55:58',0),(2457,1003,205,8,'2025-05-08 16:55:59',0),(2458,1003,206,5,'2025-05-08 16:55:59',0),(2459,1003,207,6,'2025-05-08 16:55:59',0),(2460,1003,208,7,'2025-05-08 16:56:00',0),(2461,1003,209,8,'2025-05-08 16:56:00',0),(2462,1003,210,6,'2025-05-08 16:56:01',0),(2463,1003,211,5,'2025-05-08 16:56:01',0),(2464,1015,199,6,'2025-05-08 16:56:01',0),(2465,1015,200,7,'2025-05-08 16:56:02',0),(2466,1015,201,8,'2025-05-08 16:56:02',0),(2467,1015,202,6,'2025-05-08 16:56:03',0),(2468,1015,203,5,'2025-05-08 16:56:03',0),(2469,1015,204,7,'2025-05-08 16:56:04',0),(2470,1015,205,6,'2025-05-08 16:56:04',0),(2471,1015,206,5,'2025-05-08 16:56:05',0),(2472,1015,207,7,'2025-05-08 16:56:05',0),(2473,1015,208,8,'2025-05-08 16:56:06',0),(2474,1015,209,7,'2025-05-08 16:56:06',0),(2475,1015,210,6,'2025-05-08 16:56:06',0),(2476,1015,211,7,'2025-05-08 16:56:07',0),(2477,1043,199,8,'2025-05-08 16:56:07',0),(2478,1043,200,6,'2025-05-08 16:56:08',0),(2479,1043,201,5,'2025-05-08 16:56:08',0),(2480,1043,202,6,'2025-05-08 16:56:09',0),(2481,1043,203,7,'2025-05-08 16:56:09',0),(2482,1043,204,8,'2025-05-08 16:56:10',0),(2483,1043,205,6,'2025-05-08 16:56:10',0),(2484,1043,206,5,'2025-05-08 16:56:11',0),(2485,1043,207,6,'2025-05-08 16:56:11',0),(2486,1043,208,7,'2025-05-08 16:56:12',0),(2487,1043,209,6,'2025-05-08 16:56:12',0),(2488,1043,210,8,'2025-05-08 16:56:12',0),(2489,1043,211,9,'2025-05-08 16:56:13',0),(2490,1057,199,7,'2025-05-08 16:56:13',0),(2491,1057,200,6,'2025-05-08 16:56:14',0),(2492,1057,201,5,'2025-05-08 16:56:14',0),(2493,1057,202,7,'2025-05-08 16:56:15',0),(2494,1057,203,6,'2025-05-08 16:56:15',0),(2495,1057,204,5,'2025-05-08 16:56:16',0),(2496,1057,205,6,'2025-05-08 16:56:16',0),(2497,1057,206,7,'2025-05-08 16:56:17',0),(2498,1057,207,8,'2025-05-08 16:56:17',0),(2499,1057,208,7,'2025-05-08 16:56:17',0),(2500,1057,209,6,'2025-05-08 16:56:18',0),(2501,1057,210,7,'2025-05-08 16:56:18',0),(2502,1057,211,8,'2025-05-08 16:56:19',0),(2503,1027,199,7,'2025-05-08 16:56:19',0),(2504,1027,200,6,'2025-05-08 16:56:20',0),(2505,1027,201,7,'2025-05-08 16:56:20',0),(2506,1027,202,8,'2025-05-08 16:56:21',0),(2507,1027,203,7,'2025-05-08 16:56:21',0),(2508,1027,204,8,'2025-05-08 16:56:22',0),(2509,1027,205,7,'2025-05-08 16:56:23',0),(2510,1027,206,8,'2025-05-08 16:56:23',0),(2511,1027,207,7,'2025-05-08 16:56:24',0),(2512,1027,208,8,'2025-05-08 16:56:24',0),(2513,1027,209,6,'2025-05-08 16:56:24',0),(2514,1027,210,7,'2025-05-08 16:56:24',0),(2515,1027,211,5,'2025-05-08 16:56:25',0),(2516,1059,199,7,'2025-05-08 16:56:25',0),(2517,1059,200,6,'2025-05-08 16:56:26',0),(2518,1059,201,7,'2025-05-08 16:56:26',0),(2519,1059,202,8,'2025-05-08 16:56:27',0),(2520,1059,203,7,'2025-05-08 16:56:27',0),(2521,1059,204,6,'2025-05-08 16:56:28',0),(2522,1059,205,7,'2025-05-08 16:56:29',0),(2523,1059,206,8,'2025-05-08 16:56:29',0),(2524,1059,207,7,'2025-05-08 16:56:29',0),(2525,1059,208,8,'2025-05-08 16:56:30',0),(2526,1059,209,6,'2025-05-08 16:56:30',0),(2527,1059,210,7,'2025-05-08 16:56:31',0),(2528,1059,211,8,'2025-05-08 16:56:31',0),(2529,1029,199,7,'2025-05-08 16:56:32',0),(2530,1029,200,6,'2025-05-08 16:56:32',0),(2531,1029,201,7,'2025-05-08 16:56:33',0),(2532,1029,202,6,'2025-05-08 16:56:33',0),(2533,1029,203,7,'2025-05-08 16:56:33',0),(2534,1029,204,8,'2025-05-08 16:56:34',0),(2535,1029,205,6,'2025-05-08 16:56:34',0),(2536,1029,206,7,'2025-05-08 16:56:35',0),(2537,1029,207,8,'2025-05-08 16:56:35',0),(2538,1029,208,6,'2025-05-08 16:56:36',0),(2539,1029,209,7,'2025-05-08 16:56:36',0),(2540,1029,210,8,'2025-05-08 16:56:37',0),(2541,1029,211,8,'2025-05-08 16:56:38',0),(2542,1012,199,6,'2025-05-08 16:56:38',0),(2543,1012,200,7,'2025-05-08 16:56:39',0),(2544,1012,201,5,'2025-05-08 16:56:39',0),(2545,1012,202,6,'2025-05-08 16:56:40',0),(2546,1012,203,7,'2025-05-08 16:56:40',0),(2547,1012,204,8,'2025-05-08 16:56:41',0),(2548,1012,205,6,'2025-05-08 16:56:41',0),(2549,1012,206,7,'2025-05-08 16:56:42',0),(2550,1012,207,8,'2025-05-08 16:56:43',0),(2551,1012,208,6,'2025-05-08 16:56:43',0),(2552,1012,209,7,'2025-05-08 16:56:44',0),(2553,1012,210,6,'2025-05-08 16:56:44',0),(2554,1012,211,7,'2025-05-08 16:56:45',0),(2555,1032,199,6,'2025-05-08 16:56:45',0),(2556,1032,200,7,'2025-05-08 16:56:45',0),(2557,1032,201,6,'2025-05-08 16:56:46',0),(2558,1032,202,7,'2025-05-08 16:56:46',0),(2559,1032,203,6,'2025-05-08 16:56:47',0),(2560,1032,204,7,'2025-05-08 16:56:47',0),(2561,1032,205,6,'2025-05-08 16:56:48',0),(2562,1032,206,7,'2025-05-08 16:56:48',0),(2563,1032,207,6,'2025-05-08 16:56:49',0),(2564,1032,208,7,'2025-05-08 16:56:49',0),(2565,1032,209,6,'2025-05-08 16:56:49',0),(2566,1032,210,7,'2025-05-08 16:56:50',0),(2567,1032,211,6,'2025-05-08 16:56:50',0),(2568,1008,199,7,'2025-05-08 16:56:50',0),(2569,1008,200,6,'2025-05-08 16:56:51',0),(2570,1008,201,7,'2025-05-08 16:56:51',0),(2571,1008,202,8,'2025-05-08 16:56:52',0),(2572,1008,203,6,'2025-05-08 16:56:52',0),(2573,1008,204,8,'2025-05-08 16:56:53',0),(2574,1008,205,9,'2025-05-08 16:56:54',0),(2575,1008,206,7,'2025-05-08 16:56:54',0),(2576,1008,207,8,'2025-05-08 16:56:54',0),(2577,1008,208,7,'2025-05-08 16:56:55',0),(2578,1008,209,6,'2025-05-08 16:56:55',0),(2579,1008,210,7,'2025-05-08 16:56:55',0),(2580,1008,211,8,'2025-05-08 16:56:56',0),(2581,1021,199,7,'2025-05-08 16:56:56',0),(2582,1021,200,6,'2025-05-08 16:56:57',0),(2583,1021,201,9,'2025-05-08 16:56:57',0),(2584,1021,202,7,'2025-05-08 16:56:57',0),(2585,1021,203,8,'2025-05-08 16:56:58',0),(2586,1021,204,6,'2025-05-08 16:56:58',0),(2587,1021,205,7,'2025-05-08 16:56:59',0),(2588,1021,206,6,'2025-05-08 16:57:00',0),(2589,1021,207,7,'2025-05-08 16:57:00',0),(2590,1021,208,6,'2025-05-08 16:57:00',0),(2591,1021,209,7,'2025-05-08 16:57:00',0),(2592,1021,210,6,'2025-05-08 16:57:01',0),(2593,1021,211,7,'2025-05-08 16:57:02',0),(2594,1081,199,8,'2025-05-08 16:57:02',0),(2595,1081,200,7,'2025-05-08 16:57:02',0),(2596,1081,201,6,'2025-05-08 16:57:03',0),(2597,1081,202,7,'2025-05-08 16:57:03',0),(2598,1081,203,8,'2025-05-08 16:57:03',0),(2599,1081,204,7,'2025-05-08 16:57:04',0),(2600,1081,205,8,'2025-05-08 16:57:05',0),(2601,1081,206,7,'2025-05-08 16:57:05',0),(2602,1081,207,8,'2025-05-08 16:57:05',0),(2603,1081,208,7,'2025-05-08 16:57:06',0),(2604,1081,209,8,'2025-05-08 16:57:06',0),(2605,1081,210,7,'2025-05-08 16:57:06',0),(2606,1081,211,8,'2025-05-08 16:57:06',0),(2607,1009,199,7,'2025-05-08 16:57:07',0),(2608,1009,200,8,'2025-05-08 16:57:07',0),(2609,1009,201,7,'2025-05-08 16:57:08',0),(2610,1009,202,8,'2025-05-08 16:57:08',0),(2611,1009,203,7,'2025-05-08 16:57:08',0),(2612,1009,204,8,'2025-05-08 16:57:10',0),(2613,1009,205,7,'2025-05-08 16:57:10',0),(2614,1009,206,8,'2025-05-08 16:57:10',0),(2615,1009,207,6,'2025-05-08 16:57:10',0),(2616,1009,208,7,'2025-05-08 16:57:11',0),(2617,1009,209,8,'2025-05-08 16:57:11',0),(2618,1009,210,6,'2025-05-08 16:57:11',0),(2619,1009,211,8,'2025-05-08 16:57:12',0),(2620,1041,199,6,'2025-05-08 16:57:12',0),(2621,1041,200,7,'2025-05-08 16:57:12',0),(2622,1041,201,8,'2025-05-08 16:57:13',0),(2623,1041,202,6,'2025-05-08 16:57:13',0),(2624,1041,203,7,'2025-05-08 16:57:14',0),(2625,1041,204,6,'2025-05-08 16:57:14',0),(2626,1041,205,7,'2025-05-08 16:57:15',0),(2627,1041,206,8,'2025-05-08 16:57:15',0),(2628,1041,207,6,'2025-05-08 16:57:16',0),(2629,1041,208,7,'2025-05-08 16:57:16',0),(2630,1041,209,8,'2025-05-08 16:57:16',0),(2631,1041,210,6,'2025-05-08 16:57:17',0),(2632,1041,211,7,'2025-05-08 16:57:17',0),(2633,1025,199,8,'2025-05-08 16:57:17',0),(2634,1025,200,7,'2025-05-08 16:57:18',0),(2635,1025,201,8,'2025-05-08 16:57:18',0),(2636,1025,202,7,'2025-05-08 16:57:19',0),(2637,1025,203,8,'2025-05-08 16:57:19',0),(2638,1025,204,7,'2025-05-08 16:57:20',0),(2639,1025,205,9,'2025-05-08 16:57:22',0),(2640,1025,206,8,'2025-05-08 16:57:22',0),(2641,1025,207,6,'2025-05-08 16:57:23',0),(2642,1025,208,7,'2025-05-08 16:57:24',0),(2643,1025,209,5,'2025-05-08 16:57:24',0),(2644,1025,210,6,'2025-05-08 16:57:25',0),(2645,1025,211,7,'2025-05-08 16:57:25',0),(2646,1090,199,8,'2025-05-08 16:57:25',0),(2647,1090,200,6,'2025-05-08 16:57:25',0),(2648,1090,201,7,'2025-05-08 16:57:26',0),(2649,1090,202,8,'2025-05-08 16:57:27',0),(2650,1090,203,5,'2025-05-08 16:57:27',0),(2651,1090,204,6,'2025-05-08 16:57:27',0),(2652,1090,205,5,'2025-05-08 16:57:28',0),(2653,1090,206,6,'2025-05-08 16:57:28',0),(2654,1090,207,7,'2025-05-08 16:57:28',0),(2655,1090,208,6,'2025-05-08 16:57:29',0),(2656,1090,209,5,'2025-05-08 16:57:29',0),(2657,1090,211,7,'2025-05-08 16:57:30',0),(2658,1073,199,6,'2025-05-08 16:57:30',0),(2659,1090,210,8,'2025-05-08 16:57:38',0),(2660,1073,200,9,'2025-05-08 16:57:40',0),(2661,1073,201,7,'2025-05-08 16:57:41',0),(2662,1073,202,8,'2025-05-08 16:57:42',0),(2663,1073,203,6,'2025-05-08 16:57:42',0),(2664,1073,204,7,'2025-05-08 16:57:42',0),(2665,1073,205,8,'2025-05-08 16:57:43',0),(2666,1073,206,7,'2025-05-08 16:57:43',0),(2667,1073,207,8,'2025-05-08 16:57:45',0),(2668,1073,208,7,'2025-05-08 16:57:45',0),(2669,1073,209,8,'2025-05-08 16:57:45',0),(2670,1073,210,7,'2025-05-08 16:57:46',0),(2671,1073,211,9,'2025-05-08 16:57:46',0),(2672,1017,199,5,'2025-05-08 16:57:46',0),(2673,1017,200,6,'2025-05-08 16:57:46',0),(2674,1017,201,7,'2025-05-08 16:57:47',0),(2675,1017,202,8,'2025-05-08 16:57:48',0),(2676,1017,203,6,'2025-05-08 16:57:48',0),(2677,1017,204,7,'2025-05-08 16:57:48',0),(2678,1017,205,8,'2025-05-08 16:57:49',0),(2679,1017,206,4,'2025-05-08 16:57:49',0),(2680,1017,207,3,'2025-05-08 16:57:49',0),(2681,1017,208,5,'2025-05-08 16:57:50',0),(2682,1017,209,6,'2025-05-08 16:57:50',0),(2683,1017,210,7,'2025-05-08 16:57:50',0),(2684,1017,211,8,'2025-05-08 16:57:53',0),(2685,1060,199,7,'2025-05-08 16:57:53',0),(2686,1060,200,6,'2025-05-08 16:57:53',0),(2687,1060,201,7,'2025-05-08 16:57:53',0),(2688,1060,202,8,'2025-05-08 16:57:53',0),(2689,1060,203,9,'2025-05-08 16:57:53',0),(2690,1060,204,7,'2025-05-08 16:57:53',0),(2691,1060,205,8,'2025-05-08 16:57:54',0),(2692,1060,206,7,'2025-05-08 16:57:54',0),(2693,1060,207,8,'2025-05-08 16:57:55',0),(2694,1060,208,7,'2025-05-08 16:57:56',0),(2695,1060,209,6,'2025-05-08 16:57:56',0),(2696,1060,210,7,'2025-05-08 16:57:56',0),(2697,1060,211,6,'2025-05-08 16:57:57',0),(2698,1006,199,7,'2025-05-08 16:57:57',0),(2699,1006,200,7,'2025-05-08 16:58:02',0),(2700,1006,201,6,'2025-05-08 16:58:02',0),(2701,1006,202,7,'2025-05-08 16:58:03',0),(2702,1006,203,6,'2025-05-08 16:58:04',0),(2703,1006,204,8,'2025-05-08 16:58:04',0),(2704,1006,205,7,'2025-05-08 16:58:05',0),(2705,1006,206,8,'2025-05-08 16:58:06',0),(2706,1006,207,9,'2025-05-08 16:58:06',0),(2707,1006,208,6,'2025-05-08 16:58:06',0),(2708,1006,209,7,'2025-05-08 16:58:07',0),(2709,1006,210,5,'2025-05-08 16:58:08',0),(2710,1006,211,6,'2025-05-08 16:58:08',0),(2711,1030,199,7,'2025-05-08 16:58:08',0),(2712,1030,200,6,'2025-05-08 16:58:08',0),(2713,1030,201,7,'2025-05-08 16:58:09',0),(2714,1030,202,8,'2025-05-08 16:58:09',0),(2715,1030,203,7,'2025-05-08 16:58:11',0),(2716,1030,204,6,'2025-05-08 16:58:11',0),(2717,1030,205,7,'2025-05-08 16:58:11',0),(2718,1030,206,8,'2025-05-08 16:58:12',0),(2719,1030,207,6,'2025-05-08 16:58:12',0),(2720,1030,208,7,'2025-05-08 16:58:12',0),(2721,1030,209,8,'2025-05-08 16:58:12',0),(2722,1030,210,7,'2025-05-08 16:58:12',0),(2723,1030,211,6,'2025-05-08 16:58:13',0),(2724,1003,224,7,'2025-05-09 08:08:55',0),(2725,1003,212,8,'2025-05-09 08:08:55',0),(2726,1003,213,9,'2025-05-09 08:08:57',0),(2727,1003,215,6,'2025-05-09 08:08:58',0),(2728,1003,214,7,'2025-05-09 08:08:59',0),(2729,1003,216,5,'2025-05-09 08:09:00',0),(2730,1003,217,6,'2025-05-09 08:09:00',0),(2731,1003,218,8,'2025-05-09 08:09:01',0),(2732,1003,219,9,'2025-05-09 08:09:02',0),(2733,1003,220,7,'2025-05-09 08:09:02',0),(2734,1003,221,8,'2025-05-09 08:09:03',0),(2735,1003,222,8,'2025-05-09 08:09:04',0),(2736,1003,223,6,'2025-05-09 08:09:04',0),(2737,1006,224,5,'2025-05-09 08:09:05',0),(2738,1006,212,7,'2025-05-09 08:09:05',0),(2739,1006,213,6,'2025-05-09 08:09:06',0),(2740,1006,215,8,'2025-05-09 08:09:06',0),(2741,1006,214,7,'2025-05-09 08:09:06',0),(2742,1006,216,6,'2025-05-09 08:09:07',0),(2743,1006,217,8,'2025-05-09 08:09:07',0),(2744,1006,218,9,'2025-05-09 08:09:07',0),(2745,1006,219,6,'2025-05-09 08:09:08',0),(2746,1006,220,7,'2025-05-09 08:09:08',0),(2747,1006,221,8,'2025-05-09 08:09:09',0),(2748,1006,222,6,'2025-05-09 08:09:09',0),(2749,1006,223,7,'2025-05-09 08:09:09',0),(2750,1008,224,8,'2025-05-09 08:09:10',0),(2751,1008,212,9,'2025-05-09 08:09:10',0),(2752,1008,213,7,'2025-05-09 08:09:11',0),(2753,1008,215,6,'2025-05-09 08:09:11',0),(2754,1008,214,5,'2025-05-09 08:09:11',0),(2755,1008,216,7,'2025-05-09 08:09:13',0),(2756,1008,217,8,'2025-05-09 08:09:13',0),(2757,1008,218,9,'2025-05-09 08:09:13',0),(2758,1008,219,6,'2025-05-09 08:09:14',0),(2759,1008,220,7,'2025-05-09 08:09:14',0),(2760,1008,221,8,'2025-05-09 08:09:15',0),(2761,1008,222,9,'2025-05-09 08:09:15',0),(2762,1008,223,6,'2025-05-09 08:09:16',0),(2763,1009,224,7,'2025-05-09 08:09:16',0),(2764,1009,212,6,'2025-05-09 08:09:16',0),(2765,1009,213,5,'2025-05-09 08:09:17',0),(2766,1009,215,6,'2025-05-09 08:09:17',0),(2767,1009,214,5,'2025-05-09 08:09:18',0),(2768,1009,216,6,'2025-05-09 08:09:18',0),(2769,1009,217,7,'2025-05-09 08:09:18',0),(2770,1009,218,6,'2025-05-09 08:09:18',0),(2771,1009,219,8,'2025-05-09 08:09:19',0),(2772,1009,220,7,'2025-05-09 08:09:19',0),(2773,1009,221,6,'2025-05-09 08:09:20',0),(2774,1009,222,7,'2025-05-09 08:09:20',0),(2775,1009,223,8,'2025-05-09 08:09:20',0),(2776,1012,224,6,'2025-05-09 08:09:21',0),(2777,1012,212,7,'2025-05-09 08:09:21',0),(2778,1012,213,8,'2025-05-09 08:09:22',0),(2779,1012,215,6,'2025-05-09 08:09:22',0),(2780,1012,214,7,'2025-05-09 08:09:22',0),(2781,1012,216,8,'2025-05-09 08:09:23',0),(2782,1012,217,5,'2025-05-09 08:09:23',0),(2783,1012,218,8,'2025-05-09 08:09:27',0),(2784,1012,219,7,'2025-05-09 08:09:28',0),(2785,1012,220,6,'2025-05-09 08:09:29',0),(2786,1012,221,7,'2025-05-09 08:09:30',0),(2787,1012,222,6,'2025-05-09 08:09:30',0),(2788,1012,223,8,'2025-05-09 08:09:30',0),(2789,1015,224,5,'2025-05-09 08:09:31',0),(2790,1015,212,6,'2025-05-09 08:09:32',0),(2791,1015,213,7,'2025-05-09 08:09:32',0),(2792,1015,215,8,'2025-05-09 08:09:32',0),(2793,1015,214,9,'2025-05-09 08:09:33',0),(2794,1015,216,6,'2025-05-09 08:09:33',0),(2795,1015,217,7,'2025-05-09 08:09:34',0),(2796,1015,218,6,'2025-05-09 08:09:34',0),(2797,1015,219,7,'2025-05-09 08:09:35',0),(2798,1015,220,8,'2025-05-09 08:09:35',0),(2799,1015,221,7,'2025-05-09 08:09:36',0),(2800,1015,222,6,'2025-05-09 08:09:36',0),(2801,1015,223,7,'2025-05-09 08:09:37',0),(2802,1017,224,6,'2025-05-09 08:09:37',0),(2803,1017,212,7,'2025-05-09 08:09:38',0),(2804,1017,213,6,'2025-05-09 08:09:38',0),(2805,1017,215,5,'2025-05-09 08:09:38',0),(2806,1017,214,6,'2025-05-09 08:09:38',0),(2807,1017,216,7,'2025-05-09 08:09:39',0),(2808,1017,217,8,'2025-05-09 08:09:40',0),(2809,1017,218,7,'2025-05-09 08:09:40',0),(2810,1017,219,6,'2025-05-09 08:09:40',0),(2811,1017,220,5,'2025-05-09 08:09:41',0),(2812,1017,221,6,'2025-05-09 08:09:41',0),(2813,1017,222,7,'2025-05-09 08:09:42',0),(2814,1017,223,8,'2025-05-09 08:09:42',0),(2815,1021,224,7,'2025-05-09 08:09:43',0),(2816,1021,212,6,'2025-05-09 08:09:43',0),(2817,1021,213,5,'2025-05-09 08:09:44',0),(2818,1021,215,6,'2025-05-09 08:09:44',0),(2819,1021,214,7,'2025-05-09 08:09:44',0),(2820,1021,216,6,'2025-05-09 08:09:45',0),(2821,1021,217,5,'2025-05-09 08:09:45',0),(2822,1021,218,6,'2025-05-09 08:09:46',0),(2823,1021,219,7,'2025-05-09 08:09:46',0),(2824,1021,220,8,'2025-05-09 08:09:47',0),(2825,1021,221,7,'2025-05-09 08:09:47',0),(2826,1021,222,6,'2025-05-09 08:09:48',0),(2827,1021,223,7,'2025-05-09 08:09:48',0),(2828,1025,224,8,'2025-05-09 08:09:49',0),(2829,1025,212,7,'2025-05-09 08:09:49',0),(2830,1025,213,8,'2025-05-09 08:09:49',0),(2831,1025,215,7,'2025-05-09 08:09:50',0),(2832,1025,214,8,'2025-05-09 08:09:50',0),(2833,1025,216,6,'2025-05-09 08:09:51',0),(2834,1025,217,7,'2025-05-09 08:09:51',0),(2835,1025,218,6,'2025-05-09 08:09:52',0),(2836,1025,219,7,'2025-05-09 08:09:52',0),(2837,1025,220,6,'2025-05-09 08:09:53',0),(2838,1025,221,7,'2025-05-09 08:09:53',0),(2839,1025,222,7,'2025-05-09 08:09:53',0),(2840,1025,223,8,'2025-05-09 08:09:54',0),(2841,1027,224,7,'2025-05-09 08:09:55',0),(2842,1027,212,6,'2025-05-09 08:09:55',0),(2843,1027,213,7,'2025-05-09 08:09:55',0),(2844,1027,215,7,'2025-05-09 08:09:56',0),(2845,1027,214,7,'2025-05-09 08:09:56',0),(2846,1027,216,6,'2025-05-09 08:09:57',0),(2847,1027,217,8,'2025-05-09 08:09:57',0),(2848,1027,218,6,'2025-05-09 08:09:58',0),(2849,1027,219,6,'2025-05-09 08:09:58',0),(2850,1027,220,6,'2025-05-09 08:09:59',0),(2851,1027,221,7,'2025-05-09 08:09:59',0),(2852,1027,222,6,'2025-05-09 08:10:00',0),(2853,1027,223,7,'2025-05-09 08:10:00',0),(2854,1029,224,7,'2025-05-09 08:10:00',0),(2855,1029,212,8,'2025-05-09 08:10:01',0),(2856,1029,213,10,'2025-05-09 08:10:05',0),(2857,1029,215,6,'2025-05-09 08:10:05',0),(2858,1029,214,7,'2025-05-09 08:10:06',0),(2859,1029,216,5,'2025-05-09 08:10:06',0),(2860,1029,217,6,'2025-05-09 08:10:07',0),(2861,1029,218,7,'2025-05-09 08:10:07',0),(2862,1029,219,6,'2025-05-09 08:10:08',0),(2863,1029,220,7,'2025-05-09 08:10:08',0),(2864,1029,221,8,'2025-05-09 08:10:08',0),(2865,1029,222,7,'2025-05-09 08:10:09',0),(2866,1029,223,6,'2025-05-09 08:10:10',0),(2867,1030,224,7,'2025-05-09 08:10:10',0),(2868,1030,212,8,'2025-05-09 08:10:10',0),(2869,1030,213,7,'2025-05-09 08:10:10',0),(2870,1030,215,8,'2025-05-09 08:10:11',0),(2871,1030,214,7,'2025-05-09 08:10:11',0),(2872,1030,216,6,'2025-05-09 08:10:12',0),(2873,1030,217,7,'2025-05-09 08:10:12',0),(2874,1030,218,8,'2025-05-09 08:10:13',0),(2875,1030,219,7,'2025-05-09 08:10:13',0),(2876,1030,220,6,'2025-05-09 08:10:14',0),(2877,1030,221,7,'2025-05-09 08:10:14',0),(2878,1030,222,8,'2025-05-09 08:10:14',0),(2879,1030,223,7,'2025-05-09 08:10:15',0),(2880,1032,224,6,'2025-05-09 08:10:15',0),(2881,1032,212,7,'2025-05-09 08:10:16',0),(2882,1032,213,8,'2025-05-09 08:10:16',0),(2883,1032,215,7,'2025-05-09 08:10:16',0),(2884,1032,216,8,'2025-05-09 08:10:17',0),(2885,1032,214,10,'2025-05-09 08:10:20',0),(2886,1032,217,7,'2025-05-09 08:10:23',0),(2887,1032,218,6,'2025-05-09 08:10:23',0),(2888,1032,219,5,'2025-05-09 08:10:24',0),(2889,1032,220,6,'2025-05-09 08:10:25',0),(2890,1032,221,8,'2025-05-09 08:10:26',0),(2891,1032,222,7,'2025-05-09 08:10:26',0),(2892,1032,223,6,'2025-05-09 08:10:27',0),(2893,1041,224,5,'2025-05-09 08:10:28',0),(2894,1041,212,6,'2025-05-09 08:10:28',0),(2895,1041,213,7,'2025-05-09 08:10:29',0),(2896,1041,215,8,'2025-05-09 08:10:29',0),(2897,1041,214,7,'2025-05-09 08:10:30',0),(2898,1041,216,6,'2025-05-09 08:10:31',0),(2899,1041,217,7,'2025-05-09 08:10:32',0),(2900,1041,218,6,'2025-05-09 08:10:33',0),(2901,1041,219,7,'2025-05-09 08:10:33',0),(2902,1041,220,8,'2025-05-09 08:10:34',0),(2903,1041,221,7,'2025-05-09 08:10:34',0),(2904,1041,222,6,'2025-05-09 08:10:35',0),(2905,1041,223,7,'2025-05-09 08:10:36',0),(2906,1043,224,8,'2025-05-09 08:10:36',0),(2907,1043,212,7,'2025-05-09 08:10:37',0),(2908,1043,213,8,'2025-05-09 08:10:37',0),(2909,1043,215,6,'2025-05-09 08:10:38',0),(2910,1043,214,7,'2025-05-09 08:10:38',0),(2911,1043,216,8,'2025-05-09 08:10:39',0),(2912,1043,217,7,'2025-05-09 08:10:39',0),(2913,1043,218,6,'2025-05-09 08:10:40',0),(2914,1043,219,7,'2025-05-09 08:10:40',0),(2915,1043,220,8,'2025-05-09 08:10:41',0),(2916,1043,221,7,'2025-05-09 08:10:41',0),(2917,1043,222,8,'2025-05-09 08:10:42',0),(2918,1043,223,7,'2025-05-09 08:10:42',0),(2919,1057,224,8,'2025-05-09 08:10:43',0),(2920,1057,212,6,'2025-05-09 08:10:43',0),(2921,1057,213,7,'2025-05-09 08:10:44',0),(2922,1057,215,8,'2025-05-09 08:10:44',0),(2923,1057,214,7,'2025-05-09 08:10:45',0),(2924,1057,216,6,'2025-05-09 08:10:45',0),(2925,1057,217,7,'2025-05-09 08:10:46',0),(2926,1057,218,8,'2025-05-09 08:10:46',0),(2927,1057,219,7,'2025-05-09 08:10:47',0),(2928,1057,220,6,'2025-05-09 08:10:47',0),(2929,1057,221,7,'2025-05-09 08:10:48',0),(2930,1057,222,6,'2025-05-09 08:10:48',0),(2931,1057,223,7,'2025-05-09 08:10:49',0),(2932,1059,224,6,'2025-05-09 08:10:49',0),(2933,1059,212,7,'2025-05-09 08:10:49',0),(2934,1059,213,6,'2025-05-09 08:10:50',0),(2935,1059,215,7,'2025-05-09 08:10:50',0),(2936,1059,214,6,'2025-05-09 08:10:52',0),(2937,1059,216,7,'2025-05-09 08:10:52',0),(2938,1059,217,6,'2025-05-09 08:10:52',0),(2939,1059,218,7,'2025-05-09 08:10:52',0),(2940,1059,219,7,'2025-05-09 08:10:56',0),(2941,1059,220,8,'2025-05-09 08:10:57',0),(2942,1059,221,9,'2025-05-09 08:10:58',0),(2943,1059,222,8,'2025-05-09 08:10:58',0),(2944,1059,223,7,'2025-05-09 08:10:59',0),(2945,1060,224,6,'2025-05-09 08:10:59',0),(2946,1060,212,7,'2025-05-09 08:11:00',0),(2947,1060,213,8,'2025-05-09 08:11:00',0),(2948,1060,215,7,'2025-05-09 08:11:01',0),(2949,1060,214,8,'2025-05-09 08:11:36',0),(2950,1060,216,7,'2025-05-09 08:11:37',0),(2951,1060,217,9,'2025-05-09 08:11:37',0),(2952,1060,218,8,'2025-05-09 08:11:38',0),(2953,1060,219,7,'2025-05-09 08:11:38',0),(2954,1060,220,6,'2025-05-09 08:11:39',0),(2955,1060,221,7,'2025-05-09 08:11:39',0),(2956,1060,222,8,'2025-05-09 08:11:39',0),(2957,1060,223,7,'2025-05-09 08:11:40',0),(2958,1073,224,8,'2025-05-09 08:11:40',0),(2959,1073,212,7,'2025-05-09 08:11:41',0),(2960,1073,213,8,'2025-05-09 08:11:41',0),(2961,1073,215,7,'2025-05-09 08:11:42',0),(2962,1073,214,8,'2025-05-09 08:11:42',0),(2963,1073,216,7,'2025-05-09 08:11:43',0),(2964,1073,217,8,'2025-05-09 08:11:43',0),(2965,1073,218,7,'2025-05-09 08:11:43',0),(2966,1073,219,8,'2025-05-09 08:11:43',0),(2967,1073,220,7,'2025-05-09 08:11:43',0),(2968,1073,221,8,'2025-05-09 08:11:44',0),(2969,1073,222,7,'2025-05-09 08:11:44',0),(2970,1073,223,8,'2025-05-09 08:11:45',0),(2971,1081,224,7,'2025-05-09 08:11:46',0),(2972,1081,212,6,'2025-05-09 08:11:46',0),(2973,1081,213,7,'2025-05-09 08:11:47',0),(2974,1081,215,7,'2025-05-09 08:11:47',0),(2975,1081,214,7,'2025-05-09 08:11:48',0),(2976,1081,216,7,'2025-05-09 08:11:49',0),(2977,1081,217,7,'2025-05-09 08:11:49',0),(2978,1081,218,8,'2025-05-09 08:11:50',0),(2979,1081,219,7,'2025-05-09 08:11:50',0),(2980,1081,220,8,'2025-05-09 08:11:51',0),(2981,1081,221,7,'2025-05-09 08:11:51',0),(2982,1081,222,8,'2025-05-09 08:11:52',0),(2983,1081,223,7,'2025-05-09 08:11:52',0),(2984,1090,224,8,'2025-05-09 08:11:52',0),(2985,1090,212,7,'2025-05-09 08:11:53',0),(2986,1090,213,8,'2025-05-09 08:11:53',0),(2987,1090,215,8,'2025-05-09 08:11:54',0),(2988,1090,214,7,'2025-05-09 08:11:54',0),(2989,1090,216,8,'2025-05-09 08:11:54',0),(2990,1090,217,7,'2025-05-09 08:11:55',0),(2991,1090,218,8,'2025-05-09 08:11:55',0),(2992,1090,219,7,'2025-05-09 08:11:55',0),(2993,1090,220,8,'2025-05-09 08:11:56',0),(2994,1090,221,7,'2025-05-09 08:11:56',0),(2995,1090,222,8,'2025-05-09 08:11:57',0),(2996,1090,223,7,'2025-05-09 08:11:57',0),(2997,1091,224,8,'2025-05-09 08:11:57',0),(2998,1091,212,6,'2025-05-09 08:11:58',0),(2999,1091,213,7,'2025-05-09 08:11:58',0),(3000,1091,215,8,'2025-05-09 08:11:59',0),(3001,1091,214,6,'2025-05-09 08:11:59',0),(3002,1091,216,7,'2025-05-09 08:12:00',0),(3003,1091,217,8,'2025-05-09 08:12:00',0),(3004,1091,218,6,'2025-05-09 08:12:01',0),(3005,1091,219,7,'2025-05-09 08:12:01',0),(3006,1091,220,8,'2025-05-09 08:12:02',0),(3007,1091,221,6,'2025-05-09 08:12:02',0),(3008,1091,222,7,'2025-05-09 08:12:02',0),(3009,1091,223,8,'2025-05-09 08:12:03',0),(3010,1092,224,6,'2025-05-09 08:12:03',0),(3011,1092,212,7,'2025-05-09 08:12:04',0),(3012,1092,213,6,'2025-05-09 08:12:04',0),(3013,1092,215,7,'2025-05-09 08:12:05',0),(3014,1092,214,6,'2025-05-09 08:12:05',0),(3015,1092,216,7,'2025-05-09 08:12:05',0),(3016,1092,217,6,'2025-05-09 08:12:06',0),(3017,1092,218,7,'2025-05-09 08:12:06',0),(3018,1092,219,6,'2025-05-09 08:12:06',0),(3019,1092,220,8,'2025-05-09 08:12:07',0),(3020,1092,221,6,'2025-05-09 08:12:07',0),(3021,1092,222,7,'2025-05-09 08:12:07',0),(3022,1092,223,6,'2025-05-09 08:12:09',0),(3023,1093,224,7,'2025-05-09 08:12:09',0),(3024,1093,212,6,'2025-05-09 08:12:09',0),(3025,1093,213,7,'2025-05-09 08:12:09',0),(3026,1093,215,6,'2025-05-09 08:12:10',0),(3027,1093,214,7,'2025-05-09 08:12:10',0),(3028,1093,216,9,'2025-05-09 08:12:15',0),(3029,1093,217,8,'2025-05-09 08:12:15',0),(3030,1093,218,7,'2025-05-09 08:12:16',0),(3031,1093,219,6,'2025-05-09 08:12:16',0),(3032,1093,220,6,'2025-05-09 08:12:17',0),(3033,1093,221,7,'2025-05-09 08:12:17',0),(3034,1093,222,6,'2025-05-09 08:12:18',0),(3035,1093,223,7,'2025-05-09 08:12:18',0),(3036,1094,224,6,'2025-05-09 08:12:19',0),(3037,1094,212,7,'2025-05-09 08:12:20',0),(3038,1094,213,6,'2025-05-09 08:12:20',0),(3039,1094,215,7,'2025-05-09 08:12:21',0),(3040,1094,214,6,'2025-05-09 08:12:21',0),(3041,1094,216,8,'2025-05-09 08:12:22',0),(3042,1094,217,6,'2025-05-09 08:12:22',0),(3043,1094,218,7,'2025-05-09 08:12:23',0),(3044,1094,219,8,'2025-05-09 08:12:23',0),(3045,1094,220,9,'2025-05-09 08:12:23',0),(3046,1094,221,6,'2025-05-09 08:12:24',0),(3047,1094,222,5,'2025-05-09 08:12:24',0),(3048,1094,223,4,'2025-05-09 08:12:26',0),(3049,1095,224,5,'2025-05-09 08:12:26',0),(3050,1095,212,6,'2025-05-09 08:12:26',0),(3051,1095,213,6,'2025-05-09 08:12:27',0),(3052,1095,215,7,'2025-05-09 08:12:27',0),(3053,1095,214,8,'2025-05-09 08:12:28',0),(3054,1095,216,8,'2025-05-09 08:12:28',0),(3055,1095,217,7,'2025-05-09 08:12:29',0),(3056,1095,218,8,'2025-05-09 08:12:30',0),(3057,1095,219,8,'2025-05-09 08:12:31',0),(3058,1095,220,1,'2025-05-09 08:12:32',0),(3059,1095,221,10,'2025-05-09 08:12:34',0),(3060,1095,222,10,'2025-05-09 08:12:35',0),(3061,1095,223,1,'2025-05-09 08:12:36',0),(3062,1096,224,10,'2025-05-09 08:12:38',0),(3063,1096,212,8,'2025-05-09 08:12:39',0),(3064,1096,213,8,'2025-05-09 08:12:40',0),(3065,1096,215,7,'2025-05-09 08:12:40',0),(3066,1096,214,6,'2025-05-09 08:12:41',0),(3067,1096,216,6,'2025-05-09 08:12:42',0),(3068,1096,217,6,'2025-05-09 08:12:43',0),(3069,1096,218,1,'2025-05-09 08:12:44',0),(3070,1096,219,1,'2025-05-09 08:12:46',0),(3071,1096,220,1,'2025-05-09 08:12:47',0),(3072,1096,221,7,'2025-05-09 08:12:48',0),(3073,1096,222,8,'2025-05-09 08:12:48',0),(3074,1096,223,8,'2025-05-09 08:12:50',0),(3075,1097,224,9,'2025-05-09 08:12:50',0),(3076,1097,212,7,'2025-05-09 08:12:54',0),(3077,1097,213,8,'2025-05-09 08:12:55',0),(3078,1097,215,9,'2025-05-09 08:12:55',0),(3079,1097,214,8,'2025-05-09 08:12:56',0),(3080,1097,216,9,'2025-05-09 08:12:56',0),(3081,1097,217,8,'2025-05-09 08:12:57',0),(3082,1097,218,9,'2025-05-09 08:12:57',0),(3083,1097,219,8,'2025-05-09 08:12:57',0),(3084,1097,220,9,'2025-05-09 08:12:58',0),(3085,1097,221,6,'2025-05-09 08:12:59',0),(3086,1097,222,7,'2025-05-09 08:12:59',0),(3087,1097,223,6,'2025-05-09 08:13:00',0),(3088,1003,225,8,'2025-05-09 11:11:35',0),(3089,1003,226,7,'2025-05-09 11:11:35',0),(3090,1003,227,8,'2025-05-09 11:11:37',0),(3091,1003,228,9,'2025-05-09 11:11:37',0),(3092,1003,230,7,'2025-05-09 11:11:37',0),(3093,1003,229,8,'2025-05-09 11:11:38',0),(3094,1003,231,9,'2025-05-09 11:11:38',0),(3095,1003,232,7,'2025-05-09 11:11:39',0),(3096,1003,233,8,'2025-05-09 11:11:39',0),(3097,1003,234,6,'2025-05-09 11:11:40',0),(3098,1003,235,5,'2025-05-09 11:11:40',0),(3099,1006,225,6,'2025-05-09 11:11:41',0),(3100,1006,226,7,'2025-05-09 11:11:41',0),(3101,1006,227,6,'2025-05-09 11:11:42',0),(3102,1006,228,5,'2025-05-09 11:11:42',0),(3103,1006,230,6,'2025-05-09 11:11:43',0),(3104,1006,229,7,'2025-05-09 11:11:43',0),(3105,1006,231,6,'2025-05-09 11:11:43',0),(3106,1006,232,5,'2025-05-09 11:11:44',0),(3107,1006,233,6,'2025-05-09 11:11:44',0),(3108,1006,234,7,'2025-05-09 11:11:45',0),(3109,1006,235,6,'2025-05-09 11:11:45',0),(3110,1008,225,7,'2025-05-09 11:11:46',0),(3111,1008,226,8,'2025-05-09 11:11:46',0),(3112,1008,227,7,'2025-05-09 11:11:46',0),(3113,1008,228,6,'2025-05-09 11:11:47',0),(3114,1008,230,7,'2025-05-09 11:11:47',0),(3115,1008,229,6,'2025-05-09 11:11:48',0),(3116,1008,231,7,'2025-05-09 11:11:48',0),(3117,1008,232,6,'2025-05-09 11:11:49',0),(3118,1008,233,7,'2025-05-09 11:11:49',0),(3119,1008,234,8,'2025-05-09 11:11:49',0),(3120,1008,235,7,'2025-05-09 11:11:50',0),(3121,1009,225,6,'2025-05-09 11:11:50',0),(3122,1009,226,5,'2025-05-09 11:11:51',0),(3123,1009,227,4,'2025-05-09 11:11:51',0),(3124,1009,228,5,'2025-05-09 11:11:52',0),(3125,1009,230,6,'2025-05-09 11:11:52',0),(3126,1009,229,7,'2025-05-09 11:11:52',0),(3127,1009,231,8,'2025-05-09 11:11:53',0),(3128,1009,232,7,'2025-05-09 11:11:53',0),(3129,1009,233,6,'2025-05-09 11:11:54',0),(3130,1009,234,5,'2025-05-09 11:11:54',0),(3131,1009,235,6,'2025-05-09 11:11:55',0),(3132,1012,225,7,'2025-05-09 11:11:55',0),(3133,1012,226,6,'2025-05-09 11:11:55',0),(3134,1012,227,5,'2025-05-09 11:11:56',0),(3135,1012,228,6,'2025-05-09 11:11:56',0),(3136,1012,230,7,'2025-05-09 11:11:57',0),(3137,1012,229,6,'2025-05-09 11:11:57',0),(3138,1012,231,5,'2025-05-09 11:11:58',0),(3139,1012,232,6,'2025-05-09 11:11:58',0),(3140,1012,233,7,'2025-05-09 11:11:58',0),(3141,1012,234,6,'2025-05-09 11:11:59',0),(3142,1012,235,5,'2025-05-09 11:11:59',0),(3143,1015,225,6,'2025-05-09 11:12:00',0),(3144,1015,226,7,'2025-05-09 11:12:00',0),(3145,1015,227,6,'2025-05-09 11:12:01',0),(3146,1015,228,5,'2025-05-09 11:12:01',0),(3147,1015,230,6,'2025-05-09 11:12:02',0),(3148,1015,229,7,'2025-05-09 11:12:02',0),(3149,1015,231,6,'2025-05-09 11:12:03',0),(3150,1015,232,5,'2025-05-09 11:12:03',0),(3151,1015,233,6,'2025-05-09 11:12:03',0),(3152,1015,234,7,'2025-05-09 11:12:04',0),(3153,1015,235,6,'2025-05-09 11:12:04',0),(3154,1017,225,5,'2025-05-09 11:12:05',0),(3155,1017,226,6,'2025-05-09 11:12:05',0),(3156,1017,227,7,'2025-05-09 11:12:06',0),(3157,1017,228,6,'2025-05-09 11:12:06',0),(3158,1017,230,5,'2025-05-09 11:12:07',0),(3159,1017,229,6,'2025-05-09 11:12:07',0),(3160,1017,231,7,'2025-05-09 11:12:07',0),(3161,1017,232,6,'2025-05-09 11:12:08',0),(3162,1017,233,5,'2025-05-09 11:12:08',0),(3163,1017,234,6,'2025-05-09 11:12:09',0),(3164,1017,235,7,'2025-05-09 11:12:09',0),(3165,1021,225,6,'2025-05-09 11:12:10',0),(3166,1021,226,7,'2025-05-09 11:12:10',0),(3167,1021,227,6,'2025-05-09 11:12:10',0),(3168,1021,228,8,'2025-05-09 11:12:11',0),(3169,1021,230,7,'2025-05-09 11:12:11',0),(3170,1021,229,6,'2025-05-09 11:12:12',0),(3171,1021,231,5,'2025-05-09 11:12:12',0),(3172,1021,232,9,'2025-05-09 11:12:13',0),(3173,1021,233,8,'2025-05-09 11:12:13',0),(3174,1021,234,7,'2025-05-09 11:12:14',0),(3175,1021,235,8,'2025-05-09 11:12:14',0),(3176,1025,225,9,'2025-05-09 11:12:14',0),(3177,1025,226,8,'2025-05-09 11:12:15',0),(3178,1025,227,7,'2025-05-09 11:12:15',0),(3179,1025,228,6,'2025-05-09 11:12:16',0),(3180,1025,230,7,'2025-05-09 11:12:16',0),(3181,1025,229,8,'2025-05-09 11:12:17',0),(3182,1025,231,7,'2025-05-09 11:12:17',0),(3183,1025,232,6,'2025-05-09 11:12:18',0),(3184,1025,233,7,'2025-05-09 11:12:18',0),(3185,1025,234,8,'2025-05-09 11:12:18',0),(3186,1025,235,7,'2025-05-09 11:12:19',0),(3187,1027,225,6,'2025-05-09 11:12:19',0),(3188,1027,226,7,'2025-05-09 11:12:20',0),(3189,1027,227,8,'2025-05-09 11:12:20',0),(3190,1027,228,7,'2025-05-09 11:12:21',0),(3191,1027,230,6,'2025-05-09 11:12:21',0),(3192,1027,229,7,'2025-05-09 11:12:22',0),(3193,1027,231,8,'2025-05-09 11:12:22',0),(3194,1027,232,7,'2025-05-09 11:12:22',0),(3195,1027,233,6,'2025-05-09 11:12:23',0),(3196,1027,234,7,'2025-05-09 11:12:23',0),(3197,1027,235,8,'2025-05-09 11:12:24',0),(3198,1029,225,7,'2025-05-09 11:12:24',0),(3199,1029,226,6,'2025-05-09 11:12:25',0),(3200,1029,227,7,'2025-05-09 11:12:25',0),(3201,1029,228,8,'2025-05-09 11:12:25',0),(3202,1029,230,7,'2025-05-09 11:12:26',0),(3203,1029,229,6,'2025-05-09 11:12:26',0),(3204,1029,231,7,'2025-05-09 11:12:27',0),(3205,1029,232,8,'2025-05-09 11:12:27',0),(3206,1029,233,7,'2025-05-09 11:12:28',0),(3207,1029,234,6,'2025-05-09 11:12:28',0),(3208,1029,235,7,'2025-05-09 11:12:29',0),(3209,1030,225,8,'2025-05-09 11:12:29',0),(3210,1030,226,7,'2025-05-09 11:12:30',0),(3211,1030,227,6,'2025-05-09 11:12:30',0),(3212,1030,228,7,'2025-05-09 11:12:31',0),(3213,1030,230,8,'2025-05-09 11:12:31',0),(3214,1030,229,7,'2025-05-09 11:12:32',0),(3215,1030,231,6,'2025-05-09 11:12:32',0),(3216,1030,232,7,'2025-05-09 11:12:32',0),(3217,1030,233,8,'2025-05-09 11:12:33',0),(3218,1030,234,7,'2025-05-09 11:12:33',0),(3219,1030,235,6,'2025-05-09 11:12:34',0),(3220,1032,225,7,'2025-05-09 11:12:34',0),(3221,1032,226,8,'2025-05-09 11:12:35',0),(3222,1032,227,7,'2025-05-09 11:12:35',0),(3223,1032,228,6,'2025-05-09 11:12:36',0),(3224,1032,230,9,'2025-05-09 11:12:36',0),(3225,1032,229,8,'2025-05-09 11:12:37',0),(3226,1032,231,7,'2025-05-09 11:12:37',0),(3227,1032,232,8,'2025-05-09 11:12:37',0),(3228,1032,233,9,'2025-05-09 11:12:38',0),(3229,1032,234,8,'2025-05-09 11:12:38',0),(3230,1032,235,9,'2025-05-09 11:12:39',0),(3231,1041,225,8,'2025-05-09 11:12:39',0),(3232,1041,226,7,'2025-05-09 11:12:40',0),(3233,1041,227,6,'2025-05-09 11:12:40',0),(3234,1041,228,7,'2025-05-09 11:12:40',0),(3235,1041,230,8,'2025-05-09 11:12:41',0),(3236,1041,229,7,'2025-05-09 11:12:41',0),(3237,1041,231,6,'2025-05-09 11:12:42',0),(3238,1041,232,7,'2025-05-09 11:12:42',0),(3239,1041,233,8,'2025-05-09 11:12:43',0),(3240,1041,234,7,'2025-05-09 11:12:43',0),(3241,1041,235,6,'2025-05-09 11:12:43',0),(3242,1043,225,7,'2025-05-09 11:12:44',0),(3243,1043,226,8,'2025-05-09 11:12:44',0),(3244,1043,227,7,'2025-05-09 11:12:45',0),(3245,1043,228,6,'2025-05-09 11:12:45',0),(3246,1043,230,7,'2025-05-09 11:12:45',0),(3247,1043,229,8,'2025-05-09 11:12:46',0),(3248,1043,231,7,'2025-05-09 11:12:47',0),(3249,1043,232,6,'2025-05-09 11:12:47',0),(3250,1043,233,7,'2025-05-09 11:12:47',0),(3251,1043,234,8,'2025-05-09 11:12:47',0),(3252,1043,235,7,'2025-05-09 11:12:48',0),(3253,1057,225,6,'2025-05-09 11:12:48',0),(3254,1057,226,8,'2025-05-09 11:12:49',0),(3255,1057,227,7,'2025-05-09 11:12:49',0),(3256,1057,228,9,'2025-05-09 11:12:50',0),(3257,1057,230,8,'2025-05-09 11:12:50',0),(3258,1057,229,7,'2025-05-09 11:12:51',0),(3259,1057,231,6,'2025-05-09 11:12:51',0),(3260,1057,232,7,'2025-05-09 11:12:51',0),(3261,1057,233,8,'2025-05-09 11:12:52',0),(3262,1057,234,9,'2025-05-09 11:12:52',0),(3263,1057,235,8,'2025-05-09 11:12:53',0),(3264,1059,225,7,'2025-05-09 11:12:53',0),(3265,1059,226,8,'2025-05-09 11:12:54',0),(3266,1059,227,9,'2025-05-09 11:12:54',0),(3267,1059,228,8,'2025-05-09 11:12:54',0),(3268,1059,230,7,'2025-05-09 11:12:55',0),(3269,1059,229,8,'2025-05-09 11:12:55',0),(3270,1059,231,9,'2025-05-09 11:12:56',0),(3271,1059,232,8,'2025-05-09 11:12:56',0),(3272,1059,233,7,'2025-05-09 11:12:57',0),(3273,1059,234,6,'2025-05-09 11:12:57',0),(3274,1059,235,7,'2025-05-09 11:12:58',0),(3275,1060,225,8,'2025-05-09 11:12:58',0),(3276,1060,226,9,'2025-05-09 11:12:59',0),(3277,1060,227,8,'2025-05-09 11:12:59',0),(3278,1060,228,7,'2025-05-09 11:12:59',0),(3279,1060,230,8,'2025-05-09 11:13:00',0),(3280,1060,229,9,'2025-05-09 11:13:00',0),(3281,1060,231,8,'2025-05-09 11:13:00',0),(3282,1060,232,7,'2025-05-09 11:13:01',0),(3283,1060,233,8,'2025-05-09 11:13:01',0),(3284,1060,234,9,'2025-05-09 11:13:02',0),(3285,1060,235,8,'2025-05-09 11:13:02',0),(3286,1073,225,7,'2025-05-09 11:13:02',0),(3287,1073,226,8,'2025-05-09 11:13:03',0),(3288,1073,227,9,'2025-05-09 11:13:03',0),(3289,1073,228,8,'2025-05-09 11:13:03',0),(3290,1073,230,7,'2025-05-09 11:13:04',0),(3291,1073,229,8,'2025-05-09 11:13:04',0),(3292,1073,231,9,'2025-05-09 11:13:05',0),(3293,1073,232,8,'2025-05-09 11:13:05',0),(3294,1073,233,7,'2025-05-09 11:13:06',0),(3295,1073,234,8,'2025-05-09 11:13:06',0),(3296,1073,235,9,'2025-05-09 11:13:07',0),(3297,1081,225,8,'2025-05-09 11:13:07',0),(3298,1081,226,7,'2025-05-09 11:13:07',0),(3299,1081,227,6,'2025-05-09 11:13:07',0),(3300,1081,228,5,'2025-05-09 11:13:08',0),(3301,1081,230,6,'2025-05-09 11:13:09',0),(3302,1081,229,7,'2025-05-09 11:13:09',0),(3303,1081,231,8,'2025-05-09 11:13:09',0),(3304,1081,232,9,'2025-05-09 11:13:09',0),(3305,1081,233,8,'2025-05-09 11:13:10',0),(3306,1081,234,7,'2025-05-09 11:13:10',0),(3307,1081,235,6,'2025-05-09 11:13:11',0),(3308,1090,225,7,'2025-05-09 11:13:11',0),(3309,1090,226,8,'2025-05-09 11:13:11',0),(3310,1090,227,7,'2025-05-09 11:13:12',0),(3311,1090,228,6,'2025-05-09 11:13:12',0),(3312,1090,230,7,'2025-05-09 11:13:13',0),(3313,1090,229,8,'2025-05-09 11:13:13',0),(3314,1090,231,7,'2025-05-09 11:13:14',0),(3315,1090,232,6,'2025-05-09 11:13:14',0),(3316,1090,233,7,'2025-05-09 11:13:14',0),(3317,1090,234,8,'2025-05-09 11:13:14',0),(3318,1090,235,7,'2025-05-09 11:13:15',0),(3319,1091,225,8,'2025-05-09 11:13:15',0),(3320,1091,226,7,'2025-05-09 11:13:16',0),(3321,1091,227,8,'2025-05-09 11:13:16',0),(3322,1091,228,7,'2025-05-09 11:13:17',0),(3323,1091,230,8,'2025-05-09 11:13:17',0),(3324,1091,229,7,'2025-05-09 11:13:18',0),(3325,1091,231,6,'2025-05-09 11:13:18',0),(3326,1091,232,7,'2025-05-09 11:13:19',0),(3327,1091,233,6,'2025-05-09 11:13:19',0),(3328,1091,234,7,'2025-05-09 11:13:19',0),(3329,1091,235,6,'2025-05-09 11:13:20',0),(3330,1092,225,7,'2025-05-09 11:13:20',0),(3331,1092,226,6,'2025-05-09 11:13:20',0),(3332,1092,227,7,'2025-05-09 11:13:21',0),(3333,1092,228,8,'2025-05-09 11:13:21',0),(3334,1092,230,7,'2025-05-09 11:13:22',0),(3335,1092,229,8,'2025-05-09 11:13:22',0),(3336,1092,231,7,'2025-05-09 11:13:23',0),(3337,1092,232,6,'2025-05-09 11:13:23',0),(3338,1092,233,7,'2025-05-09 11:13:24',0),(3339,1092,234,8,'2025-05-09 11:13:24',0),(3340,1092,235,9,'2025-05-09 11:13:25',0),(3341,1093,225,8,'2025-05-09 11:13:25',0),(3342,1093,226,7,'2025-05-09 11:13:25',0),(3343,1093,227,8,'2025-05-09 11:13:26',0),(3344,1093,228,7,'2025-05-09 11:13:26',0),(3345,1093,230,6,'2025-05-09 11:13:27',0),(3346,1093,229,8,'2025-05-09 11:13:27',0),(3347,1093,231,7,'2025-05-09 11:13:28',0),(3348,1093,232,8,'2025-05-09 11:13:28',0),(3349,1093,233,7,'2025-05-09 11:13:28',0),(3350,1093,234,8,'2025-05-09 11:13:28',0),(3351,1093,235,9,'2025-05-09 11:13:29',0),(3352,1094,225,8,'2025-05-09 11:13:29',0),(3353,1094,226,7,'2025-05-09 11:13:30',0),(3354,1094,227,6,'2025-05-09 11:13:30',0),(3355,1094,228,7,'2025-05-09 11:13:31',0),(3356,1094,230,8,'2025-05-09 11:13:31',0),(3357,1094,229,7,'2025-05-09 11:13:32',0),(3358,1094,231,6,'2025-05-09 11:13:32',0),(3359,1094,232,7,'2025-05-09 11:13:32',0),(3360,1094,233,8,'2025-05-09 11:13:33',0),(3361,1094,234,7,'2025-05-09 11:13:33',0),(3362,1094,235,6,'2025-05-09 11:13:33',0),(3363,1095,225,7,'2025-05-09 11:13:34',0),(3364,1095,226,8,'2025-05-09 11:13:34',0),(3365,1095,227,7,'2025-05-09 11:13:35',0),(3366,1095,228,6,'2025-05-09 11:13:35',0),(3367,1095,230,7,'2025-05-09 11:13:36',0),(3368,1095,229,8,'2025-05-09 11:13:36',0),(3369,1095,231,7,'2025-05-09 11:13:37',0),(3370,1095,232,8,'2025-05-09 11:13:37',0),(3371,1095,233,7,'2025-05-09 11:13:37',0),(3372,1095,234,6,'2025-05-09 11:13:38',0),(3373,1095,235,7,'2025-05-09 11:13:38',0),(3374,1096,225,8,'2025-05-09 11:13:38',0),(3375,1096,226,7,'2025-05-09 11:13:39',0),(3376,1096,227,6,'2025-05-09 11:13:39',0),(3377,1096,228,7,'2025-05-09 11:13:40',0),(3378,1096,230,8,'2025-05-09 11:13:40',0),(3379,1096,229,7,'2025-05-09 11:13:41',0),(3380,1096,231,6,'2025-05-09 11:13:41',0),(3381,1096,232,9,'2025-05-09 11:13:41',0),(3382,1096,233,8,'2025-05-09 11:13:42',0),(3383,1096,234,7,'2025-05-09 11:13:42',0),(3384,1096,235,8,'2025-05-09 11:13:43',0),(3385,1097,225,9,'2025-05-09 11:13:43',0),(3386,1097,226,8,'2025-05-09 11:13:44',0),(3387,1097,227,7,'2025-05-09 11:13:44',0),(3388,1097,228,6,'2025-05-09 11:13:44',0),(3389,1097,230,5,'2025-05-09 11:13:46',0),(3390,1097,229,6,'2025-05-09 11:13:46',0),(3391,1097,231,7,'2025-05-09 11:13:46',0),(3392,1097,232,8,'2025-05-09 11:13:47',0),(3393,1097,233,9,'2025-05-09 11:13:47',0),(3394,1097,234,8,'2025-05-09 11:13:47',0),(3395,1097,235,7,'2025-05-09 11:13:47',0),(3396,1003,236,8,'2025-05-09 11:14:01',0),(3397,1003,237,7,'2025-05-09 11:14:01',0),(3398,1003,240,8,'2025-05-09 11:14:02',0),(3399,1003,239,9,'2025-05-09 11:14:02',0),(3400,1003,238,8,'2025-05-09 11:14:02',0),(3401,1006,236,7,'2025-05-09 11:14:03',0),(3402,1006,237,8,'2025-05-09 11:14:03',0),(3403,1006,240,9,'2025-05-09 11:14:04',0),(3404,1006,239,8,'2025-05-09 11:14:04',0),(3405,1006,238,7,'2025-05-09 11:14:04',0),(3406,1008,236,8,'2025-05-09 11:14:05',0),(3407,1008,237,9,'2025-05-09 11:14:05',0),(3408,1008,240,8,'2025-05-09 11:14:05',0),(3409,1008,239,7,'2025-05-09 11:14:06',0),(3410,1008,238,6,'2025-05-09 11:14:06',0),(3411,1009,236,7,'2025-05-09 11:14:07',0),(3412,1009,237,8,'2025-05-09 11:14:07',0),(3413,1009,240,7,'2025-05-09 11:14:07',0),(3414,1009,239,6,'2025-05-09 11:14:08',0),(3415,1009,238,7,'2025-05-09 11:14:08',0),(3416,1012,236,8,'2025-05-09 11:14:08',0),(3417,1012,237,7,'2025-05-09 11:14:09',0),(3418,1012,240,8,'2025-05-09 11:14:09',0),(3419,1012,239,9,'2025-05-09 11:14:09',0),(3420,1012,238,8,'2025-05-09 11:14:10',0),(3421,1015,236,7,'2025-05-09 11:14:10',0),(3422,1015,237,6,'2025-05-09 11:14:10',0),(3423,1015,240,7,'2025-05-09 11:14:11',0),(3424,1015,239,8,'2025-05-09 11:14:11',0),(3425,1015,238,7,'2025-05-09 11:14:12',0),(3426,1017,236,6,'2025-05-09 11:14:12',0),(3427,1017,237,7,'2025-05-09 11:14:12',0),(3428,1017,240,8,'2025-05-09 11:14:13',0),(3429,1017,239,7,'2025-05-09 11:14:13',0),(3430,1017,238,8,'2025-05-09 11:14:14',0),(3431,1021,236,7,'2025-05-09 11:14:14',0),(3432,1021,237,9,'2025-05-09 11:14:15',0),(3433,1021,240,7,'2025-05-09 11:14:15',0),(3434,1021,239,8,'2025-05-09 11:14:16',0),(3435,1021,238,7,'2025-05-09 11:14:16',0),(3436,1025,236,6,'2025-05-09 11:14:17',0),(3437,1025,237,7,'2025-05-09 11:14:17',0),(3438,1025,240,8,'2025-05-09 11:14:17',0),(3439,1025,239,9,'2025-05-09 11:14:18',0),(3440,1025,238,8,'2025-05-09 11:14:18',0),(3441,1027,236,7,'2025-05-09 11:14:18',0),(3442,1027,237,6,'2025-05-09 11:14:19',0),(3443,1027,240,7,'2025-05-09 11:14:19',0),(3444,1027,239,8,'2025-05-09 11:14:20',0),(3445,1027,238,7,'2025-05-09 11:14:20',0),(3446,1029,236,6,'2025-05-09 11:14:20',0),(3447,1029,237,7,'2025-05-09 11:14:21',0),(3448,1029,240,8,'2025-05-09 11:14:21',0),(3449,1029,239,7,'2025-05-09 11:14:21',0),(3450,1029,238,6,'2025-05-09 11:14:22',0),(3451,1030,236,7,'2025-05-09 11:14:22',0),(3452,1030,237,8,'2025-05-09 11:14:23',0),(3453,1030,240,7,'2025-05-09 11:14:23',0),(3454,1030,239,6,'2025-05-09 11:14:23',0),(3455,1030,238,7,'2025-05-09 11:14:24',0),(3456,1032,236,8,'2025-05-09 11:14:24',0),(3457,1032,237,7,'2025-05-09 11:14:25',0),(3458,1032,240,6,'2025-05-09 11:14:25',0),(3459,1032,239,5,'2025-05-09 11:14:25',0),(3460,1032,238,6,'2025-05-09 11:14:26',0),(3461,1041,236,7,'2025-05-09 11:14:26',0),(3462,1041,237,8,'2025-05-09 11:14:26',0),(3463,1041,240,9,'2025-05-09 11:14:27',0),(3464,1041,239,8,'2025-05-09 11:14:27',0),(3465,1041,238,7,'2025-05-09 11:14:27',0),(3466,1043,236,6,'2025-05-09 11:14:28',0),(3467,1043,237,5,'2025-05-09 11:14:28',0),(3468,1043,240,4,'2025-05-09 11:14:29',0),(3469,1043,239,5,'2025-05-09 11:14:29',0),(3470,1043,238,6,'2025-05-09 11:14:29',0),(3471,1057,236,7,'2025-05-09 11:14:30',0),(3472,1057,237,8,'2025-05-09 11:14:30',0),(3473,1057,240,9,'2025-05-09 11:14:30',0),(3474,1057,239,8,'2025-05-09 11:14:31',0),(3475,1057,238,7,'2025-05-09 11:14:31',0),(3476,1059,236,6,'2025-05-09 11:14:32',0),(3477,1059,237,7,'2025-05-09 11:14:32',0),(3478,1059,240,8,'2025-05-09 11:14:32',0),(3479,1059,239,7,'2025-05-09 11:14:33',0),(3480,1059,238,6,'2025-05-09 11:14:33',0),(3481,1060,236,7,'2025-05-09 11:14:33',0),(3482,1060,237,8,'2025-05-09 11:14:34',0),(3483,1060,240,7,'2025-05-09 11:14:34',0),(3484,1060,239,8,'2025-05-09 11:14:34',0),(3485,1060,238,7,'2025-05-09 11:14:35',0),(3486,1073,236,8,'2025-05-09 11:14:35',0),(3487,1073,237,7,'2025-05-09 11:14:36',0),(3488,1073,240,6,'2025-05-09 11:14:36',0),(3489,1073,239,5,'2025-05-09 11:14:36',0),(3490,1073,238,6,'2025-05-09 11:14:37',0),(3491,1081,236,7,'2025-05-09 11:14:37',0),(3492,1081,237,6,'2025-05-09 11:14:37',0),(3493,1081,240,5,'2025-05-09 11:14:38',0),(3494,1081,239,6,'2025-05-09 11:14:38',0),(3495,1081,238,7,'2025-05-09 11:14:39',0),(3496,1090,236,6,'2025-05-09 11:14:39',0),(3497,1090,237,5,'2025-05-09 11:14:39',0),(3498,1090,240,6,'2025-05-09 11:14:40',0),(3499,1090,239,7,'2025-05-09 11:14:40',0),(3500,1090,238,6,'2025-05-09 11:14:40',0),(3501,1091,236,7,'2025-05-09 11:14:41',0),(3502,1091,237,6,'2025-05-09 11:14:41',0),(3503,1091,240,7,'2025-05-09 11:14:41',0),(3504,1091,239,6,'2025-05-09 11:14:42',0),(3505,1091,238,7,'2025-05-09 11:14:42',0),(3506,1092,236,6,'2025-05-09 11:14:42',0),(3507,1092,237,7,'2025-05-09 11:14:43',0),(3508,1092,240,8,'2025-05-09 11:14:43',0),(3509,1092,239,7,'2025-05-09 11:14:44',0),(3510,1092,238,6,'2025-05-09 11:14:44',0),(3511,1093,236,7,'2025-05-09 11:14:44',0),(3512,1093,237,6,'2025-05-09 11:14:45',0),(3513,1093,240,5,'2025-05-09 11:14:45',0),(3514,1093,239,6,'2025-05-09 11:14:45',0),(3515,1093,238,7,'2025-05-09 11:14:46',0),(3516,1094,236,6,'2025-05-09 11:14:46',0),(3517,1094,237,5,'2025-05-09 11:14:46',0),(3518,1094,240,6,'2025-05-09 11:14:47',0),(3519,1094,239,7,'2025-05-09 11:14:47',0),(3520,1094,238,8,'2025-05-09 11:14:47',0),(3521,1095,236,7,'2025-05-09 11:14:48',0),(3522,1095,237,6,'2025-05-09 11:14:48',0),(3523,1095,240,7,'2025-05-09 11:14:48',0),(3524,1095,239,8,'2025-05-09 11:14:49',0),(3525,1095,238,7,'2025-05-09 11:14:49',0),(3526,1096,236,6,'2025-05-09 11:14:50',0),(3527,1096,237,7,'2025-05-09 11:14:50',0),(3528,1096,240,8,'2025-05-09 11:14:50',0),(3529,1096,239,7,'2025-05-09 11:14:50',0),(3530,1096,238,6,'2025-05-09 11:14:51',0),(3531,1097,236,7,'2025-05-09 11:14:51',0),(3532,1097,237,8,'2025-05-09 11:14:51',0),(3533,1097,240,7,'2025-05-09 11:14:52',0),(3534,1097,239,6,'2025-05-09 11:14:52',0),(3535,1097,238,8,'2025-05-09 11:14:55',0),(3536,1003,241,7,'2025-05-09 11:15:07',0),(3537,1003,242,9,'2025-05-09 11:15:14',0),(3538,1006,241,7,'2025-05-09 11:15:15',0),(3539,1006,242,6,'2025-05-09 11:15:16',0),(3540,1008,241,7,'2025-05-09 11:15:16',0),(3541,1008,242,8,'2025-05-09 11:15:17',0),(3542,1009,241,7,'2025-05-09 11:15:17',0),(3543,1009,242,6,'2025-05-09 11:15:18',0),(3544,1012,241,5,'2025-05-09 11:15:18',0),(3545,1012,242,6,'2025-05-09 11:15:18',0),(3546,1015,241,7,'2025-05-09 11:15:19',0),(3547,1015,242,8,'2025-05-09 11:15:19',0),(3548,1017,241,7,'2025-05-09 11:15:19',0),(3549,1017,242,6,'2025-05-09 11:15:20',0),(3550,1021,241,5,'2025-05-09 11:15:20',0),(3551,1021,242,4,'2025-05-09 11:15:20',0),(3552,1025,241,5,'2025-05-09 11:15:21',0),(3553,1025,242,6,'2025-05-09 11:15:21',0),(3554,1027,241,7,'2025-05-09 11:15:21',0),(3555,1027,242,8,'2025-05-09 11:15:22',0),(3556,1029,241,7,'2025-05-09 11:15:22',0),(3557,1029,242,6,'2025-05-09 11:15:22',0),(3558,1030,241,7,'2025-05-09 11:15:23',0),(3559,1030,242,8,'2025-05-09 11:15:23',0),(3560,1032,241,7,'2025-05-09 11:15:23',0),(3561,1032,242,6,'2025-05-09 11:15:24',0),(3562,1041,241,5,'2025-05-09 11:15:24',0),(3563,1041,242,6,'2025-05-09 11:15:24',0),(3564,1043,241,7,'2025-05-09 11:15:25',0),(3565,1043,242,8,'2025-05-09 11:15:25',0),(3566,1057,241,7,'2025-05-09 11:15:25',0),(3567,1057,242,6,'2025-05-09 11:15:26',0),(3568,1059,241,5,'2025-05-09 11:15:26',0),(3569,1059,242,6,'2025-05-09 11:15:26',0),(3570,1060,241,7,'2025-05-09 11:15:27',0),(3571,1060,242,6,'2025-05-09 11:15:27',0),(3572,1073,241,7,'2025-05-09 11:15:27',0),(3573,1073,242,6,'2025-05-09 11:15:28',0),(3574,1081,241,7,'2025-05-09 11:15:28',0),(3575,1081,242,6,'2025-05-09 11:15:28',0),(3576,1090,241,7,'2025-05-09 11:15:29',0),(3577,1090,242,5,'2025-05-09 11:15:29',0),(3578,1091,241,7,'2025-05-09 11:15:29',0),(3579,1091,242,6,'2025-05-09 11:15:30',0),(3580,1092,241,7,'2025-05-09 11:15:30',0),(3581,1092,242,6,'2025-05-09 11:15:30',0),(3582,1093,241,7,'2025-05-09 11:15:31',0),(3583,1093,242,6,'2025-05-09 11:15:31',0),(3584,1094,241,7,'2025-05-09 11:15:31',0),(3585,1094,242,6,'2025-05-09 11:15:32',0),(3586,1095,241,7,'2025-05-09 11:15:32',0),(3587,1095,242,6,'2025-05-09 11:15:32',0),(3588,1096,241,7,'2025-05-09 11:15:33',0),(3589,1096,242,6,'2025-05-09 11:15:33',0),(3590,1097,241,7,'2025-05-09 11:15:33',0),(3591,1097,242,6,'2025-05-09 11:15:33',0),(3592,1003,245,7,'2025-05-09 11:15:46',0),(3593,1003,243,8,'2025-05-09 11:15:46',0),(3594,1003,244,8,'2025-05-09 11:15:49',0),(3595,1006,245,7,'2025-05-09 11:15:49',0),(3596,1006,243,6,'2025-05-09 11:15:49',0),(3597,1006,244,5,'2025-05-09 11:15:50',0),(3598,1008,245,7,'2025-05-09 11:15:50',0),(3599,1008,243,8,'2025-05-09 11:15:50',0),(3600,1008,244,9,'2025-05-09 11:15:51',0),(3601,1009,245,8,'2025-05-09 11:15:51',0),(3602,1009,243,7,'2025-05-09 11:15:51',0),(3603,1009,244,6,'2025-05-09 11:15:52',0),(3604,1012,245,7,'2025-05-09 11:15:52',0),(3605,1012,243,8,'2025-05-09 11:15:52',0),(3606,1012,244,9,'2025-05-09 11:15:53',0),(3607,1015,245,8,'2025-05-09 11:15:53',0),(3608,1015,243,7,'2025-05-09 11:15:53',0),(3609,1015,244,6,'2025-05-09 11:15:54',0),(3610,1017,245,7,'2025-05-09 11:15:54',0),(3611,1017,243,8,'2025-05-09 11:15:54',0),(3612,1017,244,9,'2025-05-09 11:15:55',0),(3613,1021,245,8,'2025-05-09 11:15:55',0),(3614,1021,243,7,'2025-05-09 11:15:56',0),(3615,1021,244,6,'2025-05-09 11:15:56',0),(3616,1025,245,5,'2025-05-09 11:15:56',0),(3617,1025,243,6,'2025-05-09 11:15:57',0),(3618,1025,244,7,'2025-05-09 11:15:57',0),(3619,1027,245,8,'2025-05-09 11:15:57',0),(3620,1027,243,7,'2025-05-09 11:15:58',0),(3621,1027,244,6,'2025-05-09 11:15:58',0),(3622,1029,245,5,'2025-05-09 11:15:59',0),(3623,1029,243,6,'2025-05-09 11:15:59',0),(3624,1029,244,7,'2025-05-09 11:15:59',0),(3625,1030,245,8,'2025-05-09 11:16:00',0),(3626,1030,243,9,'2025-05-09 11:16:00',0),(3627,1030,244,7,'2025-05-09 11:16:01',0),(3628,1032,245,8,'2025-05-09 11:16:02',0),(3629,1032,243,7,'2025-05-09 11:16:02',0),(3630,1032,244,6,'2025-05-09 11:16:02',0),(3631,1041,245,7,'2025-05-09 11:16:03',0),(3632,1041,243,8,'2025-05-09 11:16:03',0),(3633,1041,244,9,'2025-05-09 11:16:03',0),(3634,1043,245,8,'2025-05-09 11:16:04',0),(3635,1043,243,7,'2025-05-09 11:16:04',0),(3636,1043,244,6,'2025-05-09 11:16:04',0),(3637,1057,245,7,'2025-05-09 11:16:05',0),(3638,1057,243,8,'2025-05-09 11:16:05',0),(3639,1057,244,9,'2025-05-09 11:16:05',0),(3640,1059,245,8,'2025-05-09 11:16:06',0),(3641,1059,243,7,'2025-05-09 11:16:06',0),(3642,1059,244,6,'2025-05-09 11:16:06',0),(3643,1060,245,7,'2025-05-09 11:16:07',0),(3644,1060,243,6,'2025-05-09 11:16:07',0),(3645,1060,244,7,'2025-05-09 11:16:07',0),(3646,1073,245,6,'2025-05-09 11:16:08',0),(3647,1073,243,7,'2025-05-09 11:16:08',0),(3648,1073,244,8,'2025-05-09 11:16:08',0),(3649,1081,245,7,'2025-05-09 11:16:09',0),(3650,1081,243,6,'2025-05-09 11:16:09',0),(3651,1081,244,7,'2025-05-09 11:16:09',0),(3652,1090,245,8,'2025-05-09 11:16:10',0),(3653,1090,243,7,'2025-05-09 11:16:10',0),(3654,1090,244,6,'2025-05-09 11:16:10',0),(3655,1091,245,7,'2025-05-09 11:16:11',0),(3656,1091,243,8,'2025-05-09 11:16:11',0),(3657,1091,244,9,'2025-05-09 11:16:14',0),(3658,1092,245,8,'2025-05-09 11:16:15',0),(3659,1092,243,7,'2025-05-09 11:16:15',0),(3660,1092,244,6,'2025-05-09 11:16:16',0),(3661,1093,245,5,'2025-05-09 11:16:16',0),(3662,1093,243,4,'2025-05-09 11:16:17',0),(3663,1093,244,7,'2025-05-09 11:16:17',0),(3664,1094,245,8,'2025-05-09 11:16:18',0),(3665,1094,243,9,'2025-05-09 11:16:18',0),(3666,1094,244,8,'2025-05-09 11:16:18',0),(3667,1095,245,7,'2025-05-09 11:16:19',0),(3668,1095,243,6,'2025-05-09 11:16:19',0),(3669,1095,244,5,'2025-05-09 11:16:20',0),(3670,1096,245,6,'2025-05-09 11:16:20',0),(3671,1096,243,7,'2025-05-09 11:16:20',0),(3672,1096,244,8,'2025-05-09 11:16:21',0),(3673,1097,245,7,'2025-05-09 11:16:21',0),(3674,1097,243,6,'2025-05-09 11:16:22',0),(3675,1097,244,7,'2025-05-09 11:16:22',0);

/*Table structure for table `tbl_student_semester_score` */

DROP TABLE IF EXISTS `tbl_student_semester_score`;

CREATE TABLE `tbl_student_semester_score` (
  `student_semester_score_id` int(10) unsigned NOT NULL AUTO_INCREMENT,
  `student_id` int(10) unsigned NOT NULL,
  `semester_exam_subject_id` int(11) NOT NULL,
  `score` float NOT NULL,
  `create_date` timestamp NOT NULL DEFAULT current_timestamp(),
  `isDeleted` int(2) DEFAULT 0,
  PRIMARY KEY (`student_semester_score_id`),
  KEY `student_id` (`student_id`),
  KEY `semester_exam_subject_id` (`semester_exam_subject_id`),
  KEY `idx_student_semester` (`student_id`,`semester_exam_subject_id`,`isDeleted`),
  CONSTRAINT `semester_exam_subject_id` FOREIGN KEY (`semester_exam_subject_id`) REFERENCES `tbl_semester_exam_subjects` (`id`) ON DELETE CASCADE,
  CONSTRAINT `tbl_student_semester_score_ibfk_1` FOREIGN KEY (`student_id`) REFERENCES `tbl_student_info` (`student_id`) ON DELETE CASCADE
) ENGINE=InnoDB AUTO_INCREMENT=656 DEFAULT CHARSET=utf8mb4 COLLATE=utf8mb4_general_ci;

/*Data for the table `tbl_student_semester_score` */

insert  into `tbl_student_semester_score`(`student_semester_score_id`,`student_id`,`semester_exam_subject_id`,`score`,`create_date`,`isDeleted`) values (208,1003,87,8,'2025-05-09 08:38:58',0),(209,1003,88,7,'2025-05-09 08:38:58',0),(210,1003,89,8,'2025-05-09 08:39:00',0),(211,1003,90,7,'2025-05-09 08:39:00',0),(212,1003,91,6,'2025-05-09 08:39:01',0),(213,1003,92,8,'2025-05-09 08:39:02',0),(214,1003,93,9,'2025-05-09 08:40:38',0),(215,1003,94,8,'2025-05-09 08:41:45',0),(216,1003,95,8,'2025-05-09 08:42:44',0),(217,1003,96,8,'2025-05-09 08:43:28',0),(218,1003,97,8,'2025-05-09 08:43:45',0),(219,1003,98,8,'2025-05-09 08:43:48',0),(220,1006,87,9,'2025-05-09 09:06:40',0),(221,1006,88,8,'2025-05-09 09:06:48',0),(222,1006,89,8,'2025-05-09 09:06:49',0),(223,1006,90,9,'2025-05-09 09:06:50',0),(224,1006,91,8,'2025-05-09 09:06:51',0),(225,1006,92,7,'2025-05-09 09:06:52',0),(226,1006,93,8,'2025-05-09 09:06:52',0),(227,1006,94,9,'2025-05-09 09:06:53',0),(228,1006,95,8,'2025-05-09 09:06:53',0),(229,1006,96,7,'2025-05-09 09:06:53',0),(230,1006,97,8,'2025-05-09 09:06:54',0),(231,1006,98,9,'2025-05-09 09:06:54',0),(232,1008,87,8,'2025-05-09 09:06:55',0),(233,1008,88,7,'2025-05-09 09:06:55',0),(234,1008,89,8,'2025-05-09 09:06:55',0),(235,1008,90,9,'2025-05-09 09:06:57',0),(236,1008,91,6,'2025-05-09 09:06:58',0),(237,1008,93,7,'2025-05-09 09:06:58',0),(238,1008,92,5,'2025-05-09 09:06:59',0),(239,1008,94,5,'2025-05-09 09:07:00',0),(240,1008,95,6,'2025-05-09 09:07:00',0),(241,1008,96,4,'2025-05-09 09:07:01',0),(242,1008,97,6,'2025-05-09 09:07:01',0),(243,1008,98,8,'2025-05-09 09:07:02',0),(244,1009,87,9,'2025-05-09 09:07:04',0),(245,1009,88,8,'2025-05-09 09:07:04',0),(246,1009,89,7,'2025-05-09 09:07:04',0),(247,1009,90,6,'2025-05-09 09:07:04',0),(248,1009,91,7,'2025-05-09 09:07:05',0),(249,1009,92,8,'2025-05-09 09:07:06',0),(250,1009,93,7,'2025-05-09 09:07:06',0),(251,1009,94,6,'2025-05-09 09:07:06',0),(252,1009,95,7,'2025-05-09 09:07:08',0),(253,1009,96,8,'2025-05-09 09:07:10',0),(254,1009,97,6,'2025-05-09 09:07:10',0),(255,1009,98,7,'2025-05-09 09:07:10',0),(256,1012,87,8,'2025-05-09 09:07:10',0),(257,1012,88,7,'2025-05-09 09:07:10',0),(258,1012,89,8,'2025-05-09 09:07:10',0),(259,1012,90,7,'2025-05-09 09:07:11',0),(260,1012,91,8,'2025-05-09 09:07:11',0),(261,1012,92,7,'2025-05-09 09:07:12',0),(262,1012,93,8,'2025-05-09 09:07:12',0),(263,1012,94,7,'2025-05-09 09:07:15',0),(264,1012,95,6,'2025-05-09 09:07:20',0),(265,1012,96,5,'2025-05-09 09:07:20',0),(266,1012,97,6,'2025-05-09 09:07:20',0),(267,1012,98,7,'2025-05-09 09:07:20',0),(268,1015,87,8,'2025-05-09 09:07:20',0),(269,1015,88,7,'2025-05-09 09:07:20',0),(270,1015,89,8,'2025-05-09 09:07:20',0),(271,1015,90,7,'2025-05-09 09:07:20',0),(272,1015,91,6,'2025-05-09 09:07:20',0),(273,1015,92,5,'2025-05-09 09:07:20',0),(274,1015,93,6,'2025-05-09 09:07:20',0),(275,1015,94,7,'2025-05-09 09:07:21',0),(276,1015,95,6,'2025-05-09 09:07:21',0),(277,1015,96,7,'2025-05-09 09:07:21',0),(278,1015,97,6,'2025-05-09 09:07:21',0),(279,1015,98,5,'2025-05-09 09:07:21',0),(280,1017,87,6,'2025-05-09 09:07:21',0),(281,1017,88,7,'2025-05-09 09:07:21',0),(282,1017,89,6,'2025-05-09 09:07:21',0),(283,1017,90,5,'2025-05-09 09:07:21',0),(284,1017,91,9,'2025-05-09 09:07:57',0),(285,1017,92,9,'2025-05-09 09:07:58',0),(286,1017,93,8,'2025-05-09 09:08:00',0),(287,1017,94,6,'2025-05-09 09:08:01',0),(288,1017,95,8,'2025-05-09 09:08:01',0),(289,1017,96,7,'2025-05-09 09:08:02',0),(290,1017,97,8,'2025-05-09 09:08:02',0),(291,1017,98,7,'2025-05-09 09:08:03',0),(292,1021,87,9,'2025-05-09 09:08:04',0),(293,1021,88,9,'2025-05-09 09:08:05',0),(294,1021,89,9,'2025-05-09 09:08:06',0),(295,1021,90,9,'2025-05-09 09:08:07',0),(296,1021,91,9,'2025-05-09 09:08:07',0),(297,1021,92,9,'2025-05-09 09:08:08',0),(298,1021,93,8,'2025-05-09 09:08:08',0),(299,1021,94,9,'2025-05-09 09:08:09',0),(300,1021,95,9,'2025-05-09 09:08:09',0),(301,1021,96,8,'2025-05-09 09:08:16',0),(302,1021,97,9,'2025-05-09 09:08:16',0),(303,1021,98,9,'2025-05-09 09:08:17',0),(304,1025,87,9,'2025-05-09 09:08:34',0),(305,1025,88,8,'2025-05-09 09:08:35',0),(306,1025,89,8,'2025-05-09 09:08:36',0),(307,1025,90,7,'2025-05-09 09:08:38',0),(308,1025,91,8,'2025-05-09 09:08:38',0),(309,1025,92,7,'2025-05-09 09:08:38',0),(310,1025,93,6,'2025-05-09 09:08:39',0),(311,1025,94,7,'2025-05-09 09:08:39',0),(312,1025,95,8,'2025-05-09 09:08:40',0),(313,1025,96,7,'2025-05-09 09:08:40',0),(314,1025,97,6,'2025-05-09 09:08:41',0),(315,1025,98,8,'2025-05-09 09:08:41',0),(316,1027,87,7,'2025-05-09 09:08:43',0),(317,1027,88,9,'2025-05-09 09:08:43',0),(318,1027,89,8,'2025-05-09 09:08:43',0),(319,1027,90,7,'2025-05-09 09:08:43',0),(320,1027,91,6,'2025-05-09 09:08:43',0),(321,1027,92,7,'2025-05-09 09:08:44',0),(322,1027,93,8,'2025-05-09 09:08:44',0),(323,1027,94,7,'2025-05-09 09:08:46',0),(324,1027,95,6,'2025-05-09 09:08:47',0),(325,1027,96,8,'2025-05-09 09:08:47',0),(326,1027,97,9,'2025-05-09 09:08:47',0),(327,1027,98,7,'2025-05-09 09:08:48',0),(328,1029,87,8,'2025-05-09 09:08:48',0),(329,1029,88,7,'2025-05-09 09:08:49',0),(330,1029,89,8,'2025-05-09 09:08:50',0),(331,1029,90,7,'2025-05-09 09:08:50',0),(332,1029,91,6,'2025-05-09 09:08:51',0),(333,1029,92,7,'2025-05-09 09:08:51',0),(334,1029,93,8,'2025-05-09 09:08:53',0),(335,1029,94,9,'2025-05-09 09:08:53',0),(336,1029,95,8,'2025-05-09 09:08:53',0),(337,1029,96,7,'2025-05-09 09:08:53',0),(338,1029,97,6,'2025-05-09 09:08:53',0),(339,1029,98,7,'2025-05-09 09:08:56',0),(340,1030,87,8,'2025-05-09 09:08:56',0),(341,1030,88,9,'2025-05-09 09:08:56',0),(342,1030,89,8,'2025-05-09 09:08:56',0),(343,1030,90,7,'2025-05-09 09:08:56',0),(344,1030,91,6,'2025-05-09 09:08:57',0),(345,1030,92,5,'2025-05-09 09:08:58',0),(346,1030,93,6,'2025-05-09 09:08:59',0),(347,1030,94,7,'2025-05-09 09:08:59',0),(348,1030,95,6,'2025-05-09 09:09:00',0),(349,1030,96,7,'2025-05-09 09:09:00',0),(350,1030,97,6,'2025-05-09 09:09:00',0),(351,1030,98,8,'2025-05-09 09:09:02',0),(352,1032,87,7,'2025-05-09 09:09:02',0),(353,1032,88,6,'2025-05-09 09:09:02',0),(354,1032,89,5,'2025-05-09 09:09:02',0),(355,1032,90,6,'2025-05-09 09:09:03',0),(356,1032,91,7,'2025-05-09 09:09:03',0),(357,1032,92,6,'2025-05-09 09:09:04',0),(358,1032,93,5,'2025-05-09 09:09:04',0),(359,1032,94,7,'2025-05-09 09:09:06',0),(360,1032,95,8,'2025-05-09 09:09:06',0),(361,1032,96,6,'2025-05-09 09:09:06',0),(362,1032,97,7,'2025-05-09 09:09:06',0),(363,1032,98,8,'2025-05-09 09:09:09',0),(364,1041,87,7,'2025-05-09 09:09:09',0),(365,1041,88,6,'2025-05-09 09:09:09',0),(366,1041,89,7,'2025-05-09 09:09:09',0),(367,1041,90,8,'2025-05-09 09:09:09',0),(368,1041,91,7,'2025-05-09 09:09:09',0),(369,1041,92,6,'2025-05-09 09:09:12',0),(370,1041,93,7,'2025-05-09 09:09:12',0),(371,1041,94,8,'2025-05-09 09:09:12',0),(372,1041,95,7,'2025-05-09 09:09:12',0),(373,1041,96,8,'2025-05-09 09:09:12',0),(374,1041,97,9,'2025-05-09 09:09:12',0),(375,1041,98,8,'2025-05-09 09:09:13',0),(376,1043,87,7,'2025-05-09 09:09:14',0),(377,1043,88,6,'2025-05-09 09:09:14',0),(378,1043,89,7,'2025-05-09 09:09:14',0),(379,1043,90,8,'2025-05-09 09:09:15',0),(380,1043,91,7,'2025-05-09 09:09:15',0),(381,1043,92,8,'2025-05-09 09:09:15',0),(382,1043,93,7,'2025-05-09 09:09:18',0),(383,1043,94,8,'2025-05-09 09:09:18',0),(384,1043,95,6,'2025-05-09 09:09:18',0),(385,1043,96,7,'2025-05-09 09:09:19',0),(386,1043,97,8,'2025-05-09 09:09:19',0),(387,1043,98,7,'2025-05-09 09:09:19',0),(388,1057,87,6,'2025-05-09 09:09:19',0),(389,1057,88,7,'2025-05-09 09:09:19',0),(390,1057,89,8,'2025-05-09 09:09:19',0),(391,1057,90,7,'2025-05-09 09:09:20',0),(392,1057,91,6,'2025-05-09 09:09:20',0),(393,1057,92,7,'2025-05-09 09:09:23',0),(394,1057,93,8,'2025-05-09 09:09:23',0),(395,1057,94,7,'2025-05-09 09:09:23',0),(396,1057,95,8,'2025-05-09 09:09:23',0),(397,1057,96,7,'2025-05-09 09:09:24',0),(398,1057,97,8,'2025-05-09 09:09:24',0),(399,1057,98,7,'2025-05-09 09:09:24',0),(400,1059,88,7,'2025-05-09 09:09:28',0),(401,1059,89,8,'2025-05-09 09:09:28',0),(402,1059,87,6,'2025-05-09 09:09:28',0),(403,1059,90,7,'2025-05-09 09:09:28',0),(404,1059,91,6,'2025-05-09 09:09:28',0),(405,1059,92,7,'2025-05-09 09:09:28',0),(406,1059,93,8,'2025-05-09 09:09:29',0),(407,1059,94,7,'2025-05-09 09:09:29',0),(408,1059,95,6,'2025-05-09 09:09:29',0),(409,1059,96,7,'2025-05-09 09:09:29',0),(410,1059,97,8,'2025-05-09 09:09:29',0),(411,1059,98,7,'2025-05-09 09:09:29',0),(412,1060,87,6,'2025-05-09 09:09:32',0),(413,1060,88,7,'2025-05-09 09:09:32',0),(414,1060,89,8,'2025-05-09 09:09:32',0),(415,1060,90,7,'2025-05-09 09:09:32',0),(416,1060,91,6,'2025-05-09 09:09:32',0),(417,1060,92,7,'2025-05-09 09:09:32',0),(418,1060,93,8,'2025-05-09 09:09:33',0),(419,1060,94,7,'2025-05-09 09:09:35',0),(420,1060,95,6,'2025-05-09 09:09:35',0),(421,1060,96,7,'2025-05-09 09:09:35',0),(422,1060,97,8,'2025-05-09 09:09:37',0),(423,1060,98,7,'2025-05-09 09:09:37',0),(424,1073,87,8,'2025-05-09 09:09:37',0),(425,1073,88,7,'2025-05-09 09:09:37',0),(426,1073,89,8,'2025-05-09 09:09:37',0),(427,1073,90,7,'2025-05-09 09:09:37',0),(428,1073,91,6,'2025-05-09 09:09:38',0),(429,1073,92,7,'2025-05-09 09:09:38',0),(430,1073,93,8,'2025-05-09 09:09:38',0),(431,1073,94,7,'2025-05-09 09:09:39',0),(432,1073,95,7,'2025-05-09 09:09:39',0),(433,1073,96,7,'2025-05-09 09:09:44',0),(434,1073,97,8,'2025-05-09 09:09:46',0),(435,1073,98,9,'2025-05-09 09:09:46',0),(436,1081,87,8,'2025-05-09 09:09:46',0),(437,1081,88,7,'2025-05-09 09:09:47',0),(438,1081,89,8,'2025-05-09 09:09:47',0),(439,1081,90,7,'2025-05-09 09:09:49',0),(440,1081,91,8,'2025-05-09 09:09:49',0),(441,1081,92,9,'2025-05-09 09:09:49',0),(442,1081,93,7,'2025-05-09 09:09:49',0),(443,1081,94,8,'2025-05-09 09:09:51',0),(444,1081,95,7,'2025-05-09 09:09:51',0),(445,1081,96,8,'2025-05-09 09:09:51',0),(446,1081,97,7,'2025-05-09 09:09:52',0),(447,1081,98,8,'2025-05-09 09:09:54',0),(448,1090,87,9,'2025-05-09 09:09:54',0),(449,1090,88,7,'2025-05-09 09:09:54',0),(450,1090,89,8,'2025-05-09 09:09:54',0),(451,1090,90,7,'2025-05-09 09:09:55',0),(452,1090,91,8,'2025-05-09 09:09:55',0),(453,1090,92,7,'2025-05-09 09:09:55',0),(454,1090,93,8,'2025-05-09 09:09:59',0),(455,1090,94,7,'2025-05-09 09:09:59',0),(456,1090,95,8,'2025-05-09 09:09:59',0),(457,1090,96,9,'2025-05-09 09:09:59',0),(458,1090,97,8,'2025-05-09 09:10:00',0),(459,1090,98,7,'2025-05-09 09:10:00',0),(460,1091,87,8,'2025-05-09 09:10:00',0),(461,1091,88,7,'2025-05-09 09:10:00',0),(462,1091,89,8,'2025-05-09 09:10:00',0),(463,1091,90,7,'2025-05-09 09:10:00',0),(464,1091,91,8,'2025-05-09 09:10:01',0),(465,1091,92,7,'2025-05-09 09:10:01',0),(466,1091,93,8,'2025-05-09 09:10:01',0),(467,1091,94,7,'2025-05-09 09:10:04',0),(468,1091,95,8,'2025-05-09 09:10:06',0),(469,1091,96,7,'2025-05-09 09:10:06',0),(470,1091,97,8,'2025-05-09 09:10:06',0),(471,1091,98,7,'2025-05-09 09:10:06',0),(472,1092,87,8,'2025-05-09 09:10:06',0),(473,1092,88,7,'2025-05-09 09:10:06',0),(474,1092,89,8,'2025-05-09 09:10:06',0),(475,1092,90,7,'2025-05-09 09:10:06',0),(476,1092,91,8,'2025-05-09 09:10:06',0),(477,1092,92,7,'2025-05-09 09:10:06',0),(478,1092,93,8,'2025-05-09 09:10:10',0),(479,1092,94,7,'2025-05-09 09:10:10',0),(480,1092,95,8,'2025-05-09 09:10:10',0),(481,1092,96,7,'2025-05-09 09:10:10',0),(482,1092,97,8,'2025-05-09 09:10:10',0),(483,1092,98,7,'2025-05-09 09:10:10',0),(484,1093,87,6,'2025-05-09 09:10:10',0),(485,1093,88,7,'2025-05-09 09:10:10',0),(486,1093,89,8,'2025-05-09 09:10:10',0),(487,1093,90,6,'2025-05-09 09:10:11',0),(488,1093,91,7,'2025-05-09 09:10:12',0),(489,1093,92,8,'2025-05-09 09:10:12',0),(490,1093,93,7,'2025-05-09 09:10:12',0),(491,1093,94,6,'2025-05-09 09:10:15',0),(492,1093,95,7,'2025-05-09 09:10:15',0),(493,1093,96,6,'2025-05-09 09:10:15',0),(494,1093,97,7,'2025-05-09 09:10:15',0),(495,1093,98,6,'2025-05-09 09:10:15',0),(496,1094,87,8,'2025-05-09 09:10:15',0),(497,1094,88,7,'2025-05-09 09:10:16',0),(498,1094,89,8,'2025-05-09 09:10:16',0),(499,1094,90,7,'2025-05-09 09:10:16',0),(500,1094,91,6,'2025-05-09 09:10:18',0),(501,1094,92,7,'2025-05-09 09:10:18',0),(502,1094,93,8,'2025-05-09 09:10:19',0),(503,1094,94,7,'2025-05-09 09:10:20',0),(504,1094,95,8,'2025-05-09 09:10:21',0),(505,1094,96,7,'2025-05-09 09:10:21',0),(506,1094,97,8,'2025-05-09 09:10:21',0),(507,1094,98,7,'2025-05-09 09:10:21',0),(508,1095,87,6,'2025-05-09 09:10:21',0),(509,1095,88,8,'2025-05-09 09:10:23',0),(510,1095,89,7,'2025-05-09 09:10:23',0),(511,1095,90,8,'2025-05-09 09:10:27',0),(512,1095,91,9,'2025-05-09 09:10:27',0),(513,1095,92,8,'2025-05-09 09:10:29',0),(514,1095,93,7,'2025-05-09 09:10:30',0),(515,1095,94,8,'2025-05-09 09:10:31',0),(516,1095,95,7,'2025-05-09 09:10:31',0),(517,1095,96,8,'2025-05-09 09:10:31',0),(518,1095,97,7,'2025-05-09 09:10:31',0),(519,1095,98,8,'2025-05-09 09:10:34',0),(520,1096,87,7,'2025-05-09 09:10:34',0),(521,1096,88,9,'2025-05-09 09:10:37',0),(522,1096,89,8,'2025-05-09 09:10:37',0),(523,1096,90,7,'2025-05-09 09:10:37',0),(524,1096,91,6,'2025-05-09 09:10:37',0),(525,1096,92,7,'2025-05-09 09:10:37',0),(526,1096,93,8,'2025-05-09 09:10:37',0),(527,1096,94,7,'2025-05-09 09:10:37',0),(528,1096,95,8,'2025-05-09 09:10:37',0),(529,1096,96,7,'2025-05-09 09:10:37',0),(530,1096,97,9,'2025-05-09 09:10:40',0),(531,1096,98,8,'2025-05-09 09:10:40',0),(532,1097,87,7,'2025-05-09 09:10:41',0),(533,1097,88,8,'2025-05-09 09:10:41',0),(534,1097,89,9,'2025-05-09 09:10:41',0),(535,1097,90,8,'2025-05-09 09:10:41',0),(536,1097,91,7,'2025-05-09 09:10:41',0),(537,1097,92,6,'2025-05-09 09:10:41',0),(538,1097,93,7,'2025-05-09 09:10:41',0),(539,1097,94,8,'2025-05-09 09:10:41',0),(540,1097,95,9,'2025-05-09 09:10:41',0),(541,1097,96,8,'2025-05-09 09:10:41',0),(542,1097,97,7,'2025-05-09 09:10:41',0),(543,1097,98,6,'2025-05-09 09:10:41',0),(544,1003,99,9,'2025-05-09 11:17:13',0),(545,1003,100,8,'2025-05-09 11:17:13',0),(546,1003,101,7,'2025-05-09 11:17:14',0),(547,1003,102,8,'2025-05-09 11:17:14',0),(548,1006,99,9,'2025-05-09 11:17:15',0),(549,1006,100,6,'2025-05-09 11:17:15',0),(550,1006,101,7,'2025-05-09 11:17:16',0),(551,1006,102,5,'2025-05-09 11:17:16',0),(552,1008,99,6,'2025-05-09 11:17:16',0),(553,1008,100,7,'2025-05-09 11:17:17',0),(554,1008,101,8,'2025-05-09 11:17:17',0),(555,1008,102,7,'2025-05-09 11:17:18',0),(556,1009,99,6,'2025-05-09 11:17:18',0),(557,1009,100,5,'2025-05-09 11:17:18',0),(558,1009,101,6,'2025-05-09 11:17:19',0),(559,1009,102,7,'2025-05-09 11:17:19',0),(560,1012,99,8,'2025-05-09 11:17:20',0),(561,1012,100,7,'2025-05-09 11:17:20',0),(562,1012,101,6,'2025-05-09 11:17:20',0),(563,1012,102,7,'2025-05-09 11:17:20',0),(564,1015,99,6,'2025-05-09 11:17:21',0),(565,1015,100,7,'2025-05-09 11:17:21',0),(566,1015,101,6,'2025-05-09 11:17:22',0),(567,1015,102,7,'2025-05-09 11:17:22',0),(568,1017,99,8,'2025-05-09 11:17:23',0),(569,1017,100,7,'2025-05-09 11:17:23',0),(570,1017,101,6,'2025-05-09 11:17:23',0),(571,1017,102,7,'2025-05-09 11:17:23',0),(572,1021,99,8,'2025-05-09 11:17:24',0),(573,1021,100,9,'2025-05-09 11:17:24',0),(574,1021,101,8,'2025-05-09 11:17:24',0),(575,1021,102,7,'2025-05-09 11:17:25',0),(576,1025,99,6,'2025-05-09 11:17:25',0),(577,1025,100,5,'2025-05-09 11:17:26',0),(578,1025,101,6,'2025-05-09 11:17:26',0),(579,1025,102,7,'2025-05-09 11:17:26',0),(580,1027,99,8,'2025-05-09 11:17:26',0),(581,1027,100,9,'2025-05-09 11:17:27',0),(582,1027,101,8,'2025-05-09 11:17:27',0),(583,1027,102,7,'2025-05-09 11:17:27',0),(584,1029,99,6,'2025-05-09 11:17:27',0),(585,1029,100,5,'2025-05-09 11:17:28',0),(586,1029,101,6,'2025-05-09 11:17:28',0),(587,1029,102,7,'2025-05-09 11:17:29',0),(588,1030,99,8,'2025-05-09 11:17:29',0),(589,1030,100,9,'2025-05-09 11:17:29',0),(590,1030,101,8,'2025-05-09 11:17:29',0),(591,1030,102,7,'2025-05-09 11:17:30',0),(592,1032,99,6,'2025-05-09 11:17:30',0),(593,1032,100,7,'2025-05-09 11:17:31',0),(594,1032,101,8,'2025-05-09 11:17:31',0),(595,1032,102,7,'2025-05-09 11:17:31',0),(596,1041,99,9,'2025-05-09 11:17:31',0),(597,1041,100,8,'2025-05-09 11:17:32',0),(598,1041,101,7,'2025-05-09 11:17:32',0),(599,1041,102,6,'2025-05-09 11:17:33',0),(600,1043,99,7,'2025-05-09 11:17:33',0),(601,1043,100,8,'2025-05-09 11:17:33',0),(602,1043,101,9,'2025-05-09 11:17:34',0),(603,1043,102,8,'2025-05-09 11:17:34',0),(604,1057,99,7,'2025-05-09 11:17:34',0),(605,1057,100,6,'2025-05-09 11:17:35',0),(606,1057,101,7,'2025-05-09 11:17:35',0),(607,1057,102,8,'2025-05-09 11:17:35',0),(608,1059,99,9,'2025-05-09 11:17:36',0),(609,1059,100,8,'2025-05-09 11:17:36',0),(610,1059,101,7,'2025-05-09 11:17:36',0),(611,1059,102,6,'2025-05-09 11:17:36',0),(612,1060,99,7,'2025-05-09 11:17:37',0),(613,1060,100,8,'2025-05-09 11:17:37',0),(614,1060,101,7,'2025-05-09 11:17:37',0),(615,1060,102,6,'2025-05-09 11:17:38',0),(616,1073,99,7,'2025-05-09 11:17:38',0),(617,1073,100,8,'2025-05-09 11:17:38',0),(618,1073,101,7,'2025-05-09 11:17:39',0),(619,1073,102,6,'2025-05-09 11:17:39',0),(620,1081,99,7,'2025-05-09 11:17:39',0),(621,1081,100,8,'2025-05-09 11:17:40',0),(622,1081,101,7,'2025-05-09 11:17:40',0),(623,1081,102,6,'2025-05-09 11:17:41',0),(624,1090,99,7,'2025-05-09 11:17:41',0),(625,1090,100,8,'2025-05-09 11:17:41',0),(626,1090,101,7,'2025-05-09 11:17:41',0),(627,1090,102,6,'2025-05-09 11:17:42',0),(628,1091,99,7,'2025-05-09 11:17:42',0),(629,1091,100,8,'2025-05-09 11:17:42',0),(630,1091,101,7,'2025-05-09 11:17:42',0),(631,1091,102,6,'2025-05-09 11:17:43',0),(632,1092,99,7,'2025-05-09 11:17:43',0),(633,1092,100,8,'2025-05-09 11:17:43',0),(634,1092,101,7,'2025-05-09 11:17:44',0),(635,1092,102,6,'2025-05-09 11:17:44',0),(636,1093,99,7,'2025-05-09 11:17:44',0),(637,1093,100,6,'2025-05-09 11:17:45',0),(638,1093,101,7,'2025-05-09 11:17:45',0),(639,1093,102,7,'2025-05-09 11:18:00',0),(640,1094,99,8,'2025-05-09 11:18:00',0),(641,1094,100,7,'2025-05-09 11:18:01',0),(642,1094,101,6,'2025-05-09 11:18:01',0),(643,1094,102,5,'2025-05-09 11:18:01',0),(644,1095,99,6,'2025-05-09 11:18:02',0),(645,1095,100,7,'2025-05-09 11:18:02',0),(646,1095,101,8,'2025-05-09 11:18:02',0),(647,1095,102,7,'2025-05-09 11:18:03',0),(648,1096,99,6,'2025-05-09 11:18:03',0),(649,1096,100,7,'2025-05-09 11:18:03',0),(650,1096,101,8,'2025-05-09 11:18:04',0),(651,1096,102,7,'2025-05-09 11:18:04',0),(652,1097,99,6,'2025-05-09 11:18:04',0),(653,1097,100,5,'2025-05-09 11:18:04',0),(654,1097,101,6,'2025-05-09 11:18:05',0),(655,1097,102,7,'2025-05-09 11:18:05',0);

/*Table structure for table `tbl_study` */

DROP TABLE IF EXISTS `tbl_study`;

CREATE TABLE `tbl_study` (
  `study_id` int(10) unsigned NOT NULL AUTO_INCREMENT,
  `student_id` int(10) unsigned NOT NULL,
  `class_id` int(10) unsigned NOT NULL,
  `year_study_id` int(10) unsigned NOT NULL,
  `enrollment_date` date NOT NULL DEFAULT curdate(),
  `status` varchar(50) DEFAULT 'active',
  `create_date` timestamp NOT NULL DEFAULT current_timestamp(),
  `isDeleted` int(2) DEFAULT 0,
  PRIMARY KEY (`study_id`),
  KEY `student_id` (`student_id`),
  KEY `class_id` (`class_id`),
  KEY `year_study_id` (`year_study_id`),
  KEY `idx_student_class` (`student_id`,`class_id`,`status`,`isDeleted`),
  CONSTRAINT `fk_study_class` FOREIGN KEY (`class_id`) REFERENCES `tbl_classroom` (`class_id`),
  CONSTRAINT `fk_study_student` FOREIGN KEY (`student_id`) REFERENCES `tbl_student_info` (`student_id`),
  CONSTRAINT `fk_study_year` FOREIGN KEY (`year_study_id`) REFERENCES `tbl_year_study` (`year_study_id`)
) ENGINE=InnoDB AUTO_INCREMENT=156 DEFAULT CHARSET=utf8mb4 COLLATE=utf8mb4_general_ci;

/*Data for the table `tbl_study` */

insert  into `tbl_study`(`study_id`,`student_id`,`class_id`,`year_study_id`,`enrollment_date`,`status`,`create_date`,`isDeleted`) values (128,1091,10,1,'2025-05-08','active','2025-05-08 16:34:48',0),(129,1092,10,1,'2025-05-08','active','2025-05-08 16:34:48',0),(130,1003,10,1,'2025-05-08','active','2025-05-08 16:34:48',0),(131,1015,10,1,'2025-05-08','active','2025-05-08 16:34:48',0),(132,1043,10,1,'2025-05-08','active','2025-05-08 16:34:48',0),(133,1057,10,1,'2025-05-08','active','2025-05-08 16:34:48',0),(134,1093,10,1,'2025-05-08','active','2025-05-08 16:34:48',0),(135,1027,10,1,'2025-05-08','active','2025-05-08 16:34:48',0),(136,1059,10,1,'2025-05-08','active','2025-05-08 16:34:48',0),(137,1029,10,1,'2025-05-08','active','2025-05-08 16:34:48',0),(138,1012,10,1,'2025-05-08','active','2025-05-08 16:34:48',0),(139,1032,10,1,'2025-05-08','active','2025-05-08 16:34:48',0),(140,1008,10,1,'2025-05-08','active','2025-05-08 16:34:48',0),(141,1094,10,1,'2025-05-08','active','2025-05-08 16:34:48',0),(142,1021,10,1,'2025-05-08','active','2025-05-08 16:34:48',0),(143,1081,10,1,'2025-05-08','active','2025-05-08 16:34:48',0),(144,1009,10,1,'2025-05-08','active','2025-05-08 16:34:48',0),(145,1041,10,1,'2025-05-08','active','2025-05-08 16:34:48',0),(146,1025,10,1,'2025-05-08','active','2025-05-08 16:34:48',0),(147,1090,10,1,'2025-05-08','active','2025-05-08 16:34:48',0),(148,1073,10,1,'2025-05-08','active','2025-05-08 16:34:48',0),(149,1095,10,1,'2025-05-08','active','2025-05-08 16:34:48',0),(150,1096,10,1,'2025-05-08','active','2025-05-08 16:34:48',0),(151,1097,10,1,'2025-05-08','active','2025-05-08 16:34:48',0),(152,1017,10,1,'2025-05-08','active','2025-05-08 16:34:48',0),(153,1060,10,1,'2025-05-08','active','2025-05-08 16:34:48',0),(154,1006,10,1,'2025-05-08','active','2025-05-08 16:34:48',0),(155,1030,10,1,'2025-05-08','active','2025-05-08 16:34:48',0);

/*Table structure for table `tbl_subject` */

DROP TABLE IF EXISTS `tbl_subject`;

CREATE TABLE `tbl_subject` (
  `subject_code` int(10) unsigned NOT NULL AUTO_INCREMENT,
  `subject_name` varchar(255) NOT NULL,
  `create_date` timestamp NOT NULL DEFAULT current_timestamp(),
  `isDeleted` int(2) DEFAULT 0,
  PRIMARY KEY (`subject_code`),
  UNIQUE KEY `unique_subject_name` (`subject_name`),
  UNIQUE KEY `subject_name` (`subject_name`)
) ENGINE=InnoDB AUTO_INCREMENT=31 DEFAULT CHARSET=utf8mb4 COLLATE=utf8mb4_general_ci;

/*Data for the table `tbl_subject` */

insert  into `tbl_subject`(`subject_code`,`subject_name`,`create_date`,`isDeleted`) values (1,'គណិតវិទ្យា','2025-02-24 11:59:00',0),(2,'ភាសាខ្មែរ','2025-02-24 11:59:08',0),(3,'វិទ្យាសាស្ត្រ','2025-02-24 17:58:35',0),(4,'សិក្សាសង្គម','2025-02-24 17:58:44',0),(5,'អប់រំកាយ-សុខភាពកីឡា','2025-02-24 17:59:07',0),(6,'អប់រំបំណិនជីវិត','2025-02-24 17:59:20',0),(7,'ភាសាបរទេស','2025-02-24 17:59:34',0),(8,'សម្ថភាពស្ដាប់','2025-02-27 23:58:11',0),(9,'សម្ថភាពសរសេរ','2025-02-27 23:58:20',0),(10,'សម្ថភាពអាន','2025-02-27 23:58:29',0),(11,'សម្ថភាពនិយាយ','2025-02-27 23:58:37',0),(12,'ចំនួន','2025-02-27 23:58:41',0),(13,'រង្វាស់រង្វាល់','2025-02-27 23:58:50',0),(14,'ធរណីមាត្រ','2025-02-27 23:58:57',0),(15,'ពីជគណិត','2025-02-27 23:59:04',0),(16,'ស្ថិតិ','2025-02-27 23:59:11',0),(17,'រូបវិទ្យា','2025-02-27 23:59:19',0),(18,'គីមីវិទ្យា','2025-02-27 23:59:26',0),(19,'ជីវវិទ្យា','2025-02-27 23:59:36',0),(20,'ផែនដី-បរិស្ថានវិទ្យា','2025-02-27 23:59:55',0),(21,'សីលធម៌-ពលរដ្ឋវិទ្យា','2025-02-28 00:00:11',0),(22,'ភូមិវិទ្យា','2025-02-28 00:00:20',0),(23,'ប្រវត្តិវិទ្យា','2025-02-28 00:00:32',0),(24,'គេហវិទ្យា-អប់រំសិល្បៈ','2025-02-28 00:00:55',0),(25,'អប់រំកាយ-កីឡា','2025-02-28 00:01:08',0),(26,'សុខភាព-អនាម័យ','2025-02-28 00:01:24',0);

/*Table structure for table `tbl_user` */

DROP TABLE IF EXISTS `tbl_user`;

CREATE TABLE `tbl_user` (
  `user_id` int(10) unsigned NOT NULL AUTO_INCREMENT,
  `full_name` varchar(255) DEFAULT NULL,
  `user_name` varchar(255) NOT NULL,
  `password` varchar(255) NOT NULL,
  `phone` varchar(255) NOT NULL,
  `user_type` varchar(255) NOT NULL,
  `status` int(2) DEFAULT 1,
  `created_date` timestamp NOT NULL DEFAULT current_timestamp(),
  `isDeleted` int(2) DEFAULT 0,
  PRIMARY KEY (`user_id`)
) ENGINE=InnoDB AUTO_INCREMENT=9 DEFAULT CHARSET=utf8mb4 COLLATE=utf8mb4_general_ci;

/*Data for the table `tbl_user` */

insert  into `tbl_user`(`user_id`,`full_name`,`user_name`,`password`,`phone`,`user_type`,`status`,`created_date`,`isDeleted`) values (1,'ពៅ សំ','khmersr','$2y$10$Q.VLgo/R..2KsmPCie8oMe1PwiQZoix5EQB6a8A3TyUINt4uPiOf2','098582828','admin',1,'2025-02-02 11:41:40',0),(2,'Norea PMS','admin_norea','$2y$10$0BlKYh8a5PqSZBtTVbAASOnBhEdrxj4gnQHPU1u.sD1HlVamaqCxq','0123456789','super_admin',1,'2025-02-02 11:41:44',0),(3,'នី ឡេនីន','lenin','$2y$10$2OCIICvBQ6bkOBklqc7ZXuE2hu.o441OMA.m5o8jzUPPVJYOyrBL6','054359273','user',1,'2025-02-02 11:42:01',0),(4,'ផល សុផាត','sophat','$2y$10$G7cJ98GTijEFlaTVCTOSGugAt6k5Oo3LtrbTqgjlmxY/3ocQbayay','0123456','user',1,'2025-02-11 23:15:10',0),(5,'ឃុត ទីណា','tina','$2y$10$yegGusbbXzg0EQocY4SoCeFVncn31a1WzcDGaPVZ4nbFEfw6KVohK','099887766','user',1,'2025-04-06 15:08:14',0),(6,'បោយ លីន','test','$2y$10$tkvDTFUzRI7ei3fFYEb3hOEJu2YMehkVoXemeTuRSMGVWJMl4r3Y2','0123456','user',1,'2025-04-30 21:58:17',0),(7,'អ៊ុំ វ៉ាន់ច័ន្ទ','hhhhh','$2y$10$p5IUQGhqaVG5bu8EEYH3ROdk03XREOBENoXc1/9SIjjifLZzFGqFi','092783456','user',1,'2025-05-01 10:32:24',0),(8,'ពៅ សំ','hhbb','$2y$10$sdWAXhwIr/eqZPPUQyEmX.ghXKQYbDhDTem3F41l898Qa/w4wNTg2','0123456','user',1,'2025-05-04 21:43:49',0);

/*Table structure for table `tbl_year_study` */

DROP TABLE IF EXISTS `tbl_year_study`;

CREATE TABLE `tbl_year_study` (
  `year_study_id` int(10) unsigned NOT NULL AUTO_INCREMENT,
  `year_study` varchar(255) NOT NULL,
  `create_date` timestamp NOT NULL DEFAULT current_timestamp(),
  `isDeleted` int(2) DEFAULT 0,
  PRIMARY KEY (`year_study_id`),
  UNIQUE KEY `year_study` (`year_study`)
) ENGINE=InnoDB AUTO_INCREMENT=6 DEFAULT CHARSET=utf8mb4 COLLATE=utf8mb4_general_ci;

/*Data for the table `tbl_year_study` */

insert  into `tbl_year_study`(`year_study_id`,`year_study`,`create_date`,`isDeleted`) values (1,'២០២៥-២០២៦','2025-02-02 09:49:37',0),(2,'២០២៦-២០២៧','2025-02-02 09:49:37',0),(3,'២០២៧-២០២៨','2025-02-02 09:49:37',0),(4,'២០២៨-២០២៩','2025-04-08 17:37:54',0),(5,'២០២៩-២០៣០','2025-04-08 17:43:17',0);

/* Procedure structure for procedure `CalculateFinalSemesterAverage` */

/*!50003 DROP PROCEDURE IF EXISTS  `CalculateFinalSemesterAverage` */;

DELIMITER $$

/*!50003 CREATE DEFINER=`root`@`localhost` PROCEDURE `CalculateFinalSemesterAverage`(
    IN p_student_id INT,
    IN p_semester_id INT,
    IN p_class_id INT,
    IN p_monthly_ids VARCHAR(255)
)
BEGIN
    DECLARE v_monthly_avg DECIMAL(5,2);
    DECLARE v_semester_exam_avg DECIMAL(5,2);
    
    -- Calculate monthly average using the exact same method as CalculateStudentMonthlyAverage
    WITH monthly_scores AS (
        SELECT 
            sms.student_id,
            csms.monthly_id,
            AVG(sms.score) as monthly_average
        FROM tbl_student_monthly_score sms
        JOIN classroom_subject_monthly_score csms 
            ON sms.classroom_subject_monthly_score_id = csms.classroom_subject_monthly_score_id
        WHERE sms.student_id = p_student_id
        AND csms.class_id = p_class_id
        AND FIND_IN_SET(csms.monthly_id, p_monthly_ids)
        AND sms.isDeleted = 0
        GROUP BY sms.student_id, csms.monthly_id
    )
    SELECT AVG(monthly_average) INTO v_monthly_avg
    FROM monthly_scores;
    
    -- Calculate semester exam average
    SELECT 
        AVG(sss.score) INTO v_semester_exam_avg
    FROM tbl_student_semester_score sss
    JOIN tbl_semester_exam_subjects ses 
        ON sss.semester_exam_subject_id = ses.id
    WHERE sss.student_id = p_student_id
    AND ses.semester_id = p_semester_id
    AND ses.class_id = p_class_id
    AND sss.isDeleted = 0;
    
    -- Calculate final average
    SELECT 
        p_student_id as student_id,
        v_monthly_avg as monthly_average,
        v_semester_exam_avg as semester_exam_average,
        (v_monthly_avg + v_semester_exam_avg) / 2 as final_semester_average;
END */$$
DELIMITER ;

/* Procedure structure for procedure `CalculateMonthlyAverage` */

/*!50003 DROP PROCEDURE IF EXISTS  `CalculateMonthlyAverage` */;

DELIMITER $$

/*!50003 CREATE DEFINER=`root`@`localhost` PROCEDURE `CalculateMonthlyAverage`(
    IN p_student_id INT,
    IN p_monthly_ids VARCHAR(255)  -- Comma-separated list of selected month IDs
)
BEGIN
    -- First, calculate average for each month separately
    WITH monthly_averages AS (
        SELECT 
            csms.monthly_id,
            m.month_name,
            COUNT(DISTINCT csms.assign_subject_grade_id) as subjects_in_month,
            AVG(sms.score) as month_average,
            SUM(sms.score) as month_total
        FROM tbl_student_monthly_score sms
        JOIN classroom_subject_monthly_score csms 
            ON sms.classroom_subject_monthly_score_id = csms.classroom_subject_monthly_score_id
        JOIN tbl_monthly m ON csms.monthly_id = m.monthly_id
        WHERE sms.student_id = p_student_id
        AND FIND_IN_SET(csms.monthly_id, p_monthly_ids)
        AND sms.isDeleted = 0
        AND csms.isDeleted = 0
        GROUP BY csms.monthly_id, m.month_name
    )
    -- Then calculate the overall average
    SELECT 
        AVG(month_average) as overall_average,
        COUNT(DISTINCT monthly_id) as months_counted,
        SUM(subjects_in_month) as total_subjects,
        GROUP_CONCAT(
            CONCAT(month_name, ' (', subjects_in_month, ' subjects, avg: ', ROUND(month_average, 2), ')')
            ORDER BY monthly_id
        ) as monthly_details,
        SUM(month_total) as total_score
    FROM monthly_averages;
END */$$
DELIMITER ;

/* Procedure structure for procedure `CalculateSemesterScore` */

/*!50003 DROP PROCEDURE IF EXISTS  `CalculateSemesterScore` */;

DELIMITER $$

/*!50003 CREATE DEFINER=`root`@`localhost` PROCEDURE `CalculateSemesterScore`(
    IN p_student_id INT,
    IN p_class_id INT,
    IN p_semester_id INT,
    IN p_monthly_ids VARCHAR(255)
)
BEGIN
    SELECT 
        sms.student_id,
        si.student_name,
        AVG(sms.score) as monthly_average,
        COUNT(DISTINCT csms.monthly_id) as months_counted,
        (
            SELECT AVG(score) 
            FROM tbl_student_semester_exam_scores 
            WHERE student_id = sms.student_id 
            AND class_id = p_class_id 
            AND semester_id = p_semester_id 
            AND isDeleted = 0
        ) as semester_exam_score,
        (
            SELECT COUNT(DISTINCT semester_exam_subject_id) 
            FROM tbl_student_semester_exam_scores 
            WHERE student_id = sms.student_id 
            AND class_id = p_class_id 
            AND semester_id = p_semester_id 
            AND isDeleted = 0
        ) as exam_subjects_count,
        (
            (AVG(sms.score) + (
                SELECT AVG(score) 
                FROM tbl_student_semester_exam_scores 
                WHERE student_id = sms.student_id 
                AND class_id = p_class_id 
                AND semester_id = p_semester_id 
                AND isDeleted = 0
            )) / 2
        ) as final_score
    FROM tbl_student_monthly_score sms
    JOIN classroom_subject_monthly_score csms 
        ON sms.classroom_subject_monthly_score_id = csms.classroom_subject_monthly_score_id
    JOIN tbl_student_info si 
        ON sms.student_id = si.student_id
    WHERE sms.student_id = p_student_id
    AND csms.class_id = p_class_id
    AND FIND_IN_SET(csms.monthly_id, p_monthly_ids)
    AND sms.isDeleted = 0
    GROUP BY sms.student_id, si.student_name;
END */$$
DELIMITER ;

/* Procedure structure for procedure `CalculateStudentMonthlyAverage` */

/*!50003 DROP PROCEDURE IF EXISTS  `CalculateStudentMonthlyAverage` */;

DELIMITER $$

/*!50003 CREATE DEFINER=`root`@`localhost` PROCEDURE `CalculateStudentMonthlyAverage`(
    IN p_student_id INT,
    IN p_class_id INT,
    IN p_monthly_ids VARCHAR(255)
)
BEGIN
    WITH monthly_scores AS (
        SELECT 
            sms.student_id,
            csms.monthly_id,
            ROUND(AVG(sms.score), 2) as monthly_average
        FROM tbl_student_monthly_score sms
        JOIN classroom_subject_monthly_score csms 
            ON sms.classroom_subject_monthly_score_id = csms.classroom_subject_monthly_score_id
        WHERE sms.student_id = p_student_id
        AND csms.class_id = p_class_id
        AND FIND_IN_SET(csms.monthly_id, p_monthly_ids)
        AND sms.isDeleted = 0
        GROUP BY sms.student_id, csms.monthly_id
    )
    SELECT 
        student_id,
        ROUND(AVG(monthly_average), 2) as final_monthly_average,
        COUNT(DISTINCT monthly_id) as months_counted
    FROM monthly_scores
    GROUP BY student_id;
END */$$
DELIMITER ;

/* Procedure structure for procedure `CalculateStudentSemesterExamAverage` */

/*!50003 DROP PROCEDURE IF EXISTS  `CalculateStudentSemesterExamAverage` */;

DELIMITER $$

/*!50003 CREATE DEFINER=`root`@`localhost` PROCEDURE `CalculateStudentSemesterExamAverage`(
    IN p_student_id INT,
    IN p_semester_id INT,
    IN p_class_id INT
)
BEGIN
    SELECT 
        sss.student_id,
        AVG(sss.score) as semester_exam_average,
        COUNT(DISTINCT ses.id) as subjects_counted
    FROM tbl_student_semester_score sss
    JOIN tbl_semester_exam_subjects ses 
        ON sss.semester_exam_subject_id = ses.id
    WHERE sss.student_id = p_student_id
    AND ses.semester_id = p_semester_id
    AND ses.class_id = p_class_id
    AND sss.isDeleted = 0
    GROUP BY sss.student_id;
END */$$
DELIMITER ;

/* Procedure structure for procedure `CalculateYearlyAverage` */

/*!50003 DROP PROCEDURE IF EXISTS  `CalculateYearlyAverage` */;

DELIMITER $$

/*!50003 CREATE DEFINER=`root`@`localhost` PROCEDURE `CalculateYearlyAverage`(
    IN p_student_id INT,
    IN p_class_id INT,
    IN p_semester1_monthly_ids VARCHAR(255),
    IN p_semester2_monthly_ids VARCHAR(255)
)
BEGIN
    DECLARE semester1_monthly_avg DECIMAL(5,2);
    DECLARE semester1_exam_avg DECIMAL(5,2);
    DECLARE semester2_monthly_avg DECIMAL(5,2);
    DECLARE semester2_exam_avg DECIMAL(5,2);
    DECLARE semester1_final DECIMAL(5,2);
    DECLARE semester2_final DECIMAL(5,2);
    DECLARE year_avg DECIMAL(5,2);
    -- Calculate Semester 1 Monthly Average
    SELECT AVG(sms.score) INTO semester1_monthly_avg
    FROM tbl_student_monthly_score sms
    JOIN classroom_subject_monthly_score csms 
        ON sms.classroom_subject_monthly_score_id = csms.classroom_subject_monthly_score_id
    WHERE sms.student_id = p_student_id
      AND csms.class_id = p_class_id
      AND FIND_IN_SET(csms.monthly_id, p_semester1_monthly_ids)
      AND sms.isDeleted = 0;
    -- Calculate Semester 1 Exam Average
    SELECT AVG(sss.score) INTO semester1_exam_avg
    FROM tbl_student_semester_score sss
    JOIN tbl_semester_exam_subjects ses 
        ON sss.semester_exam_subject_id = ses.id
    WHERE sss.student_id = p_student_id
      AND ses.class_id = p_class_id
      AND ses.semester_id = 1
      AND sss.isDeleted = 0;
    -- Calculate Semester 2 Monthly Average
    SELECT AVG(sms.score) INTO semester2_monthly_avg
    FROM tbl_student_monthly_score sms
    JOIN classroom_subject_monthly_score csms 
        ON sms.classroom_subject_monthly_score_id = csms.classroom_subject_monthly_score_id
    WHERE sms.student_id = p_student_id
      AND csms.class_id = p_class_id
      AND FIND_IN_SET(csms.monthly_id, p_semester2_monthly_ids)
      AND sms.isDeleted = 0;
    -- Calculate Semester 2 Exam Average
    SELECT AVG(sss.score) INTO semester2_exam_avg
    FROM tbl_student_semester_score sss
    JOIN tbl_semester_exam_subjects ses 
        ON sss.semester_exam_subject_id = ses.id
    WHERE sss.student_id = p_student_id
      AND ses.class_id = p_class_id
      AND ses.semester_id = 2
      AND sss.isDeleted = 0;
    -- Calculate final averages
    SET semester1_final = (IFNULL(semester1_monthly_avg, 0) + IFNULL(semester1_exam_avg, 0)) / 2;
    SET semester2_final = (IFNULL(semester2_monthly_avg, 0) + IFNULL(semester2_exam_avg, 0)) / 2;
    SET year_avg = (semester1_final + semester2_final) / 2;
    -- Return the results
    SELECT 
        p_student_id AS student_id,
        ROUND(semester1_monthly_avg, 2) AS semester1_monthly_average,
        ROUND(semester1_exam_avg, 2) AS semester1_exam_average,
        ROUND(semester1_final, 2) AS semester1_final_average,
        ROUND(semester2_monthly_avg, 2) AS semester2_monthly_average,
        ROUND(semester2_exam_avg, 2) AS semester2_exam_average,
        ROUND(semester2_final, 2) AS semester2_final_average,
        ROUND(year_avg, 2) AS yearly_average;
END */$$
DELIMITER ;

/* Procedure structure for procedure `CalculateYearlyAverageForClass` */

/*!50003 DROP PROCEDURE IF EXISTS  `CalculateYearlyAverageForClass` */;

DELIMITER $$

/*!50003 CREATE DEFINER=`root`@`localhost` PROCEDURE `CalculateYearlyAverageForClass`(
    IN p_class_id INT
)
BEGIN
    -- Create temporary table to store results
    CREATE TEMPORARY TABLE IF NOT EXISTS temp_yearly_averages (
        student_id INT,
        class_id INT,
        semester1_final_avg DECIMAL(5,2),
        semester2_final_avg DECIMAL(5,2),
        year_avg DECIMAL(5,2)
    );
    -- Get all active students in the class
    INSERT INTO temp_yearly_averages (student_id, class_id)
    SELECT s.student_id, p_class_id
    FROM tbl_student_info s
    JOIN tbl_study st ON s.student_id = st.student_id
    WHERE st.class_id = p_class_id 
      AND st.status = 'active'
      AND s.isDeleted = 0
      AND st.isDeleted = 0
      AND s.student_name IS NOT NULL
      AND s.student_name <> '';
    -- Update semester 1 monthly averages (semester 1 months)
    UPDATE temp_yearly_averages t
    SET t.semester1_final_avg = (
        SELECT AVG(sms.score)
        FROM tbl_student_monthly_score sms
        JOIN classroom_subject_monthly_score csms
          ON sms.classroom_subject_monthly_score_id = csms.classroom_subject_monthly_score_id
        JOIN tbl_monthly m
          ON csms.monthly_id = m.monthly_id
        WHERE sms.student_id = t.student_id
          AND csms.class_id = p_class_id
          AND m.semester_id = 1
          AND sms.isDeleted = 0
    );
    -- Update semester 1 exam averages
    UPDATE temp_yearly_averages t
    SET t.semester1_final_avg = (
        (IFNULL(t.semester1_final_avg, 0) + 
        IFNULL((
            SELECT AVG(sss.score)
            FROM tbl_student_semester_score sss
            JOIN tbl_semester_exam_subjects ses
              ON sss.semester_exam_subject_id = ses.id
            WHERE sss.student_id = t.student_id
              AND ses.class_id = p_class_id
              AND ses.semester_id = 1
              AND sss.isDeleted = 0
        ), 0)) / 2
    );
    -- Update semester 2 monthly averages (semester 2 months)
    UPDATE temp_yearly_averages t
    SET t.semester2_final_avg = (
        SELECT AVG(sms.score)
        FROM tbl_student_monthly_score sms
        JOIN classroom_subject_monthly_score csms
          ON sms.classroom_subject_monthly_score_id = csms.classroom_subject_monthly_score_id
        JOIN tbl_monthly m
          ON csms.monthly_id = m.monthly_id
        WHERE sms.student_id = t.student_id
          AND csms.class_id = p_class_id
          AND m.semester_id = 2
          AND sms.isDeleted = 0
    );
    -- Update semester 2 exam averages
    UPDATE temp_yearly_averages t
    SET t.semester2_final_avg = (
        (IFNULL(t.semester2_final_avg, 0) + 
        IFNULL((
            SELECT AVG(sss.score)
            FROM tbl_student_semester_score sss
            JOIN tbl_semester_exam_subjects ses
              ON sss.semester_exam_subject_id = ses.id
            WHERE sss.student_id = t.student_id
              AND ses.class_id = p_class_id
              AND ses.semester_id = 2
              AND sss.isDeleted = 0
        ), 0)) / 2
    );
    -- Calculate yearly average
    UPDATE temp_yearly_averages
    SET year_avg = (IFNULL(semester1_final_avg, 0) + IFNULL(semester2_final_avg, 0)) / 2;
    -- Return results with student names
    SELECT 
        t.student_id,
        s.student_name,
        t.class_id,
        t.semester1_final_avg,
        t.semester2_final_avg,
        t.year_avg
    FROM temp_yearly_averages t
    JOIN tbl_student_info s ON t.student_id = s.student_id
    ORDER BY s.student_name;
    -- Clean up
    DROP TEMPORARY TABLE IF EXISTS temp_yearly_averages;
END */$$
DELIMITER ;

/* Procedure structure for procedure `CalculateYearlyAverageForStudent` */

/*!50003 DROP PROCEDURE IF EXISTS  `CalculateYearlyAverageForStudent` */;

DELIMITER $$

/*!50003 CREATE DEFINER=`root`@`localhost` PROCEDURE `CalculateYearlyAverageForStudent`(
    IN p_student_id INT,
    IN p_class_id INT
)
BEGIN
    DECLARE semester1_monthly_avg DECIMAL(5,2);
    DECLARE semester1_exam_avg DECIMAL(5,2);
    DECLARE semester2_monthly_avg DECIMAL(5,2);
    DECLARE semester2_exam_avg DECIMAL(5,2);
    DECLARE semester1_final DECIMAL(5,2);
    DECLARE semester2_final DECIMAL(5,2);
    DECLARE year_avg DECIMAL(5,2);
    -- Semester 1 monthly average
    SELECT AVG(sms.score) INTO semester1_monthly_avg
    FROM tbl_student_monthly_score sms
    JOIN classroom_subject_monthly_score csms
      ON sms.classroom_subject_monthly_score_id = csms.classroom_subject_monthly_score_id
    WHERE sms.student_id = p_student_id
      AND csms.class_id = p_class_id
      AND csms.monthly_id IN (1) -- months for semester 1
      AND sms.isDeleted = 0;
    -- Semester 1 exam average
    SELECT AVG(sss.score) INTO semester1_exam_avg
    FROM tbl_student_semester_score sss
    JOIN tbl_semester_exam_subjects ses
      ON sss.semester_exam_subject_id = ses.id
    WHERE sss.student_id = p_student_id
      AND ses.class_id = p_class_id
      AND ses.semester_id = 1
      AND sss.isDeleted = 0;
    -- Semester 2 monthly average
    SELECT AVG(sms.score) INTO semester2_monthly_avg
    FROM tbl_student_monthly_score sms
    JOIN classroom_subject_monthly_score csms
      ON sms.classroom_subject_monthly_score_id = csms.classroom_subject_monthly_score_id
    WHERE sms.student_id = p_student_id
      AND csms.class_id = p_class_id
      AND csms.monthly_id IN (3) -- months for semester 2
      AND sms.isDeleted = 0;
    -- Semester 2 exam average
    SELECT AVG(sss.score) INTO semester2_exam_avg
    FROM tbl_student_semester_score sss
    JOIN tbl_semester_exam_subjects ses
      ON sss.semester_exam_subject_id = ses.id
    WHERE sss.student_id = p_student_id
      AND ses.class_id = p_class_id
      AND ses.semester_id = 2
      AND sss.isDeleted = 0;
    -- Calculate final averages
    SET semester1_final = (IFNULL(semester1_monthly_avg,0) + IFNULL(semester1_exam_avg,0)) / 2;
    SET semester2_final = (IFNULL(semester2_monthly_avg,0) + IFNULL(semester2_exam_avg,0)) / 2;
    SET year_avg = (semester1_final + semester2_final) / 2;
    -- Return result
    SELECT 
        p_student_id AS student_id,
        p_class_id AS class_id,
        semester1_final AS semester1_final_avg,
        semester2_final AS semester2_final_avg,
        year_avg AS year_avg;
END */$$
DELIMITER ;

/* Procedure structure for procedure `CalculateYearlyAveragesForClass` */

/*!50003 DROP PROCEDURE IF EXISTS  `CalculateYearlyAveragesForClass` */;

DELIMITER $$

/*!50003 CREATE DEFINER=`root`@`localhost` PROCEDURE `CalculateYearlyAveragesForClass`(IN p_class_id INT)
BEGIN
    SELECT 
        s.student_id,
        s.student_name,
        c.class_id,
        c.class_name,
        -- Semester 1 Monthly Average (dynamic)
        (SELECT AVG(sms1.score)
         FROM tbl_student_monthly_score sms1
         JOIN classroom_subject_monthly_score csms1 ON sms1.classroom_subject_monthly_score_id = csms1.classroom_subject_monthly_score_id
         JOIN tbl_monthly m1 ON csms1.monthly_id = m1.monthly_id
         WHERE sms1.student_id = s.student_id 
           AND csms1.class_id = c.class_id
           AND m1.semester_id = 1
           AND sms1.isDeleted = 0
        ) AS semester1_monthly_avg,
        -- Semester 1 Exam Average
        (SELECT AVG(sss1.score)
         FROM tbl_student_semester_score sss1
         JOIN tbl_semester_exam_subjects ses1 ON sss1.semester_exam_subject_id = ses1.id
         WHERE sss1.student_id = s.student_id
           AND ses1.class_id = c.class_id
           AND ses1.semester_id = 1
           AND sss1.isDeleted = 0
        ) AS semester1_exam_avg,
        -- Semester 2 Monthly Average (dynamic)
        (SELECT AVG(sms2.score)
         FROM tbl_student_monthly_score sms2
         JOIN classroom_subject_monthly_score csms2 ON sms2.classroom_subject_monthly_score_id = csms2.classroom_subject_monthly_score_id
         JOIN tbl_monthly m2 ON csms2.monthly_id = m2.monthly_id
         WHERE sms2.student_id = s.student_id
           AND csms2.class_id = c.class_id
           AND m2.semester_id = 2
           AND sms2.isDeleted = 0
        ) AS semester2_monthly_avg,
        -- Semester 2 Exam Average
        (SELECT AVG(sss2.score)
         FROM tbl_student_semester_score sss2
         JOIN tbl_semester_exam_subjects ses2 ON sss2.semester_exam_subject_id = ses2.id
         WHERE sss2.student_id = s.student_id
           AND ses2.class_id = c.class_id
           AND ses2.semester_id = 2
           AND sss2.isDeleted = 0
        ) AS semester2_exam_avg,
        -- Final Averages
        (
            IFNULL(
                (SELECT AVG(sms1.score)
                 FROM tbl_student_monthly_score sms1
                 JOIN classroom_subject_monthly_score csms1 ON sms1.classroom_subject_monthly_score_id = csms1.classroom_subject_monthly_score_id
                 JOIN tbl_monthly m1 ON csms1.monthly_id = m1.monthly_id
                 WHERE sms1.student_id = s.student_id 
                   AND csms1.class_id = c.class_id
                   AND m1.semester_id = 1
                   AND sms1.isDeleted = 0
                ), 0
            ) + 
            IFNULL(
                (SELECT AVG(sss1.score)
                 FROM tbl_student_semester_score sss1
                 JOIN tbl_semester_exam_subjects ses1 ON sss1.semester_exam_subject_id = ses1.id
                 WHERE sss1.student_id = s.student_id
                   AND ses1.class_id = c.class_id
                   AND ses1.semester_id = 1
                   AND sss1.isDeleted = 0
                ), 0
            )
        ) / 2 AS semester1_final_avg,
        (
            IFNULL(
                (SELECT AVG(sms2.score)
                 FROM tbl_student_monthly_score sms2
                 JOIN classroom_subject_monthly_score csms2 ON sms2.classroom_subject_monthly_score_id = csms2.classroom_subject_monthly_score_id
                 JOIN tbl_monthly m2 ON csms2.monthly_id = m2.monthly_id
                 WHERE sms2.student_id = s.student_id
                   AND csms2.class_id = c.class_id
                   AND m2.semester_id = 2
                   AND sms2.isDeleted = 0
                ), 0
            ) + 
            IFNULL(
                (SELECT AVG(sss2.score)
                 FROM tbl_student_semester_score sss2
                 JOIN tbl_semester_exam_subjects ses2 ON sss2.semester_exam_subject_id = ses2.id
                 WHERE sss2.student_id = s.student_id
                   AND ses2.class_id = c.class_id
                   AND ses2.semester_id = 2
                   AND sss2.isDeleted = 0
                ), 0
            )
        ) / 2 AS semester2_final_avg,
        -- Yearly Average
        (
            (
                IFNULL(
                    (SELECT AVG(sms1.score)
                     FROM tbl_student_monthly_score sms1
                     JOIN classroom_subject_monthly_score csms1 ON sms1.classroom_subject_monthly_score_id = csms1.classroom_subject_monthly_score_id
                     JOIN tbl_monthly m1 ON csms1.monthly_id = m1.monthly_id
                     WHERE sms1.student_id = s.student_id 
                       AND csms1.class_id = c.class_id
                       AND m1.semester_id = 1
                       AND sms1.isDeleted = 0
                    ), 0
                ) + 
                IFNULL(
                    (SELECT AVG(sss1.score)
                     FROM tbl_student_semester_score sss1
                     JOIN tbl_semester_exam_subjects ses1 ON sss1.semester_exam_subject_id = ses1.id
                     WHERE sss1.student_id = s.student_id
                       AND ses1.class_id = c.class_id
                       AND ses1.semester_id = 1
                       AND sss1.isDeleted = 0
                    ), 0
                )
            ) / 2
            +
            (
                IFNULL(
                    (SELECT AVG(sms2.score)
                     FROM tbl_student_monthly_score sms2
                     JOIN classroom_subject_monthly_score csms2 ON sms2.classroom_subject_monthly_score_id = csms2.classroom_subject_monthly_score_id
                     JOIN tbl_monthly m2 ON csms2.monthly_id = m2.monthly_id
                     WHERE sms2.student_id = s.student_id
                       AND csms2.class_id = c.class_id
                       AND m2.semester_id = 2
                       AND sms2.isDeleted = 0
                    ), 0
                ) + 
                IFNULL(
                    (SELECT AVG(sss2.score)
                     FROM tbl_student_semester_score sss2
                     JOIN tbl_semester_exam_subjects ses2 ON sss2.semester_exam_subject_id = ses2.id
                     WHERE sss2.student_id = s.student_id
                       AND ses2.class_id = c.class_id
                       AND ses2.semester_id = 2
                       AND sss2.isDeleted = 0
                    ), 0
                )
            ) / 2
        ) / 2 AS yearly_avg
    FROM tbl_student_info s
    JOIN tbl_study st ON s.student_id = st.student_id
    JOIN tbl_classroom c ON st.class_id = c.class_id
    WHERE c.class_id = p_class_id
      AND st.status = 'active'
      AND s.isDeleted = 0
      AND st.isDeleted = 0
    ORDER BY s.student_name;
END */$$
DELIMITER ;

/* Procedure structure for procedure `CalculateYearlyAverageWithMonthlyIds` */

/*!50003 DROP PROCEDURE IF EXISTS  `CalculateYearlyAverageWithMonthlyIds` */;

DELIMITER $$

/*!50003 CREATE DEFINER=`root`@`localhost` PROCEDURE `CalculateYearlyAverageWithMonthlyIds`(
    IN p_student_id INT,
    IN p_class_id INT,
    IN p_semester1_monthly_ids VARCHAR(255),
    IN p_semester2_monthly_ids VARCHAR(255)
)
BEGIN
    DECLARE semester1_avg DECIMAL(5,2);
    DECLARE semester2_avg DECIMAL(5,2);
    -- Semester 1
    SELECT (
        IFNULL((
            SELECT AVG(sms.score)
            FROM tbl_student_monthly_score sms
            JOIN classroom_subject_monthly_score csms ON sms.classroom_subject_monthly_score_id = csms.classroom_subject_monthly_score_id
            WHERE sms.student_id = p_student_id AND csms.class_id = p_class_id AND FIND_IN_SET(csms.monthly_id, p_semester1_monthly_ids) AND sms.isDeleted = 0
        ), 0)
        +
        IFNULL((
            SELECT AVG(sss2.score)
            FROM tbl_student_semester_score sss2
            JOIN tbl_semester_exam_subjects ses2 ON sss2.semester_exam_subject_id = ses2.id
            WHERE sss2.student_id = p_student_id AND ses2.semester_id = 1 AND ses2.class_id = p_class_id AND sss2.isDeleted = 0
        ), 0)
    ) / 2 INTO semester1_avg;
    -- Semester 2
    SELECT (
        IFNULL((
            SELECT AVG(sms.score)
            FROM tbl_student_monthly_score sms
            JOIN classroom_subject_monthly_score csms ON sms.classroom_subject_monthly_score_id = csms.classroom_subject_monthly_score_id
            WHERE sms.student_id = p_student_id AND csms.class_id = p_class_id AND FIND_IN_SET(csms.monthly_id, p_semester2_monthly_ids) AND sms.isDeleted = 0
        ), 0)
        +
        IFNULL((
            SELECT AVG(sss2.score)
            FROM tbl_student_semester_score sss2
            JOIN tbl_semester_exam_subjects ses2 ON sss2.semester_exam_subject_id = ses2.id
            WHERE sss2.student_id = p_student_id AND ses2.semester_id = 2 AND ses2.class_id = p_class_id AND sss2.isDeleted = 0
        ), 0)
    ) / 2 INTO semester2_avg;
    -- Yearly average
    SELECT
        p_student_id AS student_id,
        semester1_avg AS semester_1_average,
        semester2_avg AS semester_2_average,
        ROUND((semester1_avg + semester2_avg) / 2, 2) AS yearly_average;
END */$$
DELIMITER ;

/* Procedure structure for procedure `GetAvailableMonthsForSemester` */

/*!50003 DROP PROCEDURE IF EXISTS  `GetAvailableMonthsForSemester` */;

DELIMITER $$

/*!50003 CREATE DEFINER=`root`@`localhost` PROCEDURE `GetAvailableMonthsForSemester`(
    IN p_class_id INT,
    IN p_semester_id INT,
    IN p_assign_subject_grade_id INT
)
BEGIN
    -- ជ្រើសខែដែលមានពិន្ទុសិស្សរួចហើយ
    SELECT DISTINCT 
        m.monthly_id,
        m.month_name,
        COUNT(DISTINCT sms.student_id) as student_count,
        COUNT(DISTINCT csms.assign_subject_grade_id) as subject_count
    FROM tbl_monthly m
    JOIN classroom_subject_monthly_score csms ON m.monthly_id = csms.monthly_id
    JOIN tbl_student_monthly_score sms ON csms.classroom_subject_monthly_score_id = sms.classroom_subject_monthly_score_id
    WHERE csms.class_id = p_class_id
    AND csms.assign_subject_grade_id = p_assign_subject_grade_id
    AND sms.isDeleted = 0
    AND csms.isDeleted = 0
    GROUP BY m.monthly_id, m.month_name
    HAVING student_count > 0 AND subject_count > 0
    ORDER BY m.monthly_id;
END */$$
DELIMITER ;

/* Procedure structure for procedure `GetStudentYearlyAveragesWithRanking` */

/*!50003 DROP PROCEDURE IF EXISTS  `GetStudentYearlyAveragesWithRanking` */;

DELIMITER $$

/*!50003 CREATE DEFINER=`root`@`localhost` PROCEDURE `GetStudentYearlyAveragesWithRanking`(IN p_grade_id INT)
BEGIN
    SELECT 
        s.student_id,
        s.student_name,
        c.class_id,
        c.class_name,
        g.grade_id,
        g.grade_name,
        st.year_study_id,  -- Added year_study_id field
        -- Semester 1 Monthly Average
        ROUND(IFNULL(AVG(CASE 
            WHEN FIND_IN_SET(csms.monthly_id, ses1.monthly_ids) THEN sms.score 
            ELSE NULL 
        END), 0), 2) AS semester1_monthly_avg,
        -- Semester 1 Exam Average
        ROUND(IFNULL(AVG(CASE 
            WHEN ses.semester_id = 1 THEN sss.score 
            ELSE NULL 
        END), 0), 2) AS semester1_exam_avg,
        -- Semester 2 Monthly Average
        ROUND(IFNULL(AVG(CASE 
            WHEN FIND_IN_SET(csms.monthly_id, ses2.monthly_ids) THEN sms.score 
            ELSE NULL 
        END), 0), 2) AS semester2_monthly_avg,
        -- Semester 2 Exam Average
        ROUND(IFNULL(AVG(CASE 
            WHEN ses.semester_id = 2 THEN sss.score 
            ELSE NULL 
        END), 0), 2) AS semester2_exam_avg,
        -- Final Semester 1 Average
        ROUND((
            IFNULL(AVG(CASE 
                WHEN FIND_IN_SET(csms.monthly_id, ses1.monthly_ids) THEN sms.score 
                ELSE NULL 
            END), 0) +
            IFNULL(AVG(CASE 
                WHEN ses.semester_id = 1 THEN sss.score 
                ELSE NULL 
            END), 0)
        ) / 2, 2) AS semester1_final_avg,
        -- Final Semester 2 Average
        ROUND((
            IFNULL(AVG(CASE 
                WHEN FIND_IN_SET(csms.monthly_id, ses2.monthly_ids) THEN sms.score 
                ELSE NULL 
            END), 0) +
            IFNULL(AVG(CASE 
                WHEN ses.semester_id = 2 THEN sss.score 
                ELSE NULL 
            END), 0)
        ) / 2, 2) AS semester2_final_avg,
        -- Yearly Average
        ROUND((
            (
                IFNULL(AVG(CASE 
                    WHEN FIND_IN_SET(csms.monthly_id, ses1.monthly_ids) THEN sms.score 
                    ELSE NULL 
                END), 0) +
                IFNULL(AVG(CASE 
                    WHEN ses.semester_id = 1 THEN sss.score 
                    ELSE NULL 
                END), 0)
            ) / 2 +
            (
                IFNULL(AVG(CASE 
                    WHEN FIND_IN_SET(csms.monthly_id, ses2.monthly_ids) THEN sms.score 
                    ELSE NULL 
                END), 0) +
                IFNULL(AVG(CASE 
                    WHEN ses.semester_id = 2 THEN sss.score 
                    ELSE NULL 
                END), 0)
            ) / 2
        ) / 2, 2) AS yearly_avg,
        -- Rankings
        DENSE_RANK() OVER (
            PARTITION BY c.class_id 
            ORDER BY ROUND((
                IFNULL(AVG(CASE 
                    WHEN FIND_IN_SET(csms.monthly_id, ses1.monthly_ids) THEN sms.score 
                    ELSE NULL 
                END), 0) +
                IFNULL(AVG(CASE 
                    WHEN ses.semester_id = 1 THEN sss.score 
                    ELSE NULL 
                END), 0)
            ) / 2, 2) DESC
        ) AS semester1_rank,
        DENSE_RANK() OVER (
            PARTITION BY c.class_id 
            ORDER BY ROUND((
                IFNULL(AVG(CASE 
                    WHEN FIND_IN_SET(csms.monthly_id, ses2.monthly_ids) THEN sms.score 
                    ELSE NULL 
                END), 0) +
                IFNULL(AVG(CASE 
                    WHEN ses.semester_id = 2 THEN sss.score 
                    ELSE NULL 
                END), 0)
            ) / 2, 2) DESC
        ) AS semester2_rank,
        DENSE_RANK() OVER (
            PARTITION BY c.class_id 
            ORDER BY ROUND((
                (
                    IFNULL(AVG(CASE 
                        WHEN FIND_IN_SET(csms.monthly_id, ses1.monthly_ids) THEN sms.score 
                        ELSE NULL 
                    END), 0) +
                    IFNULL(AVG(CASE 
                        WHEN ses.semester_id = 1 THEN sss.score 
                        ELSE NULL 
                    END), 0)
                ) / 2 +
                (
                    IFNULL(AVG(CASE 
                        WHEN FIND_IN_SET(csms.monthly_id, ses2.monthly_ids) THEN sms.score 
                        ELSE NULL 
                    END), 0) +
                    IFNULL(AVG(CASE 
                        WHEN ses.semester_id = 2 THEN sss.score 
                        ELSE NULL 
                    END), 0)
                ) / 2
            ) / 2, 2) DESC
        ) AS yearly_rank
    FROM 
        tbl_student_info s
        JOIN tbl_study st ON s.student_id = st.student_id
        JOIN tbl_classroom c ON st.class_id = c.class_id
        JOIN tbl_grade g ON c.grade_id = g.grade_id
        LEFT JOIN tbl_student_monthly_score sms ON s.student_id = sms.student_id
        LEFT JOIN classroom_subject_monthly_score csms ON sms.classroom_subject_monthly_score_id = csms.classroom_subject_monthly_score_id
        LEFT JOIN tbl_student_semester_score sss ON s.student_id = sss.student_id
        LEFT JOIN tbl_semester_exam_subjects ses ON sss.semester_exam_subject_id = ses.id
        LEFT JOIN tbl_semester_exam_subjects ses1 ON ses1.class_id = c.class_id AND ses1.semester_id = 1
        LEFT JOIN tbl_semester_exam_subjects ses2 ON ses2.class_id = c.class_id AND ses2.semester_id = 2
    WHERE 
        g.grade_id = p_grade_id
        AND st.status = 'active'
        AND s.isDeleted = 0
        AND st.isDeleted = 0
        AND (sms.isDeleted = 0 OR sms.isDeleted IS NULL)
        AND (csms.isDeleted = 0 OR csms.isDeleted IS NULL)
        AND (sss.isDeleted = 0 OR sss.isDeleted IS NULL)
    GROUP BY 
        s.student_id, s.student_name, c.class_id, c.class_name, g.grade_id, g.grade_name, st.year_study_id;  -- Added year_study_id to GROUP BY
END */$$
DELIMITER ;

/* Procedure structure for procedure `GetYearlyAverageByGrade` */

/*!50003 DROP PROCEDURE IF EXISTS  `GetYearlyAverageByGrade` */;

DELIMITER $$

/*!50003 CREATE DEFINER=`root`@`localhost` PROCEDURE `GetYearlyAverageByGrade`(IN p_grade_id INT)
BEGIN
    SELECT 
        s.student_id,
        s.student_name,
        c.class_id,
        c.class_name,
        g.grade_id,
        g.grade_name,
        -- Semester 1 Monthly Average
        ROUND(IFNULL(AVG(CASE 
            WHEN FIND_IN_SET(csms.monthly_id, ses1.monthly_ids) THEN sms.score 
            ELSE NULL 
        END), 0), 2) AS semester1_monthly_avg,
        -- Semester 1 Exam Average
        ROUND(IFNULL(AVG(CASE 
            WHEN ses.semester_id = 1 THEN sss.score 
            ELSE NULL 
        END), 0), 2) AS semester1_exam_avg,
        -- Semester 2 Monthly Average
        ROUND(IFNULL(AVG(CASE 
            WHEN FIND_IN_SET(csms.monthly_id, ses2.monthly_ids) THEN sms.score 
            ELSE NULL 
        END), 0), 2) AS semester2_monthly_avg,
        -- Semester 2 Exam Average
        ROUND(IFNULL(AVG(CASE 
            WHEN ses.semester_id = 2 THEN sss.score 
            ELSE NULL 
        END), 0), 2) AS semester2_exam_avg,
        -- Final Semester 1 Average
        ROUND((
            IFNULL(AVG(CASE 
                WHEN FIND_IN_SET(csms.monthly_id, ses1.monthly_ids) THEN sms.score 
                ELSE NULL 
            END), 0) +
            IFNULL(AVG(CASE 
                WHEN ses.semester_id = 1 THEN sss.score 
                ELSE NULL 
            END), 0)
        ) / 2, 2) AS semester1_final_avg,
        -- Final Semester 2 Average
        ROUND((
            IFNULL(AVG(CASE 
                WHEN FIND_IN_SET(csms.monthly_id, ses2.monthly_ids) THEN sms.score 
                ELSE NULL 
            END), 0) +
            IFNULL(AVG(CASE 
                WHEN ses.semester_id = 2 THEN sss.score 
                ELSE NULL 
            END), 0)
        ) / 2, 2) AS semester2_final_avg,
        -- Yearly Average
        ROUND((
            (
                IFNULL(AVG(CASE 
                    WHEN FIND_IN_SET(csms.monthly_id, ses1.monthly_ids) THEN sms.score 
                    ELSE NULL 
                END), 0) +
                IFNULL(AVG(CASE 
                    WHEN ses.semester_id = 1 THEN sss.score 
                    ELSE NULL 
                END), 0)
            ) / 2 +
            (
                IFNULL(AVG(CASE 
                    WHEN FIND_IN_SET(csms.monthly_id, ses2.monthly_ids) THEN sms.score 
                    ELSE NULL 
                END), 0) +
                IFNULL(AVG(CASE 
                    WHEN ses.semester_id = 2 THEN sss.score 
                    ELSE NULL 
                END), 0)
            ) / 2
        ) / 2, 2) AS yearly_avg
    FROM 
        tbl_student_info s
        JOIN tbl_study st ON s.student_id = st.student_id
        JOIN tbl_classroom c ON st.class_id = c.class_id
        JOIN tbl_grade g ON c.grade_id = g.grade_id
        LEFT JOIN tbl_student_monthly_score sms ON s.student_id = sms.student_id
        LEFT JOIN classroom_subject_monthly_score csms ON sms.classroom_subject_monthly_score_id = csms.classroom_subject_monthly_score_id
        LEFT JOIN tbl_student_semester_score sss ON s.student_id = sss.student_id
        LEFT JOIN tbl_semester_exam_subjects ses ON sss.semester_exam_subject_id = ses.id
        LEFT JOIN tbl_semester_exam_subjects ses1 ON ses1.class_id = c.class_id AND ses1.semester_id = 1
        LEFT JOIN tbl_semester_exam_subjects ses2 ON ses2.class_id = c.class_id AND ses2.semester_id = 2
    WHERE 
        g.grade_id = p_grade_id
        AND st.status = 'active'
        AND s.isDeleted = 0
        AND st.isDeleted = 0
        AND (sms.isDeleted = 0 OR sms.isDeleted IS NULL)
        AND (csms.isDeleted = 0 OR csms.isDeleted IS NULL)
        AND (sss.isDeleted = 0 OR sss.isDeleted IS NULL)
    GROUP BY 
        s.student_id, s.student_name, c.class_id, c.class_name, g.grade_id, g.grade_name
    ORDER BY 
        s.student_name;
END */$$
DELIMITER ;

/* Procedure structure for procedure `GetYearlyAverageForClass` */

/*!50003 DROP PROCEDURE IF EXISTS  `GetYearlyAverageForClass` */;

DELIMITER $$

/*!50003 CREATE DEFINER=`root`@`localhost` PROCEDURE `GetYearlyAverageForClass`(
    IN p_class_id INT
)
BEGIN
    SELECT 
        s.student_id,
        s.student_name,
        c.class_id,
        c.class_name,
        -- Semester 1 Monthly Average
        ROUND(IFNULL(AVG(CASE 
            WHEN FIND_IN_SET(csms.monthly_id, ses1.monthly_ids) THEN sms.score 
            ELSE NULL 
        END), 0), 2) AS semester1_monthly_avg,
        -- Semester 1 Exam Average
        ROUND(IFNULL(AVG(CASE 
            WHEN ses.semester_id = 1 THEN sss.score 
            ELSE NULL 
        END), 0), 2) AS semester1_exam_avg,
        -- Semester 2 Monthly Average
        ROUND(IFNULL(AVG(CASE 
            WHEN FIND_IN_SET(csms.monthly_id, ses2.monthly_ids) THEN sms.score 
            ELSE NULL 
        END), 0), 2) AS semester2_monthly_avg,
        -- Semester 2 Exam Average
        ROUND(IFNULL(AVG(CASE 
            WHEN ses.semester_id = 2 THEN sss.score 
            ELSE NULL 
        END), 0), 2) AS semester2_exam_avg,
        -- Final Semester 1 Average
        ROUND((
            IFNULL(AVG(CASE 
                WHEN FIND_IN_SET(csms.monthly_id, ses1.monthly_ids) THEN sms.score 
                ELSE NULL 
            END), 0) +
            IFNULL(AVG(CASE 
                WHEN ses.semester_id = 1 THEN sss.score 
                ELSE NULL 
            END), 0)
        ) / 2, 2) AS semester1_final_avg,
        -- Final Semester 2 Average
        ROUND((
            IFNULL(AVG(CASE 
                WHEN FIND_IN_SET(csms.monthly_id, ses2.monthly_ids) THEN sms.score 
                ELSE NULL 
            END), 0) +
            IFNULL(AVG(CASE 
                WHEN ses.semester_id = 2 THEN sss.score 
                ELSE NULL 
            END), 0)
        ) / 2, 2) AS semester2_final_avg,
        -- Yearly Average
        ROUND((
            (
                IFNULL(AVG(CASE 
                    WHEN FIND_IN_SET(csms.monthly_id, ses1.monthly_ids) THEN sms.score 
                    ELSE NULL 
                END), 0) +
                IFNULL(AVG(CASE 
                    WHEN ses.semester_id = 1 THEN sss.score 
                    ELSE NULL 
                END), 0)
            ) / 2 +
            (
                IFNULL(AVG(CASE 
                    WHEN FIND_IN_SET(csms.monthly_id, ses2.monthly_ids) THEN sms.score 
                    ELSE NULL 
                END), 0) +
                IFNULL(AVG(CASE 
                    WHEN ses.semester_id = 2 THEN sss.score 
                    ELSE NULL 
                END), 0)
            ) / 2
        ) / 2, 2) AS yearly_avg
    FROM 
        tbl_student_info s
        JOIN tbl_study st ON s.student_id = st.student_id
        JOIN tbl_classroom c ON st.class_id = c.class_id
        LEFT JOIN tbl_student_monthly_score sms ON s.student_id = sms.student_id
        LEFT JOIN classroom_subject_monthly_score csms ON sms.classroom_subject_monthly_score_id = csms.classroom_subject_monthly_score_id
        LEFT JOIN tbl_student_semester_score sss ON s.student_id = sss.student_id
        LEFT JOIN tbl_semester_exam_subjects ses ON sss.semester_exam_subject_id = ses.id
        LEFT JOIN tbl_semester_exam_subjects ses1 ON ses1.class_id = c.class_id AND ses1.semester_id = 1
        LEFT JOIN tbl_semester_exam_subjects ses2 ON ses2.class_id = c.class_id AND ses2.semester_id = 2
    WHERE 
        c.class_id = p_class_id
        AND st.status = 'active'
        AND s.isDeleted = 0
        AND st.isDeleted = 0
        AND (sms.isDeleted = 0 OR sms.isDeleted IS NULL)
        AND (csms.isDeleted = 0 OR csms.isDeleted IS NULL)
        AND (sss.isDeleted = 0 OR sss.isDeleted IS NULL)
    GROUP BY 
        s.student_id, s.student_name, c.class_id, c.class_name;
END */$$
DELIMITER ;

/*Table structure for table `view_final_semester_averages` */

DROP TABLE IF EXISTS `view_final_semester_averages`;

/*!50001 DROP VIEW IF EXISTS `view_final_semester_averages` */;
/*!50001 DROP TABLE IF EXISTS `view_final_semester_averages` */;

/*!50001 CREATE TABLE  `view_final_semester_averages`(
 `student_id` int(10) unsigned ,
 `student_name` varchar(255) ,
 `gender` varchar(255) ,
 `semester_id` int(10) unsigned ,
 `semester_name` varchar(255) ,
 `class_id` int(10) unsigned ,
 `class_name` varchar(255) ,
 `grade_name` varchar(255) ,
 `subject_code` int(10) unsigned ,
 `subject_name` varchar(255) ,
 `subject_score` float ,
 `year_study_id` int(10) unsigned ,
 `year_study` varchar(255) ,
 `monthly_average` double ,
 `semester_exam_average` double ,
 `final_semester_average` double(19,2) ,
 `yearly_average` double(19,2) 
)*/;

/*Table structure for table `view_student_monthly_rankings` */

DROP TABLE IF EXISTS `view_student_monthly_rankings`;

/*!50001 DROP VIEW IF EXISTS `view_student_monthly_rankings` */;
/*!50001 DROP TABLE IF EXISTS `view_student_monthly_rankings` */;

/*!50001 CREATE TABLE  `view_student_monthly_rankings`(
 `student_id` int(10) unsigned ,
 `student_name` varchar(255) ,
 `class_id` int(10) unsigned ,
 `class_name` varchar(255) ,
 `monthly_id` int(10) unsigned ,
 `month_name` varchar(255) ,
 `subjects_count` bigint(21) ,
 `total_score` double ,
 `average_score` double ,
 `rank_in_class` bigint(21) ,
 `class_size` bigint(21) 
)*/;

/*Table structure for table `view_student_monthly_score_report` */

DROP TABLE IF EXISTS `view_student_monthly_score_report`;

/*!50001 DROP VIEW IF EXISTS `view_student_monthly_score_report` */;
/*!50001 DROP TABLE IF EXISTS `view_student_monthly_score_report` */;

/*!50001 CREATE TABLE  `view_student_monthly_score_report`(
 `student_id` int(10) unsigned ,
 `student_name` varchar(255) ,
 `gender` varchar(255) ,
 `class_id` int(10) unsigned ,
 `class_name` varchar(255) ,
 `monthly_id` int(10) unsigned ,
 `month_name` varchar(255) ,
 `subject_code` int(10) unsigned ,
 `subject_name` varchar(255) ,
 `score` float ,
 `isDeleted` int(2) ,
 `year_study_id` int(10) unsigned ,
 `year_study` varchar(255) 
)*/;

/*Table structure for table `view_student_monthly_score_summary` */

DROP TABLE IF EXISTS `view_student_monthly_score_summary`;

/*!50001 DROP VIEW IF EXISTS `view_student_monthly_score_summary` */;
/*!50001 DROP TABLE IF EXISTS `view_student_monthly_score_summary` */;

/*!50001 CREATE TABLE  `view_student_monthly_score_summary`(
 `student_id` int(10) unsigned ,
 `student_name` varchar(255) ,
 `class_id` int(10) unsigned ,
 `class_name` varchar(255) ,
 `monthly_id` int(10) unsigned ,
 `month_name` varchar(255) ,
 `subjects_count` bigint(21) ,
 `total_score` double ,
 `avg_score` double ,
 `rank_in_class` bigint(21) 
)*/;

/*Table structure for table `view_student_monthly_summary` */

DROP TABLE IF EXISTS `view_student_monthly_summary`;

/*!50001 DROP VIEW IF EXISTS `view_student_monthly_summary` */;
/*!50001 DROP TABLE IF EXISTS `view_student_monthly_summary` */;

/*!50001 CREATE TABLE  `view_student_monthly_summary`(
 `student_id` int(10) unsigned ,
 `student_name` varchar(255) ,
 `class_id` int(10) unsigned ,
 `class_name` varchar(255) ,
 `monthly_id` int(10) unsigned ,
 `month_name` varchar(255) ,
 `subjects_count` bigint(21) ,
 `total_score` double ,
 `average_score` double 
)*/;

/*Table structure for table `view_student_semester_report` */

DROP TABLE IF EXISTS `view_student_semester_report`;

/*!50001 DROP VIEW IF EXISTS `view_student_semester_report` */;
/*!50001 DROP TABLE IF EXISTS `view_student_semester_report` */;

/*!50001 CREATE TABLE  `view_student_semester_report`(
 `student_id` int(10) unsigned ,
 `student_name` varchar(255) ,
 `gender` varchar(255) ,
 `class_id` int(10) unsigned ,
 `class_name` varchar(255) ,
 `grade_id` int(11) ,
 `grade_name` varchar(255) ,
 `semester_id` int(10) unsigned ,
 `semester_name` varchar(255) ,
 `subject_code` int(10) unsigned ,
 `subject_name` varchar(255) ,
 `subject_score` float ,
 `year_study_id` int(10) unsigned ,
 `year_study` varchar(255) ,
 `monthly_average` double ,
 `semester_exam_average` double ,
 `final_semester_average` double 
)*/;

/*Table structure for table `view_student_semester_score_report` */

DROP TABLE IF EXISTS `view_student_semester_score_report`;

/*!50001 DROP VIEW IF EXISTS `view_student_semester_score_report` */;
/*!50001 DROP TABLE IF EXISTS `view_student_semester_score_report` */;

/*!50001 CREATE TABLE  `view_student_semester_score_report`(
 `student_id` int(10) unsigned ,
 `student_name` varchar(255) ,
 `gender` varchar(255) ,
 `class_id` int(10) unsigned ,
 `class_name` varchar(255) ,
 `semester_id` int(10) unsigned ,
 `semester_name` varchar(255) ,
 `subject_code` int(10) unsigned ,
 `subject_name` varchar(255) ,
 `score` float ,
 `isDeleted` int(2) 
)*/;

/*Table structure for table `vstudentmonthlyscorereport` */

DROP TABLE IF EXISTS `vstudentmonthlyscorereport`;

/*!50001 DROP VIEW IF EXISTS `vstudentmonthlyscorereport` */;
/*!50001 DROP TABLE IF EXISTS `vstudentmonthlyscorereport` */;

/*!50001 CREATE TABLE  `vstudentmonthlyscorereport`(
 `student_id` int(10) unsigned ,
 `student_name` varchar(255) ,
 `class_id` int(10) unsigned ,
 `class_name` varchar(255) ,
 `monthly_id` int(10) unsigned ,
 `month_name` varchar(255) ,
 `subject_scores` mediumtext 
)*/;

/*Table structure for table `vstudentmonthlyscorereportv2` */

DROP TABLE IF EXISTS `vstudentmonthlyscorereportv2`;

/*!50001 DROP VIEW IF EXISTS `vstudentmonthlyscorereportv2` */;
/*!50001 DROP TABLE IF EXISTS `vstudentmonthlyscorereportv2` */;

/*!50001 CREATE TABLE  `vstudentmonthlyscorereportv2`(
 `student_id` int(10) unsigned ,
 `student_name` varchar(255) ,
 `class_id` int(10) unsigned ,
 `class_name` varchar(255) ,
 `monthly_id` int(10) unsigned ,
 `month_name` varchar(255) ,
 `subject_code` int(10) unsigned ,
 `subject_name` varchar(255) ,
 `score` float 
)*/;

/*Table structure for table `vw_student_first_semester_final_avg` */

DROP TABLE IF EXISTS `vw_student_first_semester_final_avg`;

/*!50001 DROP VIEW IF EXISTS `vw_student_first_semester_final_avg` */;
/*!50001 DROP TABLE IF EXISTS `vw_student_first_semester_final_avg` */;

/*!50001 CREATE TABLE  `vw_student_first_semester_final_avg`(
 `student_id` int(10) unsigned ,
 `student_name` varchar(255) ,
 `class_id` int(10) unsigned ,
 `class_name` varchar(255) ,
 `grade_id` int(11) ,
 `grade_name` varchar(255) ,
 `monthly_average` double ,
 `semester_exam_average` double ,
 `final_semester_average` double 
)*/;

/*Table structure for table `vw_student_semester_scores_with_averages` */

DROP TABLE IF EXISTS `vw_student_semester_scores_with_averages`;

/*!50001 DROP VIEW IF EXISTS `vw_student_semester_scores_with_averages` */;
/*!50001 DROP TABLE IF EXISTS `vw_student_semester_scores_with_averages` */;

/*!50001 CREATE TABLE  `vw_student_semester_scores_with_averages`(
 `student_id` int(10) unsigned ,
 `student_name` varchar(255) ,
 `class_id` int(10) unsigned ,
 `class_name` varchar(255) ,
 `grade_name` varchar(255) ,
 `semester_id` int(10) unsigned ,
 `semester_name` varchar(255) ,
 `subject_name` varchar(255) ,
 `subject_code` int(10) unsigned ,
 `assign_subject_grade_id` int(10) unsigned ,
 `student_semester_score_id` decimal(10,0) ,
 `score` float ,
 `create_date` timestamp ,
 `semester1_avg` double ,
 `semester2_avg` double ,
 `yearly_avg` double(19,2) 
)*/;

/*Table structure for table `vw_top_monthly_rankings` */

DROP TABLE IF EXISTS `vw_top_monthly_rankings`;

/*!50001 DROP VIEW IF EXISTS `vw_top_monthly_rankings` */;
/*!50001 DROP TABLE IF EXISTS `vw_top_monthly_rankings` */;

/*!50001 CREATE TABLE  `vw_top_monthly_rankings`(
 `student_id` int(10) unsigned ,
 `student_name` varchar(255) ,
 `gender` varchar(255) ,
 `class_id` int(10) unsigned ,
 `class_name` varchar(255) ,
 `monthly_id` int(10) unsigned ,
 `month_name` varchar(255) ,
 `year_study_id` int(10) unsigned ,
 `year_study` varchar(255) ,
 `monthly_avg` double(19,2) ,
 `monthly_rank` bigint(21) 
)*/;

/*Table structure for table `vw_top_semester_rankings` */

DROP TABLE IF EXISTS `vw_top_semester_rankings`;

/*!50001 DROP VIEW IF EXISTS `vw_top_semester_rankings` */;
/*!50001 DROP TABLE IF EXISTS `vw_top_semester_rankings` */;

/*!50001 CREATE TABLE  `vw_top_semester_rankings`(
 `student_id` int(10) unsigned ,
 `student_name` varchar(255) ,
 `gender` varchar(255) ,
 `class_id` int(10) unsigned ,
 `class_name` varchar(255) ,
 `semester_id` int(10) unsigned ,
 `semester_name` varchar(255) ,
 `year_study_id` int(10) unsigned ,
 `year_study` varchar(255) ,
 `semester_avg` double(19,2) ,
 `semester_rank` bigint(21) 
)*/;

/*Table structure for table `vw_top_yearly_rankings` */

DROP TABLE IF EXISTS `vw_top_yearly_rankings`;

/*!50001 DROP VIEW IF EXISTS `vw_top_yearly_rankings` */;
/*!50001 DROP TABLE IF EXISTS `vw_top_yearly_rankings` */;

/*!50001 CREATE TABLE  `vw_top_yearly_rankings`(
 `student_id` int(10) unsigned ,
 `student_name` varchar(255) ,
 `gender` varchar(255) ,
 `dob` date ,
 `class_id` int(10) unsigned ,
 `class_name` varchar(255) ,
 `grade_id` int(11) ,
 `grade_name` varchar(255) ,
 `year_study_id` int(10) unsigned ,
 `year_study` varchar(255) ,
 `yearly_avg` double(19,2) ,
 `yearly_rank` bigint(21) 
)*/;

/*View structure for view view_final_semester_averages */

/*!50001 DROP TABLE IF EXISTS `view_final_semester_averages` */;
/*!50001 DROP VIEW IF EXISTS `view_final_semester_averages` */;

/*!50001 CREATE ALGORITHM=UNDEFINED DEFINER=`root`@`localhost` SQL SECURITY DEFINER VIEW `view_final_semester_averages` AS select `si`.`student_id` AS `student_id`,`si`.`student_name` AS `student_name`,`si`.`gender` AS `gender`,`sem`.`semester_id` AS `semester_id`,`sem`.`semester_name` AS `semester_name`,`c`.`class_id` AS `class_id`,`c`.`class_name` AS `class_name`,`g`.`grade_name` AS `grade_name`,`sub`.`subject_code` AS `subject_code`,`sub`.`subject_name` AS `subject_name`,`sss`.`score` AS `subject_score`,`ys`.`year_study_id` AS `year_study_id`,`ys`.`year_study` AS `year_study`,(select avg(`sms`.`score`) from ((`tbl_student_monthly_score` `sms` join `classroom_subject_monthly_score` `csms` on(`sms`.`classroom_subject_monthly_score_id` = `csms`.`classroom_subject_monthly_score_id`)) join `tbl_semester_exam_subjects` `ses2` on(`csms`.`class_id` = `ses2`.`class_id` and `ses2`.`assign_subject_grade_id` = `asg`.`assign_subject_grade_id`)) where `sms`.`student_id` = `si`.`student_id` and find_in_set(`csms`.`monthly_id`,`ses2`.`monthly_ids`) and `ses2`.`semester_id` = `sem`.`semester_id` and `sms`.`isDeleted` = 0 and `ses2`.`isDeleted` = 0) AS `monthly_average`,(select avg(`sss2`.`score`) from (`tbl_student_semester_score` `sss2` join `tbl_semester_exam_subjects` `ses2` on(`sss2`.`semester_exam_subject_id` = `ses2`.`id`)) where `sss2`.`student_id` = `si`.`student_id` and `ses2`.`semester_id` = `sem`.`semester_id` and `ses2`.`class_id` = `c`.`class_id` and `sss2`.`isDeleted` = 0 and `ses2`.`isDeleted` = 0) AS `semester_exam_average`,round((ifnull((select avg(`sms`.`score`) from ((`tbl_student_monthly_score` `sms` join `classroom_subject_monthly_score` `csms` on(`sms`.`classroom_subject_monthly_score_id` = `csms`.`classroom_subject_monthly_score_id`)) join `tbl_semester_exam_subjects` `ses2` on(`csms`.`class_id` = `ses2`.`class_id` and `ses2`.`assign_subject_grade_id` = `asg`.`assign_subject_grade_id`)) where `sms`.`student_id` = `si`.`student_id` and find_in_set(`csms`.`monthly_id`,`ses2`.`monthly_ids`) and `ses2`.`semester_id` = `sem`.`semester_id` and `sms`.`isDeleted` = 0 and `ses2`.`isDeleted` = 0),0) + ifnull((select avg(`sss2`.`score`) from (`tbl_student_semester_score` `sss2` join `tbl_semester_exam_subjects` `ses2` on(`sss2`.`semester_exam_subject_id` = `ses2`.`id`)) where `sss2`.`student_id` = `si`.`student_id` and `ses2`.`semester_id` = `sem`.`semester_id` and `ses2`.`class_id` = `c`.`class_id` and `sss2`.`isDeleted` = 0 and `ses2`.`isDeleted` = 0),0)) / 2,2) AS `final_semester_average`,round(((ifnull((select avg(`sms`.`score`) from ((`tbl_student_monthly_score` `sms` join `classroom_subject_monthly_score` `csms` on(`sms`.`classroom_subject_monthly_score_id` = `csms`.`classroom_subject_monthly_score_id`)) join `tbl_semester_exam_subjects` `ses2` on(`csms`.`class_id` = `ses2`.`class_id` and `ses2`.`assign_subject_grade_id` = `asg`.`assign_subject_grade_id`)) where `sms`.`student_id` = `si`.`student_id` and find_in_set(`csms`.`monthly_id`,`ses2`.`monthly_ids`) and `ses2`.`semester_id` = 1 and `sms`.`isDeleted` = 0 and `ses2`.`isDeleted` = 0),0) + ifnull((select avg(`sss2`.`score`) from (`tbl_student_semester_score` `sss2` join `tbl_semester_exam_subjects` `ses2` on(`sss2`.`semester_exam_subject_id` = `ses2`.`id`)) where `sss2`.`student_id` = `si`.`student_id` and `ses2`.`semester_id` = 1 and `ses2`.`class_id` = `c`.`class_id` and `sss2`.`isDeleted` = 0 and `ses2`.`isDeleted` = 0),0)) / 2 + (ifnull((select avg(`sms`.`score`) from ((`tbl_student_monthly_score` `sms` join `classroom_subject_monthly_score` `csms` on(`sms`.`classroom_subject_monthly_score_id` = `csms`.`classroom_subject_monthly_score_id`)) join `tbl_semester_exam_subjects` `ses2` on(`csms`.`class_id` = `ses2`.`class_id` and `ses2`.`assign_subject_grade_id` = `asg`.`assign_subject_grade_id`)) where `sms`.`student_id` = `si`.`student_id` and find_in_set(`csms`.`monthly_id`,`ses2`.`monthly_ids`) and `ses2`.`semester_id` = 2 and `sms`.`isDeleted` = 0 and `ses2`.`isDeleted` = 0),0) + ifnull((select avg(`sss2`.`score`) from (`tbl_student_semester_score` `sss2` join `tbl_semester_exam_subjects` `ses2` on(`sss2`.`semester_exam_subject_id` = `ses2`.`id`)) where `sss2`.`student_id` = `si`.`student_id` and `ses2`.`semester_id` = 2 and `ses2`.`class_id` = `c`.`class_id` and `sss2`.`isDeleted` = 0 and `ses2`.`isDeleted` = 0),0)) / 2) / 2,2) AS `yearly_average` from (((((((((`tbl_student_info` `si` join `tbl_student_semester_score` `sss` on(`si`.`student_id` = `sss`.`student_id`)) join `tbl_semester_exam_subjects` `ses` on(`sss`.`semester_exam_subject_id` = `ses`.`id`)) join `tbl_classroom` `c` on(`ses`.`class_id` = `c`.`class_id`)) join `tbl_assign_subject_grade` `asg` on(`ses`.`assign_subject_grade_id` = `asg`.`assign_subject_grade_id`)) join `tbl_subject` `sub` on(`asg`.`subject_code` = `sub`.`subject_code`)) join `tbl_grade` `g` on(`asg`.`grade_id` = `g`.`grade_id`)) join `tbl_semester` `sem` on(`ses`.`semester_id` = `sem`.`semester_id`)) join `tbl_study` `st` on(`si`.`student_id` = `st`.`student_id` and `st`.`status` = 'active' and `st`.`isDeleted` = 0)) join `tbl_year_study` `ys` on(`st`.`year_study_id` = `ys`.`year_study_id`)) where `si`.`isDeleted` = 0 and `c`.`isDeleted` = 0 and `sem`.`isDeleted` = 0 and `asg`.`isDeleted` = 0 and `sss`.`isDeleted` = 0 group by `si`.`student_id`,`sem`.`semester_id`,`c`.`class_id`,`sub`.`subject_code` */;

/*View structure for view view_student_monthly_rankings */

/*!50001 DROP TABLE IF EXISTS `view_student_monthly_rankings` */;
/*!50001 DROP VIEW IF EXISTS `view_student_monthly_rankings` */;

/*!50001 CREATE ALGORITHM=UNDEFINED DEFINER=`root`@`localhost` SQL SECURITY DEFINER VIEW `view_student_monthly_rankings` AS select `s`.`student_id` AS `student_id`,`s`.`student_name` AS `student_name`,`s`.`class_id` AS `class_id`,`s`.`class_name` AS `class_name`,`s`.`monthly_id` AS `monthly_id`,`s`.`month_name` AS `month_name`,`s`.`subjects_count` AS `subjects_count`,`s`.`total_score` AS `total_score`,`s`.`average_score` AS `average_score`,rank() over ( partition by `s`.`class_id`,`s`.`monthly_id` order by `s`.`average_score` desc) AS `rank_in_class`,count(0) over ( partition by `s`.`class_id`,`s`.`monthly_id`) AS `class_size` from `view_student_monthly_summary` `s` */;

/*View structure for view view_student_monthly_score_report */

/*!50001 DROP TABLE IF EXISTS `view_student_monthly_score_report` */;
/*!50001 DROP VIEW IF EXISTS `view_student_monthly_score_report` */;

/*!50001 CREATE ALGORITHM=UNDEFINED DEFINER=`root`@`localhost` SQL SECURITY DEFINER VIEW `view_student_monthly_score_report` AS select `s`.`student_id` AS `student_id`,`s`.`student_name` AS `student_name`,`s`.`gender` AS `gender`,`c`.`class_id` AS `class_id`,`c`.`class_name` AS `class_name`,`m`.`monthly_id` AS `monthly_id`,`m`.`month_name` AS `month_name`,`sub`.`subject_code` AS `subject_code`,`sub`.`subject_name` AS `subject_name`,`sms`.`score` AS `score`,`sms`.`isDeleted` AS `isDeleted`,`ys`.`year_study_id` AS `year_study_id`,`ys`.`year_study` AS `year_study` from ((((((((`tbl_student_info` `s` join `tbl_study` `st` on(`s`.`student_id` = `st`.`student_id` and `st`.`status` = 'active' and `st`.`isDeleted` = 0)) join `tbl_classroom` `c` on(`st`.`class_id` = `c`.`class_id`)) join `tbl_year_study` `ys` on(`st`.`year_study_id` = `ys`.`year_study_id`)) join `classroom_subject_monthly_score` `csms` on(`c`.`class_id` = `csms`.`class_id`)) join `tbl_assign_subject_grade` `asg` on(`csms`.`assign_subject_grade_id` = `asg`.`assign_subject_grade_id`)) join `tbl_subject` `sub` on(`asg`.`subject_code` = `sub`.`subject_code`)) join `tbl_monthly` `m` on(`csms`.`monthly_id` = `m`.`monthly_id`)) left join `tbl_student_monthly_score` `sms` on(`s`.`student_id` = `sms`.`student_id` and `sms`.`classroom_subject_monthly_score_id` = `csms`.`classroom_subject_monthly_score_id` and `sms`.`isDeleted` = 0)) where `s`.`isDeleted` = 0 and `csms`.`isDeleted` = 0 */;

/*View structure for view view_student_monthly_score_summary */

/*!50001 DROP TABLE IF EXISTS `view_student_monthly_score_summary` */;
/*!50001 DROP VIEW IF EXISTS `view_student_monthly_score_summary` */;

/*!50001 CREATE ALGORITHM=UNDEFINED DEFINER=`root`@`localhost` SQL SECURITY DEFINER VIEW `view_student_monthly_score_summary` AS select `sms`.`student_id` AS `student_id`,`si`.`student_name` AS `student_name`,`c`.`class_id` AS `class_id`,`c`.`class_name` AS `class_name`,`m`.`monthly_id` AS `monthly_id`,`m`.`month_name` AS `month_name`,count(distinct `asg`.`assign_subject_grade_id`) AS `subjects_count`,sum(`sms`.`score`) AS `total_score`,avg(`sms`.`score`) AS `avg_score`,rank() over ( partition by `c`.`class_id`,`m`.`monthly_id` order by avg(`sms`.`score`) desc) AS `rank_in_class` from (((((`tbl_student_monthly_score` `sms` join `tbl_student_info` `si` on(`sms`.`student_id` = `si`.`student_id`)) join `classroom_subject_monthly_score` `csms` on(`sms`.`classroom_subject_monthly_score_id` = `csms`.`classroom_subject_monthly_score_id`)) join `tbl_classroom` `c` on(`csms`.`class_id` = `c`.`class_id`)) join `tbl_monthly` `m` on(`csms`.`monthly_id` = `m`.`monthly_id`)) join `tbl_assign_subject_grade` `asg` on(`csms`.`assign_subject_grade_id` = `asg`.`assign_subject_grade_id`)) where `sms`.`isDeleted` = 0 group by `sms`.`student_id`,`si`.`student_name`,`c`.`class_id`,`c`.`class_name`,`m`.`monthly_id`,`m`.`month_name` */;

/*View structure for view view_student_monthly_summary */

/*!50001 DROP TABLE IF EXISTS `view_student_monthly_summary` */;
/*!50001 DROP VIEW IF EXISTS `view_student_monthly_summary` */;

/*!50001 CREATE ALGORITHM=UNDEFINED DEFINER=`root`@`localhost` SQL SECURITY DEFINER VIEW `view_student_monthly_summary` AS select `sms`.`student_id` AS `student_id`,`si`.`student_name` AS `student_name`,`c`.`class_id` AS `class_id`,`c`.`class_name` AS `class_name`,`csms`.`monthly_id` AS `monthly_id`,`m`.`month_name` AS `month_name`,count(distinct `asg`.`assign_subject_grade_id`) AS `subjects_count`,sum(`sms`.`score`) AS `total_score`,avg(`sms`.`score`) AS `average_score` from (((((`tbl_student_monthly_score` `sms` join `tbl_student_info` `si` on(`sms`.`student_id` = `si`.`student_id`)) join `classroom_subject_monthly_score` `csms` on(`sms`.`classroom_subject_monthly_score_id` = `csms`.`classroom_subject_monthly_score_id`)) join `tbl_classroom` `c` on(`csms`.`class_id` = `c`.`class_id`)) join `tbl_monthly` `m` on(`csms`.`monthly_id` = `m`.`monthly_id`)) join `tbl_assign_subject_grade` `asg` on(`csms`.`assign_subject_grade_id` = `asg`.`assign_subject_grade_id`)) where `sms`.`isDeleted` = 0 group by `sms`.`student_id`,`si`.`student_name`,`c`.`class_id`,`c`.`class_name`,`csms`.`monthly_id`,`m`.`month_name` */;

/*View structure for view view_student_semester_report */

/*!50001 DROP TABLE IF EXISTS `view_student_semester_report` */;
/*!50001 DROP VIEW IF EXISTS `view_student_semester_report` */;

/*!50001 CREATE ALGORITHM=UNDEFINED DEFINER=`root`@`localhost` SQL SECURITY DEFINER VIEW `view_student_semester_report` AS select `si`.`student_id` AS `student_id`,`si`.`student_name` AS `student_name`,`si`.`gender` AS `gender`,`c`.`class_id` AS `class_id`,`c`.`class_name` AS `class_name`,`g`.`grade_id` AS `grade_id`,`g`.`grade_name` AS `grade_name`,`sem`.`semester_id` AS `semester_id`,`sem`.`semester_name` AS `semester_name`,`sub`.`subject_code` AS `subject_code`,`sub`.`subject_name` AS `subject_name`,(select `sss2`.`score` from (`tbl_student_semester_score` `sss2` join `tbl_semester_exam_subjects` `ses2` on(`sss2`.`semester_exam_subject_id` = `ses2`.`id`)) where `sss2`.`student_id` = `si`.`student_id` and `ses2`.`semester_id` = `sem`.`semester_id` and `ses2`.`class_id` = `c`.`class_id` and `sss2`.`isDeleted` = 0 and `ses2`.`isDeleted` = 0 and `ses2`.`assign_subject_grade_id` = `asg`.`assign_subject_grade_id` limit 1) AS `subject_score`,`ys`.`year_study_id` AS `year_study_id`,`ys`.`year_study` AS `year_study`,(select avg(`sms`.`score`) from ((`tbl_student_monthly_score` `sms` join `classroom_subject_monthly_score` `csms` on(`sms`.`classroom_subject_monthly_score_id` = `csms`.`classroom_subject_monthly_score_id`)) join `tbl_semester_exam_subjects` `ses2` on(`csms`.`class_id` = `ses2`.`class_id` and `ses2`.`assign_subject_grade_id` = `asg`.`assign_subject_grade_id`)) where `sms`.`student_id` = `si`.`student_id` and find_in_set(`csms`.`monthly_id`,`ses2`.`monthly_ids`) and `ses2`.`semester_id` = `sem`.`semester_id` and `sms`.`isDeleted` = 0 and `ses2`.`isDeleted` = 0) AS `monthly_average`,(select avg(`sss2`.`score`) from (`tbl_student_semester_score` `sss2` join `tbl_semester_exam_subjects` `ses2` on(`sss2`.`semester_exam_subject_id` = `ses2`.`id`)) where `sss2`.`student_id` = `si`.`student_id` and `ses2`.`semester_id` = `sem`.`semester_id` and `ses2`.`class_id` = `c`.`class_id` and `sss2`.`isDeleted` = 0 and `ses2`.`isDeleted` = 0) AS `semester_exam_average`,(ifnull((select avg(`sms`.`score`) from ((`tbl_student_monthly_score` `sms` join `classroom_subject_monthly_score` `csms` on(`sms`.`classroom_subject_monthly_score_id` = `csms`.`classroom_subject_monthly_score_id`)) join `tbl_semester_exam_subjects` `ses2` on(`csms`.`class_id` = `ses2`.`class_id` and `ses2`.`assign_subject_grade_id` = `asg`.`assign_subject_grade_id`)) where `sms`.`student_id` = `si`.`student_id` and find_in_set(`csms`.`monthly_id`,`ses2`.`monthly_ids`) and `ses2`.`semester_id` = `sem`.`semester_id` and `sms`.`isDeleted` = 0 and `ses2`.`isDeleted` = 0),0) + ifnull((select avg(`sss2`.`score`) from (`tbl_student_semester_score` `sss2` join `tbl_semester_exam_subjects` `ses2` on(`sss2`.`semester_exam_subject_id` = `ses2`.`id`)) where `sss2`.`student_id` = `si`.`student_id` and `ses2`.`semester_id` = `sem`.`semester_id` and `ses2`.`class_id` = `c`.`class_id` and `sss2`.`isDeleted` = 0 and `ses2`.`isDeleted` = 0),0)) / 2 AS `final_semester_average` from (((((((((`tbl_student_semester_score` `sss` join `tbl_student_info` `si` on(`sss`.`student_id` = `si`.`student_id`)) join `tbl_semester_exam_subjects` `ses` on(`sss`.`semester_exam_subject_id` = `ses`.`id`)) join `tbl_classroom` `c` on(`ses`.`class_id` = `c`.`class_id`)) join `tbl_assign_subject_grade` `asg` on(`ses`.`assign_subject_grade_id` = `asg`.`assign_subject_grade_id`)) join `tbl_subject` `sub` on(`asg`.`subject_code` = `sub`.`subject_code`)) join `tbl_grade` `g` on(`asg`.`grade_id` = `g`.`grade_id`)) join `tbl_semester` `sem` on(`ses`.`semester_id` = `sem`.`semester_id`)) join `tbl_study` `st` on(`si`.`student_id` = `st`.`student_id` and `st`.`class_id` = `c`.`class_id` and `st`.`status` = 'active' and `st`.`isDeleted` = 0)) join `tbl_year_study` `ys` on(`st`.`year_study_id` = `ys`.`year_study_id`)) where `sss`.`isDeleted` = 0 and `si`.`isDeleted` = 0 and `c`.`isDeleted` = 0 and `sem`.`isDeleted` = 0 and `asg`.`isDeleted` = 0 group by `si`.`student_id`,`c`.`class_id`,`sem`.`semester_id`,`sub`.`subject_code`,`ys`.`year_study_id` */;

/*View structure for view view_student_semester_score_report */

/*!50001 DROP TABLE IF EXISTS `view_student_semester_score_report` */;
/*!50001 DROP VIEW IF EXISTS `view_student_semester_score_report` */;

/*!50001 CREATE ALGORITHM=UNDEFINED DEFINER=`root`@`localhost` SQL SECURITY DEFINER VIEW `view_student_semester_score_report` AS select `s`.`student_id` AS `student_id`,`s`.`student_name` AS `student_name`,`s`.`gender` AS `gender`,`c`.`class_id` AS `class_id`,`c`.`class_name` AS `class_name`,`se`.`semester_id` AS `semester_id`,`se`.`semester_name` AS `semester_name`,`sub`.`subject_code` AS `subject_code`,`sub`.`subject_name` AS `subject_name`,`sss`.`score` AS `score`,`sss`.`isDeleted` AS `isDeleted` from (((((((`tbl_student_info` `s` join `tbl_study` `st` on(`s`.`student_id` = `st`.`student_id` and `st`.`status` = 'active' and `st`.`isDeleted` = 0)) join `tbl_classroom` `c` on(`st`.`class_id` = `c`.`class_id`)) join `tbl_semester_exam_subjects` `ses` on(`c`.`class_id` = `ses`.`class_id`)) join `tbl_assign_subject_grade` `asg` on(`ses`.`assign_subject_grade_id` = `asg`.`assign_subject_grade_id`)) join `tbl_subject` `sub` on(`asg`.`subject_code` = `sub`.`subject_code`)) join `tbl_semester` `se` on(`ses`.`semester_id` = `se`.`semester_id`)) left join `tbl_student_semester_score` `sss` on(`s`.`student_id` = `sss`.`student_id` and `sss`.`semester_exam_subject_id` = `ses`.`id` and `sss`.`isDeleted` = 0)) where `s`.`isDeleted` = 0 and `ses`.`isDeleted` = 0 */;

/*View structure for view vstudentmonthlyscorereport */

/*!50001 DROP TABLE IF EXISTS `vstudentmonthlyscorereport` */;
/*!50001 DROP VIEW IF EXISTS `vstudentmonthlyscorereport` */;

/*!50001 CREATE ALGORITHM=UNDEFINED DEFINER=`root`@`localhost` SQL SECURITY DEFINER VIEW `vstudentmonthlyscorereport` AS select `si`.`student_id` AS `student_id`,`si`.`student_name` AS `student_name`,`c`.`class_id` AS `class_id`,`c`.`class_name` AS `class_name`,`m`.`monthly_id` AS `monthly_id`,`m`.`month_name` AS `month_name`,group_concat(concat(`sub`.`subject_name`,': ',`sms`.`score`) order by `sub`.`subject_name` ASC separator ', ') AS `subject_scores` from (((((((`tbl_student_info` `si` join `tbl_study` `st` on(`si`.`student_id` = `st`.`student_id` and `st`.`status` = 'active' and `st`.`isDeleted` = 0)) join `tbl_classroom` `c` on(`st`.`class_id` = `c`.`class_id`)) join `tbl_student_monthly_score` `sms` on(`si`.`student_id` = `sms`.`student_id`)) join `classroom_subject_monthly_score` `csms` on(`sms`.`classroom_subject_monthly_score_id` = `csms`.`classroom_subject_monthly_score_id`)) join `tbl_monthly` `m` on(`csms`.`monthly_id` = `m`.`monthly_id`)) join `tbl_assign_subject_grade` `asg` on(`csms`.`assign_subject_grade_id` = `asg`.`assign_subject_grade_id`)) join `tbl_subject` `sub` on(`asg`.`subject_code` = `sub`.`subject_code`)) where `si`.`isDeleted` = 0 and `sms`.`isDeleted` = 0 group by `si`.`student_id`,`si`.`student_name`,`c`.`class_id`,`c`.`class_name`,`m`.`monthly_id`,`m`.`month_name` order by `si`.`student_name`,`m`.`monthly_id` */;

/*View structure for view vstudentmonthlyscorereportv2 */

/*!50001 DROP TABLE IF EXISTS `vstudentmonthlyscorereportv2` */;
/*!50001 DROP VIEW IF EXISTS `vstudentmonthlyscorereportv2` */;

/*!50001 CREATE ALGORITHM=UNDEFINED DEFINER=`root`@`localhost` SQL SECURITY DEFINER VIEW `vstudentmonthlyscorereportv2` AS select `si`.`student_id` AS `student_id`,`si`.`student_name` AS `student_name`,`c`.`class_id` AS `class_id`,`c`.`class_name` AS `class_name`,`m`.`monthly_id` AS `monthly_id`,`m`.`month_name` AS `month_name`,`sub`.`subject_code` AS `subject_code`,`sub`.`subject_name` AS `subject_name`,coalesce(`sms`.`score`,NULL) AS `score` from (((((((`tbl_student_info` `si` join `tbl_study` `st` on(`si`.`student_id` = `st`.`student_id` and `st`.`status` = 'active' and `st`.`isDeleted` = 0)) join `tbl_classroom` `c` on(`st`.`class_id` = `c`.`class_id`)) join `classroom_subject_monthly_score` `csms` on(`c`.`class_id` = `csms`.`class_id`)) join `tbl_monthly` `m` on(`csms`.`monthly_id` = `m`.`monthly_id`)) join `tbl_assign_subject_grade` `asg` on(`csms`.`assign_subject_grade_id` = `asg`.`assign_subject_grade_id`)) join `tbl_subject` `sub` on(`asg`.`subject_code` = `sub`.`subject_code`)) left join `tbl_student_monthly_score` `sms` on(`si`.`student_id` = `sms`.`student_id` and `sms`.`classroom_subject_monthly_score_id` = `csms`.`classroom_subject_monthly_score_id`)) where `si`.`isDeleted` = 0 and `csms`.`isDeleted` = 0 order by `si`.`student_name`,`m`.`monthly_id`,`sub`.`subject_name` */;

/*View structure for view vw_student_first_semester_final_avg */

/*!50001 DROP TABLE IF EXISTS `vw_student_first_semester_final_avg` */;
/*!50001 DROP VIEW IF EXISTS `vw_student_first_semester_final_avg` */;

/*!50001 CREATE ALGORITHM=UNDEFINED DEFINER=`root`@`localhost` SQL SECURITY DEFINER VIEW `vw_student_first_semester_final_avg` AS select `view_student_semester_report`.`student_id` AS `student_id`,`view_student_semester_report`.`student_name` AS `student_name`,`view_student_semester_report`.`class_id` AS `class_id`,`view_student_semester_report`.`class_name` AS `class_name`,`view_student_semester_report`.`grade_id` AS `grade_id`,`view_student_semester_report`.`grade_name` AS `grade_name`,`view_student_semester_report`.`monthly_average` AS `monthly_average`,`view_student_semester_report`.`semester_exam_average` AS `semester_exam_average`,`view_student_semester_report`.`final_semester_average` AS `final_semester_average` from `view_student_semester_report` where `view_student_semester_report`.`semester_id` = 1 */;

/*View structure for view vw_student_semester_scores_with_averages */

/*!50001 DROP TABLE IF EXISTS `vw_student_semester_scores_with_averages` */;
/*!50001 DROP VIEW IF EXISTS `vw_student_semester_scores_with_averages` */;

/*!50001 CREATE ALGORITHM=UNDEFINED DEFINER=`root`@`localhost` SQL SECURITY DEFINER VIEW `vw_student_semester_scores_with_averages` AS select `s`.`student_id` AS `student_id`,`s`.`student_name` AS `student_name`,`c`.`class_id` AS `class_id`,`c`.`class_name` AS `class_name`,`g`.`grade_name` AS `grade_name`,`sem`.`semester_id` AS `semester_id`,`sem`.`semester_name` AS `semester_name`,`sub`.`subject_name` AS `subject_name`,`sub`.`subject_code` AS `subject_code`,`asg`.`assign_subject_grade_id` AS `assign_subject_grade_id`,coalesce(`sss`.`student_semester_score_id`,NULL) AS `student_semester_score_id`,coalesce(`sss`.`score`,NULL) AS `score`,`sss`.`create_date` AS `create_date`,(select avg(`sss1`.`score`) from (`tbl_student_semester_score` `sss1` join `tbl_semester_exam_subjects` `ses1` on(`sss1`.`semester_exam_subject_id` = `ses1`.`id`)) where `sss1`.`student_id` = `s`.`student_id` and `ses1`.`semester_id` = 1 and `ses1`.`class_id` = `c`.`class_id` and `sss1`.`isDeleted` = 0 and `ses1`.`isDeleted` = 0) AS `semester1_avg`,(select avg(`sss2`.`score`) from (`tbl_student_semester_score` `sss2` join `tbl_semester_exam_subjects` `ses2` on(`sss2`.`semester_exam_subject_id` = `ses2`.`id`)) where `sss2`.`student_id` = `s`.`student_id` and `ses2`.`semester_id` = 2 and `ses2`.`class_id` = `c`.`class_id` and `sss2`.`isDeleted` = 0 and `ses2`.`isDeleted` = 0) AS `semester2_avg`,(select round((ifnull((select avg(`sss1`.`score`) from (`tbl_student_semester_score` `sss1` join `tbl_semester_exam_subjects` `ses1` on(`sss1`.`semester_exam_subject_id` = `ses1`.`id`)) where `sss1`.`student_id` = `s`.`student_id` and `ses1`.`semester_id` = 1 and `ses1`.`class_id` = `c`.`class_id` and `sss1`.`isDeleted` = 0 and `ses1`.`isDeleted` = 0),0) + ifnull((select avg(`sss2`.`score`) from (`tbl_student_semester_score` `sss2` join `tbl_semester_exam_subjects` `ses2` on(`sss2`.`semester_exam_subject_id` = `ses2`.`id`)) where `sss2`.`student_id` = `s`.`student_id` and `ses2`.`semester_id` = 2 and `ses2`.`class_id` = `c`.`class_id` and `sss2`.`isDeleted` = 0 and `ses2`.`isDeleted` = 0),0)) / 2,2)) AS `yearly_avg` from ((((((((`tbl_student_info` `s` join `tbl_study` `st` on(`s`.`student_id` = `st`.`student_id` and `st`.`status` = 'active' and `st`.`isDeleted` = 0)) join `tbl_classroom` `c` on(`st`.`class_id` = `c`.`class_id`)) join `tbl_grade` `g` on(`c`.`grade_id` = `g`.`grade_id`)) join `tbl_semester_exam_subjects` `ses` on(`c`.`class_id` = `ses`.`class_id` and `ses`.`isDeleted` = 0)) join `tbl_assign_subject_grade` `asg` on(`ses`.`assign_subject_grade_id` = `asg`.`assign_subject_grade_id`)) join `tbl_subject` `sub` on(`asg`.`subject_code` = `sub`.`subject_code`)) join `tbl_semester` `sem` on(`ses`.`semester_id` = `sem`.`semester_id`)) left join `tbl_student_semester_score` `sss` on(`s`.`student_id` = `sss`.`student_id` and `sss`.`semester_exam_subject_id` = `ses`.`id` and `sss`.`isDeleted` = 0)) where `s`.`isDeleted` = 0 order by `s`.`student_name`,`sub`.`subject_name` */;

/*View structure for view vw_top_monthly_rankings */

/*!50001 DROP TABLE IF EXISTS `vw_top_monthly_rankings` */;
/*!50001 DROP VIEW IF EXISTS `vw_top_monthly_rankings` */;

/*!50001 CREATE ALGORITHM=UNDEFINED DEFINER=`root`@`localhost` SQL SECURITY DEFINER VIEW `vw_top_monthly_rankings` AS with MonthlyRankings as (select `s`.`student_id` AS `student_id`,`s`.`student_name` AS `student_name`,`s`.`gender` AS `gender`,`c`.`class_id` AS `class_id`,`c`.`class_name` AS `class_name`,`csms`.`monthly_id` AS `monthly_id`,`m`.`month_name` AS `month_name`,`ys`.`year_study_id` AS `year_study_id`,`ys`.`year_study` AS `year_study`,round(avg(`sms`.`score`),2) AS `monthly_avg`,row_number() over ( partition by `c`.`class_id`,`csms`.`monthly_id`,`ys`.`year_study_id` order by avg(`sms`.`score`) desc) AS `monthly_rank` from ((((((`tbl_student_info` `s` join `tbl_study` `st` on(`s`.`student_id` = `st`.`student_id`)) join `tbl_classroom` `c` on(`st`.`class_id` = `c`.`class_id`)) join `tbl_year_study` `ys` on(`st`.`year_study_id` = `ys`.`year_study_id`)) left join `tbl_student_monthly_score` `sms` on(`s`.`student_id` = `sms`.`student_id`)) left join `classroom_subject_monthly_score` `csms` on(`sms`.`classroom_subject_monthly_score_id` = `csms`.`classroom_subject_monthly_score_id`)) left join `tbl_monthly` `m` on(`csms`.`monthly_id` = `m`.`monthly_id`)) where `st`.`status` = 'active' and `s`.`isDeleted` = 0 and `st`.`isDeleted` = 0 and (`sms`.`isDeleted` = 0 or `sms`.`isDeleted` is null) and (`csms`.`isDeleted` = 0 or `csms`.`isDeleted` is null) group by `s`.`student_id`,`s`.`student_name`,`s`.`gender`,`c`.`class_id`,`c`.`class_name`,`csms`.`monthly_id`,`m`.`month_name`,`ys`.`year_study_id`,`ys`.`year_study`)select `monthlyrankings`.`student_id` AS `student_id`,`monthlyrankings`.`student_name` AS `student_name`,`monthlyrankings`.`gender` AS `gender`,`monthlyrankings`.`class_id` AS `class_id`,`monthlyrankings`.`class_name` AS `class_name`,`monthlyrankings`.`monthly_id` AS `monthly_id`,`monthlyrankings`.`month_name` AS `month_name`,`monthlyrankings`.`year_study_id` AS `year_study_id`,`monthlyrankings`.`year_study` AS `year_study`,`monthlyrankings`.`monthly_avg` AS `monthly_avg`,`monthlyrankings`.`monthly_rank` AS `monthly_rank` from `monthlyrankings` where `monthlyrankings`.`monthly_rank` <= 5 */;

/*View structure for view vw_top_semester_rankings */

/*!50001 DROP TABLE IF EXISTS `vw_top_semester_rankings` */;
/*!50001 DROP VIEW IF EXISTS `vw_top_semester_rankings` */;

/*!50001 CREATE ALGORITHM=UNDEFINED DEFINER=`root`@`localhost` SQL SECURITY DEFINER VIEW `vw_top_semester_rankings` AS with SemesterRankings as (select `s`.`student_id` AS `student_id`,`s`.`student_name` AS `student_name`,`s`.`gender` AS `gender`,`c`.`class_id` AS `class_id`,`c`.`class_name` AS `class_name`,`ses`.`semester_id` AS `semester_id`,`sem`.`semester_name` AS `semester_name`,`ys`.`year_study_id` AS `year_study_id`,`ys`.`year_study` AS `year_study`,round(avg(`sss`.`score`),2) AS `semester_avg`,row_number() over ( partition by `c`.`class_id`,`ses`.`semester_id`,`ys`.`year_study_id` order by avg(`sss`.`score`) desc) AS `semester_rank` from ((((((`tbl_student_info` `s` join `tbl_study` `st` on(`s`.`student_id` = `st`.`student_id`)) join `tbl_classroom` `c` on(`st`.`class_id` = `c`.`class_id`)) join `tbl_year_study` `ys` on(`st`.`year_study_id` = `ys`.`year_study_id`)) left join `tbl_student_semester_score` `sss` on(`s`.`student_id` = `sss`.`student_id`)) left join `tbl_semester_exam_subjects` `ses` on(`sss`.`semester_exam_subject_id` = `ses`.`id`)) left join `tbl_semester` `sem` on(`ses`.`semester_id` = `sem`.`semester_id`)) where `st`.`status` = 'active' and `s`.`isDeleted` = 0 and `st`.`isDeleted` = 0 and (`sss`.`isDeleted` = 0 or `sss`.`isDeleted` is null) group by `s`.`student_id`,`s`.`student_name`,`s`.`gender`,`c`.`class_id`,`c`.`class_name`,`ses`.`semester_id`,`sem`.`semester_name`,`ys`.`year_study_id`,`ys`.`year_study`)select `semesterrankings`.`student_id` AS `student_id`,`semesterrankings`.`student_name` AS `student_name`,`semesterrankings`.`gender` AS `gender`,`semesterrankings`.`class_id` AS `class_id`,`semesterrankings`.`class_name` AS `class_name`,`semesterrankings`.`semester_id` AS `semester_id`,`semesterrankings`.`semester_name` AS `semester_name`,`semesterrankings`.`year_study_id` AS `year_study_id`,`semesterrankings`.`year_study` AS `year_study`,`semesterrankings`.`semester_avg` AS `semester_avg`,`semesterrankings`.`semester_rank` AS `semester_rank` from `semesterrankings` where `semesterrankings`.`semester_rank` <= 5 */;

/*View structure for view vw_top_yearly_rankings */

/*!50001 DROP TABLE IF EXISTS `vw_top_yearly_rankings` */;
/*!50001 DROP VIEW IF EXISTS `vw_top_yearly_rankings` */;

/*!50001 CREATE ALGORITHM=UNDEFINED DEFINER=`root`@`localhost` SQL SECURITY DEFINER VIEW `vw_top_yearly_rankings` AS with StudentRankings as (select `s`.`student_id` AS `student_id`,`s`.`student_name` AS `student_name`,`s`.`gender` AS `gender`,`s`.`dob` AS `dob`,`c`.`class_id` AS `class_id`,`c`.`class_name` AS `class_name`,`g`.`grade_id` AS `grade_id`,`g`.`grade_name` AS `grade_name`,`ys`.`year_study_id` AS `year_study_id`,`ys`.`year_study` AS `year_study`,round(((ifnull(avg(case when find_in_set(`csms`.`monthly_id`,`ses1`.`monthly_ids`) then `sms`.`score` else NULL end),0) + ifnull(avg(case when `ses`.`semester_id` = 1 then `sss`.`score` else NULL end),0)) / 2 + (ifnull(avg(case when find_in_set(`csms`.`monthly_id`,`ses2`.`monthly_ids`) then `sms`.`score` else NULL end),0) + ifnull(avg(case when `ses`.`semester_id` = 2 then `sss`.`score` else NULL end),0)) / 2) / 2,2) AS `yearly_avg`,dense_rank() over ( partition by `c`.`class_id`,`ys`.`year_study_id` order by round(((ifnull(avg(case when find_in_set(`csms`.`monthly_id`,`ses1`.`monthly_ids`) then `sms`.`score` else NULL end),0) + ifnull(avg(case when `ses`.`semester_id` = 1 then `sss`.`score` else NULL end),0)) / 2 + (ifnull(avg(case when find_in_set(`csms`.`monthly_id`,`ses2`.`monthly_ids`) then `sms`.`score` else NULL end),0) + ifnull(avg(case when `ses`.`semester_id` = 2 then `sss`.`score` else NULL end),0)) / 2) / 2,2) desc) AS `yearly_rank` from ((((((((((`tbl_student_info` `s` join `tbl_study` `st` on(`s`.`student_id` = `st`.`student_id`)) join `tbl_classroom` `c` on(`st`.`class_id` = `c`.`class_id`)) join `tbl_grade` `g` on(`c`.`grade_id` = `g`.`grade_id`)) join `tbl_year_study` `ys` on(`st`.`year_study_id` = `ys`.`year_study_id`)) left join `tbl_student_monthly_score` `sms` on(`s`.`student_id` = `sms`.`student_id`)) left join `classroom_subject_monthly_score` `csms` on(`sms`.`classroom_subject_monthly_score_id` = `csms`.`classroom_subject_monthly_score_id`)) left join `tbl_student_semester_score` `sss` on(`s`.`student_id` = `sss`.`student_id`)) left join `tbl_semester_exam_subjects` `ses` on(`sss`.`semester_exam_subject_id` = `ses`.`id`)) left join `tbl_semester_exam_subjects` `ses1` on(`ses1`.`class_id` = `c`.`class_id` and `ses1`.`semester_id` = 1)) left join `tbl_semester_exam_subjects` `ses2` on(`ses2`.`class_id` = `c`.`class_id` and `ses2`.`semester_id` = 2)) where `st`.`status` = 'active' and `s`.`isDeleted` = 0 and `st`.`isDeleted` = 0 and (`sms`.`isDeleted` = 0 or `sms`.`isDeleted` is null) and (`csms`.`isDeleted` = 0 or `csms`.`isDeleted` is null) and (`sss`.`isDeleted` = 0 or `sss`.`isDeleted` is null) group by `s`.`student_id`,`s`.`student_name`,`c`.`class_id`,`c`.`class_name`,`g`.`grade_id`,`g`.`grade_name`,`ys`.`year_study_id`,`ys`.`year_study`)select `studentrankings`.`student_id` AS `student_id`,`studentrankings`.`student_name` AS `student_name`,`studentrankings`.`gender` AS `gender`,`studentrankings`.`dob` AS `dob`,`studentrankings`.`class_id` AS `class_id`,`studentrankings`.`class_name` AS `class_name`,`studentrankings`.`grade_id` AS `grade_id`,`studentrankings`.`grade_name` AS `grade_name`,`studentrankings`.`year_study_id` AS `year_study_id`,`studentrankings`.`year_study` AS `year_study`,`studentrankings`.`yearly_avg` AS `yearly_avg`,`studentrankings`.`yearly_rank` AS `yearly_rank` from `studentrankings` where `studentrankings`.`yearly_rank` <= 5 order by `studentrankings`.`class_id`,`studentrankings`.`year_study_id`,`studentrankings`.`yearly_rank` */;

/*!40101 SET SQL_MODE=@OLD_SQL_MODE */;
/*!40014 SET FOREIGN_KEY_CHECKS=@OLD_FOREIGN_KEY_CHECKS */;
/*!40014 SET UNIQUE_CHECKS=@OLD_UNIQUE_CHECKS */;
/*!40111 SET SQL_NOTES=@OLD_SQL_NOTES */;
